posting_id,skill_name,category
5876869978,ETL,concept
5876869978,Azure,cloud
5876869978,SQL,database
5876869978,R,language
5876869978,Tableau,bi_tool
5876869978,Looker,bi_tool
5876869978,Power BI,bi_tool
5876869978,Python,language
5868794225,Statistics,concept
5898126179,Communication,soft_skill
5867036037,Machine Learning,concept
5898129792,SQL,database
5898129608,SQL,database
5871991896,ETL,concept
5871991896,Spark,big_data
5871991896,Communication,soft_skill
5871991896,GCP,cloud
5883562726,SQL,database
5880953033,Azure,cloud
5880953033,SQL,database
5880953033,Communication,soft_skill
5889219254,ETL,concept
5898128499,Power BI,bi_tool
5898128499,Communication,soft_skill
5870527563,ETL,concept
5870527563,SQL,database
5893930269,Communication,soft_skill
5898128593,SQL,database
5884588405,Power BI,bi_tool
5884588405,Python,language
5884588405,SQL,database
5884588405,Tableau,bi_tool
5867036118,Communication,soft_skill
5889220796,SQL,database
5889220796,Spark,big_data
5889220796,Communication,soft_skill
5889220796,R,language
5889220796,Tableau,bi_tool
5889220796,Power BI,bi_tool
5889220796,Python,language
5868789197,SQL,database
5868789197,Communication,soft_skill
5868789197,Tableau,bi_tool
5868789197,Excel,spreadsheet
5868789197,Power BI,bi_tool
5868789197,Statistics,concept
5876013496,SQL,database
5891694581,SQL,database
5891694581,Snowflake,cloud
5837139892,Python,language
5837139892,Spark,big_data
5867037378,Communication,soft_skill
5898533446,Power BI,bi_tool
5898533446,Communication,soft_skill
5871992907,SQL,database
5871992907,GCP,cloud
5886097875,Statistics,concept
5879663063,Excel,spreadsheet
5899509974,Statistics,concept
5880070282,Communication,soft_skill
5889220778,Communication,soft_skill
5900616370,Excel,spreadsheet
5879664973,Power BI,bi_tool
5900616313,Python,language
5900616313,SQL,database
5899510152,Excel,spreadsheet
5899510152,SQL,database
5899510152,Google Sheets,spreadsheet
5879657384,SQL,database
5879657384,Communication,soft_skill
5869559140,Communication,soft_skill
5899510891,Excel,spreadsheet
5899510891,Google Sheets,spreadsheet
5879667961,Python,language
5879667961,SQL,database
5879667961,R,language
5879667961,Communication,soft_skill
5897296073,ETL,concept
5894225252,Azure,cloud
5894225252,SQL,database
5871992153,Power BI,bi_tool
5871992153,SQL,database
5901133932,Communication,soft_skill
5876871774,Python,language
5876871774,SQL,database
5876871774,Communication,soft_skill
5881763217,Statistics,concept
5898131307,Python,language
5898131307,SQL,database
5898131307,Tableau,bi_tool
5898131307,SAS,language
5864437348,Python,language
5864437348,SQL,database
5870527967,Excel,spreadsheet
5870527967,Power BI,bi_tool
5870527967,Communication,soft_skill
5870527967,VBA,language
5891691076,ETL,concept
5891690070,ETL,concept
5891690335,ETL,concept
5880070268,SQL,database
5896612639,Power BI,bi_tool
5896612639,SQL,database
5896612639,Communication,soft_skill
5896612639,Snowflake,cloud
5900876540,ETL,concept
5900876540,SQL,database
5900876540,Machine Learning,concept
5871993046,ETL,concept
5871993046,SQL,database
5871993046,Spark,big_data
5898262333,Communication,soft_skill
5867263507,SQL,database
5867263507,Spark,big_data
5867263507,AWS,cloud
5867263507,Power BI,bi_tool
5867263507,Python,language
5867263507,Statistics,concept
5898533140,Communication,soft_skill
5867036131,ETL,concept
5867036131,SQL,database
5867036131,Azure,cloud
5897296089,ETL,concept
5897296089,Machine Learning,concept
5889211709,ETL,concept
5889211709,SQL,database
5893930268,ETL,concept
5893930268,SQL,database
5893922605,ETL,concept
5895030957,Azure,cloud
5890612426,ETL,concept
5890612426,Python,language
5890612426,GCP,cloud
5901137667,Azure,cloud
5901137667,Python,language
5901137667,SQL,database
5901137667,Snowflake,cloud
5870527464,ETL,concept
5870527464,SQL,database
5870527464,AWS,cloud
5901134284,SQL,database
5875602757,Excel,spreadsheet
5875419680,ETL,concept
5898126393,ETL,concept
5898126393,Python,language
5896613632,ETL,concept
5896613632,Python,language
5896613632,SQL,database
5896613632,Spark,big_data
5899975699,Communication,soft_skill
5900875768,Communication,soft_skill
5889684901,Azure,cloud
5889684901,SQL,database
5864424975,ETL,concept
5864424975,Azure,cloud
5864424975,SQL,database
5864424975,Communication,soft_skill
5864424975,Snowflake,cloud
5900875783,ETL,concept
5900875783,Azure,cloud
5900875783,Spark,big_data
5900875783,Communication,soft_skill
5846723609,Communication,soft_skill
5864439916,ETL,concept
5819873638,Excel,spreadsheet
5901136961,GCP,cloud
5886092306,Machine Learning,concept
5898533963,Azure,cloud
5898533963,SQL,database
5898533963,GCP,cloud
5898533963,R,language
5898533963,AWS,cloud
5898533963,Python,language
5898533963,Machine Learning,concept
1993882092,Statistics,concept
5868120206,SQL,database
5868120206,Communication,soft_skill
5850375334,ETL,concept
5850375334,SQL,database
5850375334,Tableau,bi_tool
5850375334,Looker,bi_tool
5850375334,Python,language
5850375334,Statistics,concept
5728436260,Communication,soft_skill
5848337096,Communication,soft_skill
5503836577,Python,language
5503836577,SQL,database
5831395731,SQL,database
5831395731,Statistics,concept
5831395731,Tableau,bi_tool
2500155500,Power BI,bi_tool
2500155500,Python,language
2500155500,SQL,database
2500155500,Tableau,bi_tool
4993547435,Python,language
5893825602,SQL,database
2247134476,Python,language
2247134476,SQL,database
5336689191,Power BI,bi_tool
5336689191,Tableau,bi_tool
4855397054,Communication,soft_skill
5727143467,Python,language
5727143467,SQL,database
5832798180,SQL,database
5832798180,Tableau,bi_tool
5832798180,Excel,spreadsheet
5832798180,Power BI,bi_tool
5832798180,Python,language
5832798180,Pandas,library
5832798159,SQL,database
5832798159,Tableau,bi_tool
5832798159,Excel,spreadsheet
5832798159,Power BI,bi_tool
5832798159,Python,language
5832798159,Pandas,library
5832798167,SQL,database
5832798167,Tableau,bi_tool
5832798167,Excel,spreadsheet
5832798167,Power BI,bi_tool
5832798167,Python,language
5832798167,Pandas,library
5832798187,SQL,database
5832798187,Tableau,bi_tool
5832798187,Excel,spreadsheet
5832798187,Power BI,bi_tool
5832798187,Python,language
5832798187,Pandas,library
5832798181,SQL,database
5832798181,Tableau,bi_tool
5832798181,Excel,spreadsheet
5832798181,Power BI,bi_tool
5832798181,Python,language
5832798181,Pandas,library
5832798158,SQL,database
5832798158,Tableau,bi_tool
5832798158,Excel,spreadsheet
5832798158,Power BI,bi_tool
5832798158,Python,language
5832798158,Pandas,library
2449398766,SQL,database
5728445327,Excel,spreadsheet
5728445327,SQL,database
5728445327,Communication,soft_skill
5728445327,Power BI,bi_tool
2890608757,Azure,cloud
2890608757,SQL,database
2890608757,Spark,big_data
4686704927,R,language
4686704927,Communication,soft_skill
5877842241,Excel,spreadsheet
5877842241,Python,language
5877842241,SQL,database
5877842241,R,language
4715697356,Excel,spreadsheet
4715697356,Python,language
4715697356,SQL,database
4715697356,Spark,big_data
5800765376,Excel,spreadsheet
5800765376,Power BI,bi_tool
5800765376,Statistics,concept
5800765376,Tableau,bi_tool
2403881225,Machine Learning,concept
2403881225,Communication,soft_skill
5681009000,SQL,database
5681009000,GCP,cloud
5681009000,NumPy,library
5681009000,Python,language
5681009000,Pandas,library
5857746715,Power BI,bi_tool
5857746715,Tableau,bi_tool
5814494533,Python,language
5814494533,SQL,database
5814494533,Spark,big_data
5768623778,ETL,concept
5768623778,SQL,database
5899555543,Communication,soft_skill
3337906172,Communication,soft_skill
5900348948,Communication,soft_skill
5762286343,Excel,spreadsheet
5762286343,Python,language
5762286343,SQL,database
5762286343,Power BI,bi_tool
1762829126,Google Sheets,spreadsheet
5842590109,Machine Learning,concept
2572832371,Statistics,concept
5831397285,Communication,soft_skill
5574398026,ETL,concept
2853928118,Python,language
2853928118,SQL,database
2853928118,Statistics,concept
5727163751,SQL,database
5727163751,Spark,big_data
5727163751,Snowflake,cloud
5727163751,Tableau,bi_tool
5727163751,Power BI,bi_tool
5850376089,Power BI,bi_tool
5850376089,Communication,soft_skill
5522126592,Spark,big_data
5728267279,Excel,spreadsheet
5728267279,Google Sheets,spreadsheet
5859122688,SQL,database
5859122688,Statistics,concept
5859122647,SQL,database
5859122647,Statistics,concept
5889085236,Power BI,bi_tool
5891404249,ETL,concept
5897176848,Statistics,concept
2830210287,Python,language
2830210287,SQL,database
5861219353,Power BI,bi_tool
5861965986,Power BI,bi_tool
5732584180,ETL,concept
2953661450,SQL,database
2953661450,Communication,soft_skill
2953661450,Tableau,bi_tool
2953661450,Excel,spreadsheet
2953661450,Google Sheets,spreadsheet
2953661450,Power BI,bi_tool
2177266370,Excel,spreadsheet
2177266370,Power BI,bi_tool
2177266370,Tableau,bi_tool
5607196899,Power BI,bi_tool
5607196899,SQL,database
5607196899,Spark,big_data
5607196899,ETL,concept
5520630121,SQL,database
5111436575,ETL,concept
5111436575,Statistics,concept
3679469504,SQL,database
3679469504,Communication,soft_skill
3679469504,R,language
3679469504,Python,language
3679469504,Statistics,concept
3679469504,SAS,language
4988851226,Azure,cloud
4988851226,SQL,database
4988851226,GCP,cloud
4988851226,AWS,cloud
4988851226,Python,language
4547502405,Statistics,concept
2398472037,Excel,spreadsheet
2346068207,Communication,soft_skill
2776008869,Communication,soft_skill
3025811339,ETL,concept
2631733820,Python,language
2631733820,R,language
2631733820,Communication,soft_skill
1171507526,Excel,spreadsheet
1171507526,Python,language
1171507526,SQL,database
1171507526,R,language
1186010488,Python,language
1186010488,SQL,database
1186010488,Communication,soft_skill
4665943640,Google Sheets,spreadsheet
2577819167,SQL,database
2577819167,Communication,soft_skill
2653476396,SQL,database
2653476396,Communication,soft_skill
3189580389,SQL,database
3189580389,Communication,soft_skill
3189580389,Excel,spreadsheet
3189580389,AWS,cloud
3189580389,Power BI,bi_tool
3189580389,Python,language
1422966819,Python,language
1422966819,SQL,database
1422966819,Pandas,library
1422966819,NumPy,library
2821621318,Communication,soft_skill
5604419908,Excel,spreadsheet
5604419908,SQL,database
5604419908,Communication,soft_skill
5211779275,Power BI,bi_tool
5211779275,Python,language
5211779275,SQL,database
5211779275,Tableau,bi_tool
5531896486,Excel,spreadsheet
5531896486,SQL,database
5531896486,Communication,soft_skill
5294954886,Excel,spreadsheet
5294954886,SQL,database
5294954886,Communication,soft_skill
4282822424,Python,language
4282822424,SQL,database
4282822424,Communication,soft_skill
5819884300,Python,language
5819884300,SQL,database
5819884300,GCP,cloud
5831401994,Statistics,concept
5822435697,Communication,soft_skill
5822435697,Statistics,concept
5849135077,Communication,soft_skill
5850376549,Python,language
5850376549,SQL,database
5850376549,Tableau,bi_tool
5782538634,Power BI,bi_tool
5782538634,SQL,database
5839221139,Excel,spreadsheet
5839221139,Tableau,bi_tool
5860541729,Excel,spreadsheet
5860541729,Python,language
5860541729,SQL,database
5860541729,Tableau,bi_tool
5879144086,Excel,spreadsheet
5879144086,Python,language
5879144086,SQL,database
5876480361,Communication,soft_skill
5876480303,Communication,soft_skill
5894639200,SQL,database
5894639200,Communication,soft_skill
5894639200,Tableau,bi_tool
5894639200,Excel,spreadsheet
5894639200,Power BI,bi_tool
5787185965,Communication,soft_skill
5727264729,SQL,database
5727264729,Tableau,bi_tool
5727264729,Power BI,bi_tool
5727264729,Python,language
5727264729,Statistics,concept
5727264729,SAS,language
4686707833,Python,language
4686707833,SQL,database
4686707835,Excel,spreadsheet
4686707835,SQL,database
4686706169,ETL,concept
4686706356,ETL,concept
4686707449,Excel,spreadsheet
5728422548,Excel,spreadsheet
5728422548,Tableau,bi_tool
5728422548,VBA,language
5890717796,GCP,cloud
5870527502,GCP,cloud
5870527502,Snowflake,cloud
5859054156,SQL,database
5876870209,Azure,cloud
5884641256,Python,language
5884641256,SQL,database
5884641256,GCP,cloud
5898126519,ETL,concept
5898126519,SQL,database
5898126519,Spark,big_data
5898126519,Azure,cloud
5876869964,ETL,concept
5876869964,GCP,cloud
5880064440,ETL,concept
5880064440,AWS,cloud
5880064440,Spark,big_data
5880064440,Communication,soft_skill
5892808458,SQL,database
5892808458,Communication,soft_skill
5889347971,SQL,database
4739597153,Excel,spreadsheet
5727816928,Statistics,concept
5886096552,ETL,concept
5886096552,Azure,cloud
5886096552,SQL,database
5886096552,Spark,big_data
5886096552,Python,language
5879658434,ETL,concept
5879658434,Azure,cloud
5879658434,SQL,database
5879658434,Spark,big_data
5879658434,Python,language
5850375378,Statistics,concept
5761791107,Azure,cloud
5761791107,Communication,soft_skill
5257287584,SQL,database
5877283849,Python,language
5877283849,Spark,big_data
5831401587,SQL,database
5899834139,Excel,spreadsheet
5876949352,SQL,database
4386563730,SQL,database
5803805785,Communication,soft_skill
5759043518,Power BI,bi_tool
5759043518,SQL,database
5759043518,Communication,soft_skill
5759043518,Tableau,bi_tool
5861221729,Power BI,bi_tool
5861221729,Python,language
5861221729,SQL,database
5861221729,Looker,bi_tool
5804445148,Communication,soft_skill
4928060322,Power BI,bi_tool
4928060322,SQL,database
5775399105,Power BI,bi_tool
5775399105,SQL,database
5775399105,Communication,soft_skill
5775399105,Tableau,bi_tool
5830641274,Excel,spreadsheet
5830641274,Power BI,bi_tool
5114699182,Communication,soft_skill
3529447917,Excel,spreadsheet
5859122619,Python,language
5859122619,SQL,database
5859122606,Python,language
5859122606,SQL,database
5700497169,Communication,soft_skill
4801449881,Communication,soft_skill
5866927385,Communication,soft_skill
5594451979,SQL,database
5594451979,Communication,soft_skill
5594451979,Snowflake,cloud
5664713683,Communication,soft_skill
5796209691,SQL,database
5796209691,Communication,soft_skill
5796209691,Snowflake,cloud
5854877634,SQL,database
5854877634,Spark,big_data
5854877634,Communication,soft_skill
5857745620,Power BI,bi_tool
5857745620,Python,language
5857745620,SQL,database
5857745620,Communication,soft_skill
5867249928,SQL,database
5867249928,Communication,soft_skill
5867249928,Snowflake,cloud
4441560027,Communication,soft_skill
5634174711,SQL,database
2398472113,SQL,database
5859122691,SQL,database
5859122691,Statistics,concept
5859122632,SQL,database
5859122632,Statistics,concept
5833585588,Communication,soft_skill
5710497456,ETL,concept
5727252233,Communication,soft_skill
5899555688,SQL,database
5887951604,Excel,spreadsheet
5725371745,Communication,soft_skill
5895396642,Communication,soft_skill
5871992655,Communication,soft_skill
5837139257,Communication,soft_skill
5888300179,Communication,soft_skill
5888968494,GCP,cloud
5880952020,Communication,soft_skill
5898127506,Communication,soft_skill
5875602815,Communication,soft_skill
5873073968,Machine Learning,concept
5889679182,SQL,database
5889221059,SQL,database
5889221059,Communication,soft_skill
5889221059,Tableau,bi_tool
5883564043,Communication,soft_skill
5887061515,Machine Learning,concept
5898127468,Excel,spreadsheet
5898127468,Tableau,bi_tool
5876872332,Power BI,bi_tool
5876872332,Communication,soft_skill
5876872322,Communication,soft_skill
5895240199,Communication,soft_skill
5886098783,Communication,soft_skill
5882866389,Azure,cloud
5882866389,Python,language
5882866389,AWS,cloud
5882866389,GCP,cloud
5881760260,Python,language
5891978216,SQL,database
5889214883,ETL,concept
5889214883,Spark,big_data
5898129320,Communication,soft_skill
5865286259,ETL,concept
5865286259,Communication,soft_skill
5879671139,ETL,concept
5879671139,Azure,cloud
5879671139,SQL,database
5879671139,Spark,big_data
5879671139,Python,language
5898533170,ETL,concept
5884159178,Communication,soft_skill
5890612181,Communication,soft_skill
5889684584,Communication,soft_skill
5890613486,ETL,concept
5890613486,SQL,database
5900875756,Azure,cloud
5900875756,SQL,database
5881763446,ETL,concept
5881763446,SQL,database
5881763446,Azure,cloud
5870527089,ETL,concept
5868789143,ETL,concept
5868789143,SQL,database
5889683602,Communication,soft_skill
5886097732,ETL,concept
5891690201,ETL,concept
5891690201,Python,language
5891690201,AWS,cloud
5896612569,Communication,soft_skill
5877457586,AWS,cloud
5895240319,SQL,database
5898128947,ETL,concept
5898128947,Azure,cloud
5898128947,SQL,database
5898128947,Spark,big_data
5898128947,Python,language
5867263614,Communication,soft_skill
5896614104,ETL,concept
5896614104,AWS,cloud
5896614104,Spark,big_data
5889219840,ETL,concept
5889219840,AWS,cloud
5889219840,Spark,big_data
5889223712,ETL,concept
5889223712,AWS,cloud
5889223712,Spark,big_data
5889223712,Communication,soft_skill
5891690064,ETL,concept
5891690064,VBA,language
5891690064,Statistics,concept
5891690064,SAS,language
5879657779,Communication,soft_skill
5869558894,Python,language
5879659464,SQL,database
5896612832,ETL,concept
5896612832,AWS,cloud
5896612832,Spark,big_data
5896612832,Communication,soft_skill
5897308785,Communication,soft_skill
5898069170,Communication,soft_skill
5898069225,Communication,soft_skill
5758364393,Communication,soft_skill
4725867393,Communication,soft_skill
5864435922,Communication,soft_skill
5891690316,Python,language
5891690316,AWS,cloud
5893922561,Python,language
5899975936,Communication,soft_skill
5889222255,Communication,soft_skill
5860532858,Communication,soft_skill
4801532684,Communication,soft_skill
5337950212,SQL,database
3166190744,Communication,soft_skill
5859120974,Communication,soft_skill
3900854302,Communication,soft_skill
5859124842,Communication,soft_skill
2609531597,Communication,soft_skill
5719182260,Communication,soft_skill
5832798246,R,language
5832798246,Communication,soft_skill
5255506980,Communication,soft_skill
5849525633,Communication,soft_skill
2583051695,Communication,soft_skill
5629158866,Communication,soft_skill
5120355680,Excel,spreadsheet
5120355680,Communication,soft_skill
5850378534,Communication,soft_skill
5728332881,Communication,soft_skill
5329708622,Excel,spreadsheet
5329708622,Power BI,bi_tool
5329708622,Communication,soft_skill
5832798190,Communication,soft_skill
5832798160,Communication,soft_skill
5832798189,Communication,soft_skill
5832798146,Communication,soft_skill
5832798154,Communication,soft_skill
5832798168,Communication,soft_skill
5832798175,Communication,soft_skill
5861792577,Communication,soft_skill
4686706474,Communication,soft_skill
5727143893,Communication,soft_skill
5336689187,Excel,spreadsheet
5336689187,SQL,database
5336689187,Power BI,bi_tool
3911379858,Communication,soft_skill
3592404194,SQL,database
3592404194,Communication,soft_skill
5842569972,Communication,soft_skill
5822020256,Communication,soft_skill
4855312747,Communication,soft_skill
5750260075,Communication,soft_skill
5850380679,Communication,soft_skill
5861243168,Communication,soft_skill
5549958855,Communication,soft_skill
5854880424,Communication,soft_skill
5854880420,Communication,soft_skill
5854880417,Communication,soft_skill
5860533598,Machine Learning,concept
5846911659,R,language
5846911659,Communication,soft_skill
4386562594,Communication,soft_skill
4686706698,Communication,soft_skill
5551011286,Communication,soft_skill
5831397290,Communication,soft_skill
5766551671,Communication,soft_skill
5754832051,Communication,soft_skill
5239552785,Communication,soft_skill
5871275629,Communication,soft_skill
4964034326,Communication,soft_skill
2468164053,Communication,soft_skill
5879144121,Communication,soft_skill
5042641487,Excel,spreadsheet
5042641487,SQL,database
5042641487,Statistics,concept
5042641487,Tableau,bi_tool
2330850843,Communication,soft_skill
5211779262,SQL,database
5211779262,Communication,soft_skill
5859117805,SQL,database
5861793633,Power BI,bi_tool
5861793633,SQL,database
5861793633,Tableau,bi_tool
3632177861,Communication,soft_skill
2853928094,Communication,soft_skill
5851865180,Power BI,bi_tool
5851865180,Communication,soft_skill
5851865180,Tableau,bi_tool
5266460273,Communication,soft_skill
4596884484,Communication,soft_skill
5842589806,Communication,soft_skill
5899550146,Communication,soft_skill
2050583377,Communication,soft_skill
5889511359,Excel,spreadsheet
5889511359,Power BI,bi_tool
5889511359,VBA,language
4514376922,SQL,database
4514376922,Communication,soft_skill
4514376922,R,language
4514376922,Excel,spreadsheet
4514376922,Python,language
5487693704,Communication,soft_skill
5804688818,Communication,soft_skill
5842590099,Communication,soft_skill
5848055985,Communication,soft_skill
3651750767,Communication,soft_skill
5869814799,Communication,soft_skill
5730677001,Communication,soft_skill
5015665112,Machine Learning,concept
3452174079,Communication,soft_skill
3798035874,Communication,soft_skill
5486119762,Communication,soft_skill
5727169369,Communication,soft_skill
5836834800,Communication,soft_skill
5803875248,Communication,soft_skill
5812781011,R,language
5890800213,Communication,soft_skill
2792652265,Communication,soft_skill
3512731427,Statistics,concept
5891895070,Communication,soft_skill
5850370950,Communication,soft_skill
5727134296,Communication,soft_skill
1364038142,SQL,database
1364038142,R,language
1364038142,Communication,soft_skill
5868702111,Communication,soft_skill
2635526375,Communication,soft_skill
5871530579,Communication,soft_skill
5815755012,Communication,soft_skill
2325241321,Communication,soft_skill
5861794201,Communication,soft_skill
5888772718,R,language
5891914053,Statistics,concept
5446299092,Statistics,concept
2965122046,Communication,soft_skill
2196097763,Communication,soft_skill
1161744254,Communication,soft_skill
2128686938,Excel,spreadsheet
2138169898,Communication,soft_skill
2985082785,Communication,soft_skill
3916200841,Communication,soft_skill
4836571542,Communication,soft_skill
4514375999,Communication,soft_skill
4514375999,Statistics,concept
4476844070,Communication,soft_skill
4590721777,Communication,soft_skill
4514376112,Excel,spreadsheet
4992020376,Communication,soft_skill
4172911754,Communication,soft_skill
2325244612,Communication,soft_skill
2509164414,Communication,soft_skill
2092426583,Communication,soft_skill
2486354089,Communication,soft_skill
2631733710,Communication,soft_skill
1352025256,Communication,soft_skill
3269975169,Communication,soft_skill
2304187880,Communication,soft_skill
2667255768,Azure,cloud
2667255768,SQL,database
2572832386,Statistics,concept
1301202531,Communication,soft_skill
3949356907,Communication,soft_skill
3775845739,Communication,soft_skill
5329698861,Communication,soft_skill
5324109247,Communication,soft_skill
5731156344,Communication,soft_skill
5820996358,Communication,soft_skill
5831402619,Excel,spreadsheet
5831402619,Communication,soft_skill
5832799305,Excel,spreadsheet
5832799305,SQL,database
5832799305,Statistics,concept
5839225641,Communication,soft_skill
5829200282,Power BI,bi_tool
5841130770,Communication,soft_skill
5850380216,Communication,soft_skill
5839225581,Communication,soft_skill
5897295895,Power BI,bi_tool
5897295895,SQL,database
2449398381,SQL,database
5883754094,SQL,database
5897949512,SQL,database
2817863121,SQL,database
2817863121,Communication,soft_skill
5854846837,SQL,database
5899326437,SQL,database
5492762351,Excel,spreadsheet
5492762351,SQL,database
5492762351,Spark,big_data
5897949485,Python,language
5897949485,SQL,database
5887521034,Power BI,bi_tool
5887521034,SQL,database
5887521034,Communication,soft_skill
5887521034,Tableau,bi_tool
5887521051,Power BI,bi_tool
5887521051,SQL,database
5887521051,Communication,soft_skill
5887521051,Tableau,bi_tool
5861792671,SQL,database
5861792671,Communication,soft_skill
5861792671,SAS,language
5861956149,Python,language
5861956149,SQL,database
5876717781,Python,language
5876717781,SQL,database
5876717781,Machine Learning,concept
5850370916,SQL,database
2635526475,Excel,spreadsheet
2635526475,SQL,database
5859124355,SQL,database
1307374340,SQL,database
5851860870,Python,language
5851860870,SQL,database
5893831377,Power BI,bi_tool
5893831377,SQL,database
4751737597,SQL,database
4751737597,Tableau,bi_tool
5893057354,Python,language
5893057354,SQL,database
3949357015,SQL,database
5859121617,Azure,cloud
5859121617,SQL,database
5519396283,SQL,database
5881148812,SQL,database
4734233591,SQL,database
4734233591,Communication,soft_skill
5893995758,Power BI,bi_tool
5893995758,Python,language
5893995758,SQL,database
5893995758,Communication,soft_skill
5861792575,Excel,spreadsheet
5854469116,Power BI,bi_tool
5854469116,Python,language
5854469116,SQL,database
5453609209,ETL,concept
5453609209,SQL,database
5453609209,AWS,cloud
4052660747,SQL,database
5879144848,SQL,database
5879144848,Communication,soft_skill
5351820571,ETL,concept
5351820571,Python,language
5351820571,SQL,database
5351820571,Snowflake,cloud
5808699272,SQL,database
5808699272,Power BI,bi_tool
5808699272,Python,language
5808699272,Machine Learning,concept
5808699272,Statistics,concept
5831395955,Excel,spreadsheet
5831395929,Excel,spreadsheet
5862954194,Power BI,bi_tool
5862954194,SQL,database
5862954194,Tableau,bi_tool
5859124622,Communication,soft_skill
4898422330,ETL,concept
4898422330,SQL,database
5834758220,SQL,database
5834758220,GCP,cloud
5834758220,R,language
5834758220,Looker,bi_tool
5834758220,Power BI,bi_tool
5834758220,Python,language
5504383531,SQL,database
5504383531,GCP,cloud
5504383531,R,language
5504383531,Looker,bi_tool
5504383531,Power BI,bi_tool
5504383531,Python,language
5504383516,SQL,database
5504383516,GCP,cloud
5504383516,R,language
5504383516,Looker,bi_tool
5504383516,Power BI,bi_tool
5504383516,Python,language
5120362348,Azure,cloud
5831401223,ETL,concept
5831401223,Python,language
5831401223,SQL,database
5831401223,AWS,cloud
5801700591,SQL,database
5801700591,VBA,language
5831406237,ETL,concept
5831406237,SQL,database
5537465428,Communication,soft_skill
5860806898,Power BI,bi_tool
5672223893,ETL,concept
5672223893,SQL,database
5672223893,Tableau,bi_tool
5672223893,Excel,spreadsheet
5672223893,Power BI,bi_tool
5839224653,SQL,database
5839224653,Communication,soft_skill
5897044568,SQL,database
5453607889,SQL,database
5893011567,Spark,big_data
5761756427,Communication,soft_skill
5866922336,ETL,concept
5866922336,Python,language
5866922336,SQL,database
5866922336,Snowflake,cloud
5879141424,Excel,spreadsheet
5879141424,SQL,database
5879141424,Power BI,bi_tool
5901134587,ETL,concept
5901134587,SQL,database
5897946119,ETL,concept
5897946119,Azure,cloud
5879360360,ETL,concept
5879360360,Azure,cloud
5895599833,Power BI,bi_tool
5864439178,Power BI,bi_tool
5889213063,Power BI,bi_tool
5898127080,Power BI,bi_tool
5870857129,Power BI,bi_tool
5870857129,Communication,soft_skill
5837138756,Power BI,bi_tool
5887061019,Power BI,bi_tool
5837138934,Power BI,bi_tool
5879658123,ETL,concept
5879658123,SQL,database
5879658123,Spark,big_data
5879658123,Tableau,bi_tool
5879658123,Power BI,bi_tool
5879658123,Statistics,concept
5876871725,ETL,concept
5876871725,SQL,database
5876871725,Spark,big_data
5876871725,Power BI,bi_tool
5876871725,Python,language
5889213703,ETL,concept
5889213703,SQL,database
5889213703,Snowflake,cloud
5889213703,Power BI,bi_tool
5889213703,Python,language
5880062767,Snowflake,cloud
5899512418,Power BI,bi_tool
5876871735,Excel,spreadsheet
5876871735,Power BI,bi_tool
5876871735,VBA,language
5901133116,Excel,spreadsheet
5901133116,Power BI,bi_tool
5879670938,Power BI,bi_tool
5879670938,Azure,cloud
5879670938,Spark,big_data
5879670938,ETL,concept
5898127701,Power BI,bi_tool
5898127701,AWS,cloud
5898127701,ETL,concept
5854537760,Communication,soft_skill
5889220779,ETL,concept
5889220779,SQL,database
5889220779,Spark,big_data
5889220779,Snowflake,cloud
5889220779,Python,language
5891977264,Power BI,bi_tool
5891977264,Python,language
5891977264,Statistics,concept
5891977264,Tableau,bi_tool
5891689742,Communication,soft_skill
5891981423,Power BI,bi_tool
5900875260,Power BI,bi_tool
5900875260,SQL,database
5900875260,Tableau,bi_tool
5900875260,Looker,bi_tool
5882857542,Power BI,bi_tool
5882857542,Python,language
5882857542,SQL,database
5882857542,Communication,soft_skill
5895239602,SQL,database
5895239602,Spark,big_data
5895239602,Snowflake,cloud
5895239602,Tableau,bi_tool
5895239602,Power BI,bi_tool
5879668382,SAS,language
5891691584,Power BI,bi_tool
5891691584,Azure,cloud
5895030114,Power BI,bi_tool
5895030114,Azure,cloud
5870860222,Power BI,bi_tool
5879658722,Azure,cloud
5879658722,ETL,concept
5879658722,SQL,database
5879658722,Spark,big_data
5879658722,Snowflake,cloud
5879658722,Power BI,bi_tool
5879658722,Python,language
5874134642,Python,language
5874134642,Spark,big_data
5871992856,Power BI,bi_tool
5871992856,Azure,cloud
5871992856,Communication,soft_skill
5890897256,Power BI,bi_tool
5890897256,SQL,database
5890897256,Communication,soft_skill
5867222176,Machine Learning,concept
5867222176,Statistics,concept
5870527480,GCP,cloud
5886610381,Power BI,bi_tool
5896613510,Azure,cloud
5896613510,SQL,database
5896613510,Spark,big_data
5879665018,Communication,soft_skill
5899510265,Azure,cloud
5899510265,Python,language
5899510265,SQL,database
5899510265,Spark,big_data
5886093912,Excel,spreadsheet
5886093912,Power BI,bi_tool
5868153921,Excel,spreadsheet
5868153921,Power BI,bi_tool
5864438981,R,language
5864438981,Python,language
5864438981,Machine Learning,concept
5864438981,Pandas,library
5864438981,Statistics,concept
5895240378,ETL,concept
5895240378,SQL,database
5895240378,Spark,big_data
5895240378,Power BI,bi_tool
5895240378,Python,language
5873278265,Communication,soft_skill
5893929986,Communication,soft_skill
5895030961,SQL,database
5895030961,Spark,big_data
5895030961,Python,language
5895030961,Machine Learning,concept
5895030961,Statistics,concept
5873277736,Python,language
5873277736,Machine Learning,concept
5873277736,R,language
5873277736,Statistics,concept
5886092373,Azure,cloud
5900876667,ETL,concept
5900876667,Azure,cloud
5898128987,Azure,cloud
5870527516,Statistics,concept
5880062184,ETL,concept
5880062184,Azure,cloud
5879657805,Azure,cloud
5879657805,Python,language
5879657805,SQL,database
5889682509,SQL,database
5889682509,Communication,soft_skill
5889682509,Snowflake,cloud
5857982568,ETL,concept
5895599594,Python,language
5889223848,ETL,concept
5889223848,SQL,database
5889214468,Python,language
5889214468,SQL,database
5889214468,Snowflake,cloud
5890612504,ETL,concept
5890612504,SQL,database
5890612504,Spark,big_data
5890612504,GCP,cloud
5890612504,Power BI,bi_tool
5897296062,Communication,soft_skill
5868793489,Communication,soft_skill
1167086089,Power BI,bi_tool
1167086089,SQL,database
5856196456,ETL,concept
5856196456,Azure,cloud
5856196456,SQL,database
5856196456,R,language
5856196456,Excel,spreadsheet
5856196456,Power BI,bi_tool
5860965380,Power BI,bi_tool
5860965380,SQL,database
5860965380,Communication,soft_skill
5859117651,Excel,spreadsheet
5859117651,Power BI,bi_tool
5899328306,Power BI,bi_tool
5899328306,Communication,soft_skill
5867717263,Python,language
5867717263,Machine Learning,concept
5867717263,Statistics,concept
5890607422,Excel,spreadsheet
5874134575,Python,language
5874134575,SQL,database
5874134575,Snowflake,cloud
5874134575,AWS,cloud
5880068121,ETL,concept
5880068121,Azure,cloud
5895030965,ETL,concept
5895030965,Azure,cloud
5876872863,Communication,soft_skill
5900875121,SQL,database
5864423149,ETL,concept
5864423149,Azure,cloud
5864423149,SQL,database
5864423149,GCP,cloud
5864423149,Snowflake,cloud
5864423149,AWS,cloud
5864423149,Python,language
5879667537,Azure,cloud
5867716138,Azure,cloud
5893929927,Azure,cloud
5893929927,SQL,database
5893929927,Spark,big_data
5893929927,Power BI,bi_tool
5893929927,Python,language
5884159218,Communication,soft_skill
5884160520,SQL,database
5884160520,GCP,cloud
5884158916,Communication,soft_skill
5877450605,Python,language
5877450605,Machine Learning,concept
5877450605,Statistics,concept
5854472125,Power BI,bi_tool
5856830118,Power BI,bi_tool
5856830118,SQL,database
5856830118,Communication,soft_skill
5878716502,Power BI,bi_tool
5878716502,Communication,soft_skill
5644868402,Power BI,bi_tool
5877488792,Power BI,bi_tool
5877488792,Communication,soft_skill
5877488792,Tableau,bi_tool
5890906522,Power BI,bi_tool
5890906522,SQL,database
5890906522,ETL,concept
5898127586,ETL,concept
5898127586,Machine Learning,concept
5898127586,Statistics,concept
5231502684,Power BI,bi_tool
5727268450,Power BI,bi_tool
5727268450,Azure,cloud
5851857358,Power BI,bi_tool
5851857358,ETL,concept
5656044143,Excel,spreadsheet
5656044143,SQL,database
5656044143,Power BI,bi_tool
5866915431,Power BI,bi_tool
5851857357,Power BI,bi_tool
5851857357,Communication,soft_skill
5894590299,Power BI,bi_tool
5894590299,SQL,database
5894590299,Azure,cloud
4493479741,Power BI,bi_tool
4493479741,Communication,soft_skill
5856197736,Power BI,bi_tool
5856197736,SQL,database
5856197736,Azure,cloud
5211779148,Power BI,bi_tool
5850370943,Power BI,bi_tool
5842569858,Power BI,bi_tool
5842569858,Communication,soft_skill
5727265062,Power BI,bi_tool
3081709841,Power BI,bi_tool
3081709841,SQL,database
3081709841,Azure,cloud
3081709841,Snowflake,cloud
5831396191,Power BI,bi_tool
2635526436,Power BI,bi_tool
2635526436,SQL,database
2635526436,Communication,soft_skill
2635526436,Azure,cloud
5042641459,Excel,spreadsheet
5042641459,SQL,database
5042641459,Power BI,bi_tool
5675800320,Power BI,bi_tool
5850380253,Power BI,bi_tool
5850380253,SQL,database
5850380253,Communication,soft_skill
1950335410,Power BI,bi_tool
5886362862,Power BI,bi_tool
5856197104,Power BI,bi_tool
5856197653,Power BI,bi_tool
5743192939,Excel,spreadsheet
5743192939,SQL,database
5743192939,Communication,soft_skill
5743192939,Power BI,bi_tool
2921029463,Power BI,bi_tool
2921029463,SQL,database
2921029463,Azure,cloud
5854880431,Power BI,bi_tool
5854880431,Communication,soft_skill
5877943310,Power BI,bi_tool
5877943310,Communication,soft_skill
5832798140,Power BI,bi_tool
5832798140,SQL,database
5861795573,Power BI,bi_tool
5856197172,Power BI,bi_tool
5856197172,Communication,soft_skill
2503351943,Power BI,bi_tool
5877842293,Power BI,bi_tool
5879148829,Power BI,bi_tool
5879148829,SQL,database
5879148829,Communication,soft_skill
5857745891,Power BI,bi_tool
5857745891,Azure,cloud
5857745891,Communication,soft_skill
5857745891,ETL,concept
5883489729,Power BI,bi_tool
5897924782,Power BI,bi_tool
5834761597,Power BI,bi_tool
5300337913,Power BI,bi_tool
5831395728,Power BI,bi_tool
5831395728,SQL,database
5885975067,Power BI,bi_tool
5885975067,Tableau,bi_tool
5836575984,Power BI,bi_tool
5836575984,SQL,database
5836575984,ETL,concept
5871276026,Power BI,bi_tool
5871276026,Python,language
5871276026,SQL,database
5204266074,Power BI,bi_tool
5211779168,Power BI,bi_tool
5211779168,Communication,soft_skill
4344578235,Power BI,bi_tool
4344578235,Azure,cloud
5818254513,Power BI,bi_tool
5818254513,ETL,concept
5681611719,Azure,cloud
5681611719,ETL,concept
5681611719,SQL,database
5681611719,Power BI,bi_tool
5681611719,Python,language
5887230044,Power BI,bi_tool
5887230062,Power BI,bi_tool
5885975195,Power BI,bi_tool
5887230074,Power BI,bi_tool
5879144824,Power BI,bi_tool
5879144824,SQL,database
4344577800,Power BI,bi_tool
4344577800,SQL,database
4344577800,ETL,concept
5811404272,Power BI,bi_tool
2193404141,Power BI,bi_tool
2193404141,SQL,database
5171459160,Power BI,bi_tool
5171459160,SQL,database
3433221802,Power BI,bi_tool
4386562771,Power BI,bi_tool
5827199900,Azure,cloud
5827199900,ETL,concept
5827199900,SQL,database
5827199900,Excel,spreadsheet
5827199900,Power BI,bi_tool
5727088029,Power BI,bi_tool
5369756037,Power BI,bi_tool
5369756037,Communication,soft_skill
5369756037,Looker,bi_tool
5842589855,Power BI,bi_tool
5842589855,Python,language
5842589855,SQL,database
5842589855,Spark,big_data
5858380034,Power BI,bi_tool
5856196506,Power BI,bi_tool
4992020297,Power BI,bi_tool
5839219834,Power BI,bi_tool
5449950980,Power BI,bi_tool
5449950980,Azure,cloud
5842589956,Power BI,bi_tool
5440456441,Azure,cloud
5440456441,SQL,database
5440456441,Communication,soft_skill
5440456441,GCP,cloud
5440456441,Tableau,bi_tool
5440456441,Excel,spreadsheet
5440456441,AWS,cloud
5440456441,Power BI,bi_tool
5897023330,Power BI,bi_tool
5795121714,Power BI,bi_tool
5795121714,SQL,database
5795121714,Communication,soft_skill
5881157167,Power BI,bi_tool
5895065783,Power BI,bi_tool
5895065783,Communication,soft_skill
4512976447,Power BI,bi_tool
4512976447,Statistics,concept
4344578063,Power BI,bi_tool
4344578063,SQL,database
4344578063,ETL,concept
5850376646,Power BI,bi_tool
5897874026,ETL,concept
5895030941,Power BI,bi_tool
5868794611,Spark,big_data
5868794611,GCP,cloud
5870859327,SQL,database
5870859327,R,language
5870859327,Tableau,bi_tool
5870859327,Power BI,bi_tool
5870859327,Python,language
5870859327,Machine Learning,concept
5870859327,Statistics,concept
5879665861,Communication,soft_skill
5898127308,Communication,soft_skill
5898127308,Snowflake,cloud
5895030916,ETL,concept
5868794333,SQL,database
5868794333,Spark,big_data
5887061000,Machine Learning,concept
5870528313,ETL,concept
5870528313,Azure,cloud
5870528313,Spark,big_data
5880069908,Communication,soft_skill
5895240057,Communication,soft_skill
5895535347,Power BI,bi_tool
5712964138,Power BI,bi_tool
5712964138,Communication,soft_skill
4686702861,Power BI,bi_tool
5891977121,ETL,concept
5891977121,Azure,cloud
5891977121,SQL,database
5891977121,Python,language
5891977121,Machine Learning,concept
5824124603,Power BI,bi_tool
5860548520,Power BI,bi_tool
5274165878,Excel,spreadsheet
5274165878,SQL,database
5274165878,Power BI,bi_tool
5314053907,Excel,spreadsheet
5314053907,SQL,database
5314053907,Power BI,bi_tool
5887520990,Power BI,bi_tool
5727195170,Power BI,bi_tool
5727195170,Communication,soft_skill
5860983532,Power BI,bi_tool
5860983532,Communication,soft_skill
5879141762,Excel,spreadsheet
5879141762,SQL,database
5879141762,Power BI,bi_tool
5871273516,Power BI,bi_tool
5871273516,Communication,soft_skill
5784272156,Power BI,bi_tool
5784272156,SQL,database
5831849417,Power BI,bi_tool
1714383026,Power BI,bi_tool
5656020264,Power BI,bi_tool
5842589859,Power BI,bi_tool
5842589859,SQL,database
5842589859,Communication,soft_skill
2635526470,Power BI,bi_tool
2635526470,SQL,database
2635526470,Azure,cloud
5841942211,Power BI,bi_tool
5312882547,Power BI,bi_tool
5312882547,SQL,database
5879145963,Power BI,bi_tool
5860548471,Azure,cloud
5860548471,SQL,database
5860548471,Communication,soft_skill
5860548471,Snowflake,cloud
5860548471,Power BI,bi_tool
5839225587,Power BI,bi_tool
5839225587,SQL,database
5839225587,ETL,concept
5816832719,Excel,spreadsheet
5816832719,Power BI,bi_tool
5856197165,Power BI,bi_tool
5874263414,Power BI,bi_tool
5874263414,Communication,soft_skill
5872624570,Power BI,bi_tool
3750622509,Power BI,bi_tool
3750622509,SQL,database
5877292513,Power BI,bi_tool
5877292513,SQL,database
5879942988,Power BI,bi_tool
5879942988,SQL,database
5879942988,Communication,soft_skill
5873987936,Power BI,bi_tool
5873987936,GCP,cloud
5869817113,Power BI,bi_tool
2383302198,Power BI,bi_tool
5727092020,Communication,soft_skill
5727092020,Tableau,bi_tool
5727092020,Excel,spreadsheet
5727092020,Power BI,bi_tool
5727092020,VBA,language
3248723834,Power BI,bi_tool
4344578049,Power BI,bi_tool
4344578049,Communication,soft_skill
4344578049,ETL,concept
5369756058,Power BI,bi_tool
5369756058,SQL,database
5862635702,Machine Learning,concept
5846723322,Excel,spreadsheet
5846723322,Python,language
5846723322,SQL,database
5879667957,ETL,concept
5879667957,AWS,cloud
5879667957,Azure,cloud
5886093751,R,language
5886099298,Azure,cloud
5872265942,Communication,soft_skill
5880062626,Excel,spreadsheet
5896613951,Communication,soft_skill
5882862903,Power BI,bi_tool
5879657798,Azure,cloud
5879657798,GCP,cloud
5896964323,Power BI,bi_tool
5896612993,Communication,soft_skill
5890611930,Communication,soft_skill
5889682556,Azure,cloud
5655005586,Power BI,bi_tool
5898655910,Power BI,bi_tool
5898655910,Communication,soft_skill
5896964322,Python,language
5867037796,ETL,concept
5867037796,Azure,cloud
5897038773,Power BI,bi_tool
5728314973,Excel,spreadsheet
5728314973,Power BI,bi_tool
5890897448,Machine Learning,concept
5891976220,Machine Learning,concept
5891976220,R,language
5838750286,SQL,database
5808699274,SQL,database
5808699274,Communication,soft_skill
5808699274,Power BI,bi_tool
5808699274,Python,language
5808699274,Machine Learning,concept
5893913372,Azure,cloud
5695270137,Machine Learning,concept
5895065973,Azure,cloud
5895065974,Azure,cloud
5808699364,Machine Learning,concept
5892758626,Spark,big_data
5885447742,ETL,concept
5893831430,Spark,big_data
5864841751,Tableau,bi_tool
5769825966,SQL,database
5898533966,Machine Learning,concept
5868154123,Machine Learning,concept
5898533129,Machine Learning,concept
5880070118,Python,language
5880070118,SQL,database
5880070118,Machine Learning,concept
5880070118,GCP,cloud
5880062262,Machine Learning,concept
5886611196,Machine Learning,concept
5856695853,Machine Learning,concept
5846723396,Machine Learning,concept
5854537877,Machine Learning,concept
5864426193,Machine Learning,concept
5895030154,Machine Learning,concept
5854537752,Machine Learning,concept
5889219315,Machine Learning,concept
5877184305,Machine Learning,concept
5858537547,Machine Learning,concept
5839268352,Machine Learning,concept
5896962263,Machine Learning,concept
5858537539,Machine Learning,concept
5890610016,Machine Learning,concept
5898535064,Machine Learning,concept
5879670946,Machine Learning,concept
5892770075,Machine Learning,concept
5895032039,Machine Learning,concept
5886486718,Machine Learning,concept
5839268343,Machine Learning,concept
5897873990,Machine Learning,concept
5882859935,Machine Learning,concept
5887061477,Machine Learning,concept
5877452317,Machine Learning,concept
5846723241,Machine Learning,concept
5898131359,Machine Learning,concept
5898535018,Machine Learning,concept
5876014583,Machine Learning,concept
5877457599,Machine Learning,concept
5877457599,Communication,soft_skill
5822403303,Machine Learning,concept
5876016009,Azure,cloud
5876016009,Python,language
5876016009,Spark,big_data
5889681831,Machine Learning,concept
5889681831,Statistics,concept
5897294998,SQL,database
5897294998,Communication,soft_skill
5897294998,Python,language
5897294998,Machine Learning,concept
5897294998,Statistics,concept
5898128426,Machine Learning,concept
5890896676,Python,language
5890896676,Machine Learning,concept
5890896676,Statistics,concept
5901133813,Machine Learning,concept
5901133813,Statistics,concept
5877452336,Machine Learning,concept
5872266120,Machine Learning,concept
5872266120,Statistics,concept
5901133742,Python,language
5901133742,Machine Learning,concept
5846723668,Tableau,bi_tool
5846723274,Tableau,bi_tool
5895240382,Tableau,bi_tool
5895240382,Snowflake,cloud
5898533440,Python,language
5898533440,SQL,database
5898533440,Statistics,concept
5896614024,SQL,database
5880950675,Excel,spreadsheet
5880950675,Tableau,bi_tool
5881766958,ETL,concept
5881766958,SQL,database
5895239145,AWS,cloud
5895238862,Azure,cloud
5895238862,Python,language
5895238862,SQL,database
5895238862,Spark,big_data
5893929802,ETL,concept
5893929802,SQL,database
5893929802,Spark,big_data
5893929802,AWS,cloud
5893929802,Python,language
5895030207,Statistics,concept
5856196429,Tableau,bi_tool
5895239530,Azure,cloud
5886664705,Tableau,bi_tool
5078183013,Tableau,bi_tool
5854880447,Tableau,bi_tool
5857752083,Tableau,bi_tool
5856197646,Tableau,bi_tool
5781970743,SQL,database
5781970743,Tableau,bi_tool
5856197663,SQL,database
5856197663,Tableau,bi_tool
5871280565,Azure,cloud
5871280565,SQL,database
5871280565,Communication,soft_skill
5871280565,Snowflake,cloud
5871280565,Tableau,bi_tool
5871280565,Excel,spreadsheet
2915539579,SQL,database
2915539579,Tableau,bi_tool
5869814801,Communication,soft_skill
5869814801,Tableau,bi_tool
5849135071,Communication,soft_skill
5849135071,Tableau,bi_tool
5856197124,Communication,soft_skill
5856197124,Tableau,bi_tool
5754024237,Tableau,bi_tool
2383302584,Tableau,bi_tool
3172818791,Communication,soft_skill
3172818791,Statistics,concept
3172818791,Tableau,bi_tool
5856197488,Communication,soft_skill
5856197488,Tableau,bi_tool
5831395730,Tableau,bi_tool
5861793012,Tableau,bi_tool
5773093387,SQL,database
5773093387,Tableau,bi_tool
5877847634,SQL,database
5877847634,Tableau,bi_tool
5090172992,Communication,soft_skill
5090172992,Tableau,bi_tool
5879148807,Communication,soft_skill
5879148807,Tableau,bi_tool
1714384840,Communication,soft_skill
1714384840,Tableau,bi_tool
5850380223,Excel,spreadsheet
5850380223,SQL,database
5850380223,Communication,soft_skill
5850380223,Tableau,bi_tool
5030876075,SQL,database
5030876075,Tableau,bi_tool
5871280553,SQL,database
5871280553,Communication,soft_skill
5871280553,Tableau,bi_tool
5877842294,SQL,database
5877842294,Tableau,bi_tool
5382247653,Tableau,bi_tool
4713079026,Tableau,bi_tool
4713079026,Snowflake,cloud
3204031565,Python,language
3204031565,SQL,database
3204031565,Tableau,bi_tool
2999974680,Tableau,bi_tool
5823130868,Tableau,bi_tool
4431301784,Communication,soft_skill
4431301784,Tableau,bi_tool
5416883991,SQL,database
5416883991,Tableau,bi_tool
5128160977,Tableau,bi_tool
3433222328,Tableau,bi_tool
5842613314,Tableau,bi_tool
5728910254,Tableau,bi_tool
2406633646,Tableau,bi_tool
1388910029,Tableau,bi_tool
5856196625,Tableau,bi_tool
5892383958,ETL,concept
5892383958,Python,language
5892383958,SQL,database
5892383958,Tableau,bi_tool
2924157754,ETL,concept
2924157754,Spark,big_data
2924157754,Tableau,bi_tool
5898568253,Tableau,bi_tool
5895161688,Tableau,bi_tool
5846299657,Communication,soft_skill
5395543108,Tableau,bi_tool
5850371308,Tableau,bi_tool
5900717839,Tableau,bi_tool
5314053905,Azure,cloud
5314053905,SQL,database
5314053905,GCP,cloud
5314053905,Snowflake,cloud
5314053905,Tableau,bi_tool
5314053905,AWS,cloud
5314053905,Python,language
5741057911,Azure,cloud
5741057911,SQL,database
5741057911,Communication,soft_skill
5741057911,Tableau,bi_tool
5741057911,Power BI,bi_tool
5742044572,Azure,cloud
5742044572,SQL,database
5742044572,Communication,soft_skill
5742044572,Tableau,bi_tool
5742044572,Power BI,bi_tool
5333342039,SQL,database
5333342039,Tableau,bi_tool
5333342039,Snowflake,cloud
5859124426,ETL,concept
5859124426,Tableau,bi_tool
5522026731,ETL,concept
5522026731,Python,language
5522026731,Communication,soft_skill
5522026731,Tableau,bi_tool
5864338097,Tableau,bi_tool
5255506973,ETL,concept
5255506973,SQL,database
5255506973,GCP,cloud
5255506973,Snowflake,cloud
5255506973,Tableau,bi_tool
5255506973,Looker,bi_tool
5255506973,Power BI,bi_tool
5886487262,Statistics,concept
5880951673,Communication,soft_skill
5880951518,GCP,cloud
5860980995,Communication,soft_skill
5899512278,ETL,concept
5899512278,Python,language
5899512278,Snowflake,cloud
5901137200,Communication,soft_skill
5729731802,Communication,soft_skill
5729731802,Tableau,bi_tool
5889562096,Tableau,bi_tool
5777234588,SQL,database
5777234588,Communication,soft_skill
5777234588,Tableau,bi_tool
5777234588,Snowflake,cloud
5411469512,ETL,concept
5411469512,SQL,database
5411469512,Tableau,bi_tool
5900348960,Tableau,bi_tool
3468843603,ETL,concept
3468843603,Tableau,bi_tool
5875696221,Tableau,bi_tool
5880062344,ETL,concept
5727033439,Tableau,bi_tool
5518597183,Tableau,bi_tool
5518597227,SQL,database
5518597227,Tableau,bi_tool
5430608944,SQL,database
5430608944,Tableau,bi_tool
5882728875,Tableau,bi_tool
5762900938,Excel,spreadsheet
5762900938,Power BI,bi_tool
5762900938,Tableau,bi_tool
5715292606,Tableau,bi_tool
5762945765,Power BI,bi_tool
5762945765,SQL,database
5762945765,Tableau,bi_tool
5875250318,SQL,database
5875250318,Tableau,bi_tool
5864354000,Power BI,bi_tool
5864354000,SQL,database
5864354000,Tableau,bi_tool
5807501218,Tableau,bi_tool
5807501218,Snowflake,cloud
5851155832,SQL,database
5851155832,Communication,soft_skill
5851155832,Snowflake,cloud
5851155832,Tableau,bi_tool
5851155832,Power BI,bi_tool
5899843917,Power BI,bi_tool
5899843917,Tableau,bi_tool
4801530477,SQL,database
4801530477,Communication,soft_skill
4801530477,Tableau,bi_tool
4801530477,AWS,cloud
4801530477,Python,language
5878058410,Tableau,bi_tool
5894829166,SQL,database
5894829166,Tableau,bi_tool
5886396320,Power BI,bi_tool
5886396320,SQL,database
5886396320,Tableau,bi_tool
5752151805,Python,language
5752151805,SQL,database
5752151805,Spark,big_data
5752151805,Tableau,bi_tool
5889605680,ETL,concept
5889605680,SQL,database
5889605680,Snowflake,cloud
5889605680,Tableau,bi_tool
5889605680,Python,language
5860533594,Power BI,bi_tool
5860533594,Tableau,bi_tool
5860533594,SAS,language
5860533633,Power BI,bi_tool
5860533633,Tableau,bi_tool
5860533633,SAS,language
4762780079,Python,language
4762780079,Tableau,bi_tool
5812894652,Python,language
5812894652,SQL,database
5812894652,Spark,big_data
5812894652,Tableau,bi_tool
5724446654,ETL,concept
5724446654,Tableau,bi_tool
5724446654,GCP,cloud
5778251496,Tableau,bi_tool
5850376719,Power BI,bi_tool
5850376719,Communication,soft_skill
5850376719,Tableau,bi_tool
5870745395,Tableau,bi_tool
5889529954,ETL,concept
5889529954,SQL,database
5889529954,Communication,soft_skill
5889529954,Tableau,bi_tool
5807461396,SQL,database
5807461396,Snowflake,cloud
5807461396,Tableau,bi_tool
5807461396,Power BI,bi_tool
5807461396,Python,language
5895470053,SQL,database
5895470053,Snowflake,cloud
5895470053,Tableau,bi_tool
5895470053,Power BI,bi_tool
5895470053,Python,language
5846726125,SQL,database
5846726125,Snowflake,cloud
5846726125,Tableau,bi_tool
5846726125,Python,language
5846726125,VBA,language
5831406298,ETL,concept
5831406298,SQL,database
5831406298,Communication,soft_skill
5831406298,Snowflake,cloud
5831406298,Tableau,bi_tool
5831406298,Python,language
4839916056,SQL,database
4839916056,Tableau,bi_tool
5898315170,Python,language
5898315170,SQL,database
5898315170,Tableau,bi_tool
5832795442,SQL,database
5832795442,Tableau,bi_tool
5412310663,SQL,database
5412310663,Communication,soft_skill
5412310663,Tableau,bi_tool
5412310663,Excel,spreadsheet
5412310663,Python,language
5412310663,Machine Learning,concept
5529544964,Power BI,bi_tool
5529544964,Tableau,bi_tool
5894230997,ETL,concept
5894230997,SQL,database
5894230997,Communication,soft_skill
5894230997,Tableau,bi_tool
5894230997,Power BI,bi_tool
5537945832,SQL,database
5537945832,Tableau,bi_tool
5896786066,ETL,concept
5896786066,Tableau,bi_tool
5877842311,SQL,database
5877842311,Tableau,bi_tool
5516316494,Azure,cloud
5516316494,SQL,database
5516316494,Tableau,bi_tool
5516316494,GCP,cloud
2458411575,ETL,concept
2458411575,SQL,database
2458411575,Tableau,bi_tool
5872785654,ETL,concept
5872785654,Python,language
5872785654,Tableau,bi_tool
3968805473,Azure,cloud
3968805473,SQL,database
3968805473,Snowflake,cloud
3968805473,Tableau,bi_tool
3968805473,Power BI,bi_tool
3968805473,Python,language
5875611398,Python,language
5875611398,SQL,database
5875611398,R,language
5875611398,Tableau,bi_tool
5891870805,Communication,soft_skill
5838426858,Power BI,bi_tool
5838426858,SQL,database
5838426858,Communication,soft_skill
5838426858,Tableau,bi_tool
5500658712,Power BI,bi_tool
5500658712,SQL,database
5500658712,Tableau,bi_tool
5879140934,ETL,concept
5879140934,Tableau,bi_tool
5879140934,Snowflake,cloud
5879140932,ETL,concept
5879140932,Tableau,bi_tool
5879140932,Snowflake,cloud
4666100036,SQL,database
4666100036,Communication,soft_skill
4666100036,R,language
4666100036,Tableau,bi_tool
4666100036,Excel,spreadsheet
4666100036,Power BI,bi_tool
4666100036,Python,language
4666100036,Machine Learning,concept
4666100036,Statistics,concept
5832798136,SQL,database
5832798136,R,language
5832798136,Tableau,bi_tool
5832798136,Excel,spreadsheet
5832798136,Python,language
5832798136,Statistics,concept
5832798136,SAS,language
5832798138,SQL,database
5832798138,R,language
5832798138,Tableau,bi_tool
5832798138,Excel,spreadsheet
5832798138,Python,language
5832798138,Statistics,concept
5832798138,SAS,language
5832798151,SQL,database
5832798151,R,language
5832798151,Tableau,bi_tool
5832798151,Excel,spreadsheet
5832798151,Python,language
5832798151,Statistics,concept
5832798151,SAS,language
5519432972,SQL,database
5519432972,Communication,soft_skill
5519432972,Tableau,bi_tool
5875287022,Power BI,bi_tool
5875287022,Tableau,bi_tool
5503404497,Tableau,bi_tool
5742519108,Power BI,bi_tool
2458411535,SQL,database
2458411535,Tableau,bi_tool
5877486811,ETL,concept
5877486811,SQL,database
5877486811,Tableau,bi_tool
5877486811,Python,language
5877486811,Statistics,concept
4514376281,Communication,soft_skill
4514376281,R,language
4514376281,Tableau,bi_tool
4514376281,Excel,spreadsheet
4514376281,Power BI,bi_tool
4514376281,Python,language
2809247230,Python,language
2809247230,SQL,database
2809247230,Machine Learning,concept
2809247230,Tableau,bi_tool
5796116512,Python,language
5796116512,SQL,database
5796116512,Tableau,bi_tool
5796116512,Snowflake,cloud
5897680859,ETL,concept
5898178653,ETL,concept
5898178653,Tableau,bi_tool
5878656952,Power BI,bi_tool
5878656952,Tableau,bi_tool
5878656952,VBA,language
5869200256,Tableau,bi_tool
3487898123,Tableau,bi_tool
5832798139,ETL,concept
5832798139,SQL,database
5832798139,Tableau,bi_tool
5867129553,Power BI,bi_tool
5867129553,SQL,database
5867129553,Tableau,bi_tool
1171507819,Python,language
1171507819,SQL,database
1171507819,Spark,big_data
5873156716,Tableau,bi_tool
4727380970,Power BI,bi_tool
4727380970,Tableau,bi_tool
5543247193,SQL,database
5543247193,Communication,soft_skill
5543247193,Tableau,bi_tool
5773093386,ETL,concept
5773093386,Communication,soft_skill
5773093386,VBA,language
5854881363,Power BI,bi_tool
5854881363,SQL,database
5854881363,Communication,soft_skill
5854881363,Tableau,bi_tool
5829886511,Power BI,bi_tool
5829886511,SQL,database
5829886511,Tableau,bi_tool
5171459144,ETL,concept
5171459144,SQL,database
5171459144,Spark,big_data
5171459144,Tableau,bi_tool
5171459144,Python,language
5882499433,SQL,database
5882499433,Tableau,bi_tool
5882499433,Excel,spreadsheet
5882499433,Power BI,bi_tool
5882499433,Python,language
5804445331,Tableau,bi_tool
5877174693,Communication,soft_skill
5897042436,SQL,database
5897042436,Communication,soft_skill
5897042436,Tableau,bi_tool
5897042436,AWS,cloud
5897042436,Python,language
5829189149,Communication,soft_skill
5829189149,Tableau,bi_tool
4514376909,Excel,spreadsheet
4514376909,SQL,database
4514376909,Statistics,concept
4514376909,Tableau,bi_tool
5891242069,ETL,concept
5891242069,AWS,cloud
5891242069,Tableau,bi_tool
5891242069,Snowflake,cloud
5796205769,Power BI,bi_tool
5796205769,Communication,soft_skill
5796205769,Tableau,bi_tool
3013476469,Communication,soft_skill
3013476469,Statistics,concept
5877845466,Excel,spreadsheet
5877845466,Power BI,bi_tool
5877845466,Tableau,bi_tool
5504438046,Power BI,bi_tool
5504438046,Python,language
5504438046,Machine Learning,concept
5504438046,Tableau,bi_tool
3433222294,Python,language
3433222294,R,language
3433222294,Tableau,bi_tool
3433222294,GCP,cloud
1966607885,ETL,concept
1966607885,SQL,database
1966607885,GCP,cloud
1966607885,Python,language
1966607885,Pandas,library
2539490047,ETL,concept
2539490047,Python,language
2539490047,SQL,database
2539490047,AWS,cloud
5682435804,Power BI,bi_tool
5682435804,Python,language
5682435804,SQL,database
5682435804,Tableau,bi_tool
5859122842,Excel,spreadsheet
5859122842,SQL,database
5861792875,Power BI,bi_tool
5861792875,Python,language
5861792875,SQL,database
5861792875,Tableau,bi_tool
5869826008,Power BI,bi_tool
5869826008,Communication,soft_skill
5869826008,Tableau,bi_tool
5869825971,Power BI,bi_tool
5869825971,Communication,soft_skill
5869825971,Tableau,bi_tool
5869814821,SQL,database
5869814821,R,language
5869814821,Tableau,bi_tool
5869814821,Excel,spreadsheet
5869814821,Power BI,bi_tool
5869814821,Python,language
5869814821,Statistics,concept
5869814821,SAS,language
5877847628,Communication,soft_skill
5877847628,Tableau,bi_tool
5899549573,Azure,cloud
5899549573,Tableau,bi_tool
5700472299,Power BI,bi_tool
5700472299,SQL,database
5700472299,Communication,soft_skill
5700472299,Tableau,bi_tool
4992020393,Excel,spreadsheet
4992020393,SQL,database
4992020393,Tableau,bi_tool
5496729203,SQL,database
5496729203,R,language
5496729203,NumPy,library
5496729203,Python,language
5496729203,Machine Learning,concept
5496729203,Pandas,library
5496729203,Statistics,concept
5857750993,Power BI,bi_tool
5857750993,Communication,soft_skill
5857750993,Tableau,bi_tool
5868113617,Python,language
5868113617,Spark,big_data
5868113617,Communication,soft_skill
5217936465,Power BI,bi_tool
5217936465,AWS,cloud
5217936465,Tableau,bi_tool
5217936465,GCP,cloud
5843191378,Power BI,bi_tool
5843191378,SQL,database
5843191378,Communication,soft_skill
5843191378,Tableau,bi_tool
5869826017,Power BI,bi_tool
5869826017,Communication,soft_skill
5869826017,Tableau,bi_tool
5465034728,SQL,database
5465034728,Tableau,bi_tool
5877845375,Communication,soft_skill
5863110087,Python,language
5863110087,SQL,database
5863110087,Spark,big_data
5863110087,Tableau,bi_tool
5859121471,SQL,database
5859121471,Tableau,bi_tool
5859121471,Excel,spreadsheet
5859121471,Statistics,concept
5859121471,SAS,language
2509165173,ETL,concept
2509165173,R,language
2509165173,AWS,cloud
2509165173,Python,language
2509165173,Machine Learning,concept
5854880230,Excel,spreadsheet
5854880230,Communication,soft_skill
5879948416,Communication,soft_skill
5727240801,Power BI,bi_tool
5727240801,Python,language
5895535156,Azure,cloud
5895535156,ETL,concept
5895535156,SQL,database
5895535156,Communication,soft_skill
5895535156,Power BI,bi_tool
5895535156,Python,language
4097420839,ETL,concept
4097420839,Python,language
4097420839,Statistics,concept
5689085709,SQL,database
5689085709,Communication,soft_skill
5689085709,Tableau,bi_tool
5689085709,Power BI,bi_tool
5689085709,Python,language
5890890594,Communication,soft_skill
5876010793,Machine Learning,concept
5897873954,Machine Learning,concept
5897873954,Communication,soft_skill
5901133839,Machine Learning,concept
5898535012,Machine Learning,concept
5870860105,Statistics,concept
5876016078,SQL,database
5876016078,Communication,soft_skill
5876016078,Python,language
5876016078,Machine Learning,concept
5876016078,Statistics,concept
5865291446,Machine Learning,concept
5870863099,SQL,database
5870863099,NumPy,library
5870863099,Python,language
5870863099,Machine Learning,concept
5870863099,Pandas,library
5880062427,Machine Learning,concept
5880062427,GCP,cloud
5877457569,R,language
5877457569,Python,language
5877457569,Machine Learning,concept
5877457569,Statistics,concept
5877457569,SAS,language
5881758282,Python,language
5881758282,SQL,database
5881758282,AWS,cloud
5889684634,Machine Learning,concept
5880064279,Python,language
5880064279,Machine Learning,concept
5880064279,Statistics,concept
5891981529,Machine Learning,concept
5891981529,Statistics,concept
5890613477,Machine Learning,concept
5890613477,Statistics,concept
5897873668,Communication,soft_skill
5897873668,Statistics,concept
5864425220,Machine Learning,concept
5900875377,Statistics,concept
5890893908,Azure,cloud
5890893908,SQL,database
5890893908,Spark,big_data
5890893908,NumPy,library
5890893908,Python,language
5890893908,Machine Learning,concept
5890893908,Pandas,library
5897294724,Machine Learning,concept
5867263491,Machine Learning,concept
5867263491,Python,language
5867263491,SQL,database
5867263491,Statistics,concept
5880064281,Communication,soft_skill
5901133099,Python,language
5901132906,Machine Learning,concept
5892037425,Machine Learning,concept
5882857495,Python,language
5865291965,Python,language
5865291965,Machine Learning,concept
5837139433,R,language
5842114970,Communication,soft_skill
5871227856,Machine Learning,concept
5870527931,Python,language
5870527931,Statistics,concept
5883858661,ETL,concept
5883858661,Snowflake,cloud
5893961410,Machine Learning,concept
5893961410,Statistics,concept
5894222466,SQL,database
5867263676,Python,language
5895599861,Python,language
5895599861,SQL,database
5895599861,Statistics,concept
5895599861,Communication,soft_skill
5882863894,Statistics,concept
5871846075,Statistics,concept
5901137087,Azure,cloud
5901137087,Machine Learning,concept
5901137087,Spark,big_data
5880950446,ETL,concept
5880950446,Machine Learning,concept
5880950446,Spark,big_data
5876021987,Machine Learning,concept
5898129420,Communication,soft_skill
5886486753,Statistics,concept
5879665935,ETL,concept
5881767841,Azure,cloud
5879662996,ETL,concept
5891690253,ETL,concept
5890896664,Python,language
5864423067,Machine Learning,concept
5881877312,Python,language
5889222402,Machine Learning,concept
5889222402,Statistics,concept
5899510237,Machine Learning,concept
5886986225,Machine Learning,concept
5898126207,ETL,concept
5841509271,Communication,soft_skill
5880951633,R,language
5901134392,ETL,concept
5901134392,GCP,cloud
5889220960,ETL,concept
5889220960,SQL,database
5889220960,Spark,big_data
5889220960,GCP,cloud
5894979895,AWS,cloud
5871992107,ETL,concept
5871992107,Spark,big_data
5900875298,ETL,concept
5900875298,Python,language
5879671084,ETL,concept
5879671084,AWS,cloud
5897873622,ETL,concept
5645288318,Communication,soft_skill
5645288318,Statistics,concept
5874134587,SQL,database
5901134453,Azure,cloud
5901134453,SQL,database
5901134453,GCP,cloud
5901134453,AWS,cloud
5901134453,Python,language
5891352671,Azure,cloud
5891352671,Python,language
5891352671,Spark,big_data
5897296003,Communication,soft_skill
5898126256,ETL,concept
5898126256,GCP,cloud
5879658421,Azure,cloud
5837138953,Azure,cloud
5886486675,Python,language
5899258980,ETL,concept
5899258980,Python,language
5899258980,SQL,database
5899258980,GCP,cloud
5867037963,Python,language
5867037963,SQL,database
5898128493,ETL,concept
5898128493,Python,language
5898128493,SQL,database
5898128493,GCP,cloud
5898126771,ETL,concept
5898126771,Python,language
5898126771,SQL,database
5898126771,GCP,cloud
5886098813,ETL,concept
5886098813,Communication,soft_skill
5886098813,GCP,cloud
5882593348,ETL,concept
5882593348,Communication,soft_skill
5882593348,GCP,cloud
5837139772,GCP,cloud
5867037771,ETL,concept
5867037771,SQL,database
5867037771,NumPy,library
5867037771,Python,language
5867037771,Machine Learning,concept
5867037771,Pandas,library
5870527890,ETL,concept
5870527890,Snowflake,cloud
5847959758,Communication,soft_skill
5877184039,Python,language
5877184039,AWS,cloud
5881761904,Machine Learning,concept
5899512265,Python,language
5899512265,Machine Learning,concept
5870527102,Statistics,concept
5845820435,Python,language
5845820435,Machine Learning,concept
5859122223,R,language
5859122223,Statistics,concept
5859122222,R,language
5859122222,Statistics,concept
5859122250,R,language
5859122250,Statistics,concept
5838433187,Communication,soft_skill
5896553355,Azure,cloud
5896553355,Python,language
5896553354,Azure,cloud
5896553354,Python,language
5896553353,Azure,cloud
5896553353,Python,language
5896553352,Azure,cloud
5896553352,Python,language
5886132844,Python,language
5702235807,Python,language
5702235807,Machine Learning,concept
5705560469,Machine Learning,concept
5894231002,Python,language
5894231002,Machine Learning,concept
5894231002,Statistics,concept
5894231002,Communication,soft_skill
5801068336,Communication,soft_skill
5856198015,Machine Learning,concept
5856198015,Communication,soft_skill
4723896617,Statistics,concept
4493479600,Statistics,concept
5120471599,Machine Learning,concept
2318122072,Statistics,concept
2461074337,Statistics,concept
2927156051,Python,language
2927156051,SQL,database
2927156051,R,language
2927156051,SAS,language
2349832292,Machine Learning,concept
2536790415,Machine Learning,concept
5890494566,Machine Learning,concept
2992079462,Machine Learning,concept
5255506987,Machine Learning,concept
5879546648,Python,language
5879546648,Machine Learning,concept
5879546648,Statistics,concept
5868707164,Azure,cloud
5868707164,SQL,database
5868707164,GCP,cloud
5868707164,AWS,cloud
5868707164,Python,language
5868707164,Machine Learning,concept
5868707164,Statistics,concept
5501144903,Machine Learning,concept
5501144903,Statistics,concept
2773784069,Python,language
2773784069,Communication,soft_skill
5404307320,Machine Learning,concept
5447797233,Machine Learning,concept
5447797233,Communication,soft_skill
4454322642,Machine Learning,concept
5245553971,Python,language
5245553971,Machine Learning,concept
2210352942,Machine Learning,concept
5892979833,Python,language
5892386799,Python,language
1171506806,Machine Learning,concept
5120361336,Communication,soft_skill
4568246342,Machine Learning,concept
2635526469,Python,language
2635526469,Machine Learning,concept
2635526469,Pandas,library
5780509195,Machine Learning,concept
3115911635,Python,language
3115911635,SQL,database
3115911635,Machine Learning,concept
4521451905,Machine Learning,concept
5503838209,Machine Learning,concept
5897176729,Azure,cloud
5897176729,Python,language
5897176729,Machine Learning,concept
5897176729,Spark,big_data
2563331072,Machine Learning,concept
1161626852,Python,language
1161626852,Spark,big_data
5832798242,Machine Learning,concept
5871275635,Azure,cloud
5871275635,Python,language
5871275635,Machine Learning,concept
5871275574,Azure,cloud
5871275574,Python,language
5871275574,Machine Learning,concept
5851151245,Machine Learning,concept
2077170837,Statistics,concept
3468848513,Python,language
3468848513,Machine Learning,concept
3468848513,Spark,big_data
3468848513,Statistics,concept
4514376308,Machine Learning,concept
4514376308,Statistics,concept
2853928406,Statistics,concept
5868119639,SQL,database
5868119639,Machine Learning,concept
5868119639,GCP,cloud
4885249969,Machine Learning,concept
4885249969,Communication,soft_skill
1229891739,Machine Learning,concept
1229891739,Statistics,concept
3345106502,Machine Learning,concept
1171506865,GCP,cloud
4514376170,Statistics,concept
4514376731,SQL,database
5761806680,Machine Learning,concept
5889085245,Machine Learning,concept
5834756784,Machine Learning,concept
2123886640,SQL,database
2123886640,Spark,big_data
2123886640,GCP,cloud
2123886640,R,language
2123886640,Tableau,bi_tool
2123886640,Python,language
1577157209,Python,language
1577157209,SQL,database
1577157209,R,language
5879561979,Communication,soft_skill
5879561979,Machine Learning,concept
5879561979,Statistics,concept
5851859962,Communication,soft_skill
5895239242,Machine Learning,concept
5879663089,Machine Learning,concept
5899924447,Azure,cloud
5889220273,ETL,concept
5889220273,GCP,cloud
5881760240,ETL,concept
5881760240,GCP,cloud
5876872655,Azure,cloud
5876872655,Snowflake,cloud
5876872396,GCP,cloud
5882861191,ETL,concept
5882861191,Machine Learning,concept
5881765395,Machine Learning,concept
5876872629,Machine Learning,concept
4299529092,Machine Learning,concept
4299529092,Statistics,concept
1171508809,Python,language
1171508809,Machine Learning,concept
1171508809,NumPy,library
1161627821,Machine Learning,concept
5453280857,Python,language
5453280857,Machine Learning,concept
3793256965,Machine Learning,concept
3793256965,GCP,cloud
5879665355,GCP,cloud
5895157707,Machine Learning,concept
5895257300,Python,language
5895257300,Machine Learning,concept
5899510776,Machine Learning,concept
5846723212,Machine Learning,concept
5864433525,ETL,concept
5864433525,Azure,cloud
5864433525,SQL,database
5864433525,Spark,big_data
5864433525,Python,language
5890149141,Azure,cloud
5890149141,AWS,cloud
5890149141,GCP,cloud
5889544216,Machine Learning,concept
5896658426,Machine Learning,concept
5831365081,Machine Learning,concept
5831365081,Statistics,concept
5727121760,Machine Learning,concept
5727121760,AWS,cloud
4514376236,Machine Learning,concept
1171507907,Machine Learning,concept
5363133330,Python,language
5363133330,Machine Learning,concept
5363133330,Pandas,library
5363133330,NumPy,library
5894620844,Machine Learning,concept
4596884479,Machine Learning,concept
5503837634,Machine Learning,concept
5635046286,Machine Learning,concept
5869814201,Machine Learning,concept
1171507528,Machine Learning,concept
5727114445,Machine Learning,concept
5727114445,Statistics,concept
5117034498,Machine Learning,concept
1398819281,Machine Learning,concept
3332673255,Machine Learning,concept
2383302553,Machine Learning,concept
1171507734,Machine Learning,concept
2833106061,Machine Learning,concept
3175702626,Machine Learning,concept
3175702626,Statistics,concept
3175702626,AWS,cloud
5803782486,Machine Learning,concept
1864247245,Machine Learning,concept
1368669287,Machine Learning,concept
1368669287,Statistics,concept
1844548865,Communication,soft_skill
1844548865,Machine Learning,concept
1844548865,Statistics,concept
3038221909,Python,language
3038221909,Machine Learning,concept
1958165136,Python,language
1958165136,Machine Learning,concept
1958165136,Pandas,library
3894826256,Machine Learning,concept
5717273191,Machine Learning,concept
5718401844,Machine Learning,concept
5788472875,SQL,database
5788472875,Machine Learning,concept
3949356918,Python,language
3949356918,SQL,database
3949356918,Spark,big_data
3949356918,Machine Learning,concept
2042125548,Machine Learning,concept
2042125548,Statistics,concept
4250934989,Machine Learning,concept
4250934989,Statistics,concept
4514376976,Python,language
4514376976,Machine Learning,concept
1171508972,Python,language
1171508972,Machine Learning,concept
5728377332,Machine Learning,concept
5755657078,Machine Learning,concept
3044590237,Machine Learning,concept
5819656955,Machine Learning,concept
5292951715,Machine Learning,concept
4708090721,Machine Learning,concept
4676936483,Machine Learning,concept
5727804444,Machine Learning,concept
5889571038,Machine Learning,concept
5625766940,SQL,database
5625766940,Spark,big_data
5625766940,AWS,cloud
5625766940,Python,language
5625766940,Machine Learning,concept
5896645965,Machine Learning,concept
5861792861,Python,language
5861792861,Machine Learning,concept
5861792861,R,language
5861792861,Statistics,concept
5672787204,Machine Learning,concept
5639356989,Azure,cloud
5639356989,Python,language
5639356989,Machine Learning,concept
5774368786,Machine Learning,concept
5859121193,Machine Learning,concept
5859121193,Communication,soft_skill
2475263628,Machine Learning,concept
3297100672,Machine Learning,concept
1858079808,Python,language
1858079808,Machine Learning,concept
1858079808,AWS,cloud
2539490299,Machine Learning,concept
1463797734,Machine Learning,concept
5552722462,Machine Learning,concept
4559411206,Machine Learning,concept
3987216053,Machine Learning,concept
3987216053,Communication,soft_skill
5841937030,Machine Learning,concept
1171506981,Python,language
1171506981,Machine Learning,concept
1171506981,R,language
1171506981,AWS,cloud
5774031512,Excel,spreadsheet
5774031512,Machine Learning,concept
5754836299,Machine Learning,concept
5766000536,Machine Learning,concept
1233590624,Machine Learning,concept
1155088318,Machine Learning,concept
5796582780,Machine Learning,concept
5796582780,R,language
4493479601,Machine Learning,concept
4493479601,Communication,soft_skill
5878275252,Machine Learning,concept
5878684368,Machine Learning,concept
5737961799,Machine Learning,concept
5737961799,Statistics,concept
1155088444,Machine Learning,concept
1155088444,Communication,soft_skill
2177266537,Machine Learning,concept
5899555683,Machine Learning,concept
5855247320,Machine Learning,concept
5897176790,Machine Learning,concept
5809893257,Machine Learning,concept
5833020604,Machine Learning,concept
2658062217,ETL,concept
2658062217,Python,language
2658062217,SQL,database
2658062217,Machine Learning,concept
5832093736,Machine Learning,concept
5834364487,Machine Learning,concept
4878673281,Machine Learning,concept
2549478979,Machine Learning,concept
5740031419,Machine Learning,concept
5858370243,Machine Learning,concept
4899762229,Machine Learning,concept
5628316573,Machine Learning,concept
5838496879,Machine Learning,concept
5895401011,Machine Learning,concept
5662018463,Azure,cloud
5662018463,GCP,cloud
5662018463,AWS,cloud
5662018463,NumPy,library
5662018463,Python,language
5662018463,Machine Learning,concept
5662018463,Pandas,library
5661972493,Machine Learning,concept
5889085520,Machine Learning,concept
5893831605,Machine Learning,concept
5889675320,Machine Learning,concept
5890717754,Machine Learning,concept
5882589342,GCP,cloud
5895032066,SQL,database
5895032066,Spark,big_data
5893733505,Machine Learning,concept
5888035707,Python,language
5888035707,Machine Learning,concept
5893913388,Machine Learning,concept
5889222954,Machine Learning,concept
5901132829,Machine Learning,concept
5869816584,Machine Learning,concept
5860534570,Machine Learning,concept
5898599511,Machine Learning,concept
1187972100,Machine Learning,concept
1187972100,Statistics,concept
2883808214,ETL,concept
2883808214,Machine Learning,concept
5634984343,Machine Learning,concept
5860548445,Machine Learning,concept
5083277798,Machine Learning,concept
5083277798,AWS,cloud
4439898019,Machine Learning,concept
5802152645,Machine Learning,concept
5889515903,Machine Learning,concept
5889515903,GCP,cloud
5731787559,Machine Learning,concept
5856949004,Machine Learning,concept
5898475708,Machine Learning,concept
5895059390,Machine Learning,concept
5243420232,Python,language
5243420232,Machine Learning,concept
4801530985,Machine Learning,concept
5841933094,Machine Learning,concept
5897029482,Machine Learning,concept
5895065968,Machine Learning,concept
3452174066,Machine Learning,concept
3452174066,Statistics,concept
5859120786,Machine Learning,concept
5859120752,Machine Learning,concept
5789393695,Machine Learning,concept
5789591344,Machine Learning,concept
5898599522,Machine Learning,concept
5557106595,Machine Learning,concept
5778225260,Machine Learning,concept
5841129951,Machine Learning,concept
5841129951,Statistics,concept
5010969047,Machine Learning,concept
4286562177,Python,language
4286562177,Machine Learning,concept
4868884802,Machine Learning,concept
2830210779,Machine Learning,concept
2234827768,Machine Learning,concept
1474079177,Machine Learning,concept
5871276031,Azure,cloud
5871276031,GCP,cloud
5871276031,AWS,cloud
5871276031,Python,language
5871276031,Machine Learning,concept
5859122446,Azure,cloud
5859122446,Machine Learning,concept
5859122446,Snowflake,cloud
5854880186,Python,language
5854880186,SQL,database
5854880186,Machine Learning,concept
5856197872,Machine Learning,concept
5869821047,Machine Learning,concept
3262154917,Machine Learning,concept
5836849101,Machine Learning,concept
5821206094,Machine Learning,concept
5856985187,Machine Learning,concept
5822420657,Machine Learning,concept
5891895241,Machine Learning,concept
5872112013,Excel,spreadsheet
5872112013,Machine Learning,concept
5696882332,Machine Learning,concept
5808699280,Machine Learning,concept
4514376605,Machine Learning,concept
5854216282,Machine Learning,concept
5890768094,Machine Learning,concept
5869821134,Machine Learning,concept
5859122231,Machine Learning,concept
5859122227,Machine Learning,concept
5859122228,Machine Learning,concept
5878277468,Machine Learning,concept
5753566259,Excel,spreadsheet
5753566259,Machine Learning,concept
5753566259,AWS,cloud
5794761147,Excel,spreadsheet
5794761147,Machine Learning,concept
5794761147,AWS,cloud
5873203104,Machine Learning,concept
5852604039,Machine Learning,concept
2684334397,Machine Learning,concept
5812881745,Machine Learning,concept
5720097300,Machine Learning,concept
5887879472,Machine Learning,concept
5822428851,Machine Learning,concept
5848363833,Machine Learning,concept
5850636106,Machine Learning,concept
5850636104,Machine Learning,concept
5889579445,Machine Learning,concept
5675502145,Excel,spreadsheet
5675502145,Machine Learning,concept
5675502145,Azure,cloud
5870119149,Machine Learning,concept
5895349738,Machine Learning,concept
2308527096,Machine Learning,concept
5851141829,Machine Learning,concept
5895065476,Machine Learning,concept
5746205072,Machine Learning,concept
5730767161,Machine Learning,concept
5850628736,Machine Learning,concept
5885969104,Machine Learning,concept
1171508791,Machine Learning,concept
5852148488,Machine Learning,concept
5862986407,Machine Learning,concept
4095621945,Machine Learning,concept
5864812927,Machine Learning,concept
5841398933,Machine Learning,concept
5900720663,Machine Learning,concept
5861956939,Machine Learning,concept
5848435317,Machine Learning,concept
5862785824,Machine Learning,concept
5727271341,Machine Learning,concept
5727271341,AWS,cloud
5759061544,Machine Learning,concept
5897045971,Machine Learning,concept
5845253142,Machine Learning,concept
5834364488,Machine Learning,concept
5832073724,Machine Learning,concept
5878284608,Machine Learning,concept
5853728955,Machine Learning,concept
5739066231,SQL,database
5739066231,Spark,big_data
5739066231,AWS,cloud
5739066231,Python,language
5739066231,Machine Learning,concept
5742653094,Machine Learning,concept
5833020828,Machine Learning,concept
5854880190,Machine Learning,concept
5884512396,Machine Learning,concept
5841922615,Machine Learning,concept
5899854647,Machine Learning,concept
5848342116,Machine Learning,concept
5791466620,Machine Learning,concept
5729575515,Machine Learning,concept
5895382164,Machine Learning,concept
5889524941,Machine Learning,concept
5879886120,Machine Learning,concept
4801661428,Machine Learning,concept
5829184098,Machine Learning,concept
5834740638,Machine Learning,concept
5834764541,Machine Learning,concept
3133138521,Machine Learning,concept
5771984164,Machine Learning,concept
1171508603,Python,language
1171508603,Machine Learning,concept
5708529500,Python,language
5708529500,Machine Learning,concept
4408712992,Machine Learning,concept
5823127150,Machine Learning,concept
5834761674,Machine Learning,concept
5856165536,Machine Learning,concept
5811916465,Machine Learning,concept
5859436132,Machine Learning,concept
5862885192,Machine Learning,concept
5873186683,Machine Learning,concept
5873770624,Machine Learning,concept
5875071104,Machine Learning,concept
5876480289,Machine Learning,concept
5876480291,Machine Learning,concept
5891899827,Machine Learning,concept
5891899827,Statistics,concept
5838454777,Machine Learning,concept
5838454777,Snowflake,cloud
5838454777,AWS,cloud
5874134989,Machine Learning,concept
5864425239,Machine Learning,concept
5893923574,Communication,soft_skill
5853620857,Machine Learning,concept
5853620857,GCP,cloud
5898126215,Machine Learning,concept
5898126215,Statistics,concept
5880953284,Machine Learning,concept
5799592114,Machine Learning,concept
5833078332,Machine Learning,concept
5870526723,Machine Learning,concept
5867036030,ETL,concept
5867036030,Azure,cloud
5867036030,Spark,big_data
5867036030,Snowflake,cloud
5867036030,Python,language
5891693621,ETL,concept
5891693621,Azure,cloud
5891693621,SQL,database
5891693621,Snowflake,cloud
5891693621,Python,language
5898129585,ETL,concept
5898129585,Communication,soft_skill
5879667663,Python,language
5879667663,SQL,database
5879667663,AWS,cloud
5879662652,ETL,concept
5901132818,GCP,cloud
5898126262,AWS,cloud
5898126262,Spark,big_data
5896612983,Azure,cloud
5875419844,ETL,concept
5898128063,Azure,cloud
5898128063,SQL,database
5898128063,Spark,big_data
5898128063,Snowflake,cloud
5898128063,Python,language
5880953864,ETL,concept
5880953864,Python,language
5880953864,Azure,cloud
5880953864,Spark,big_data
5897295034,ETL,concept
5897295034,Azure,cloud
5897295034,SQL,database
5897295034,Spark,big_data
5897295034,GCP,cloud
5897295034,AWS,cloud
5897295034,Python,language
5889218269,ETL,concept
5889218269,Machine Learning,concept
5889218269,AWS,cloud
5869558895,ETL,concept
5882595616,ETL,concept
5882595616,SQL,database
5882595616,GCP,cloud
5882595616,Looker,bi_tool
5882595616,Python,language
5898127826,ETL,concept
5898127826,SQL,database
5898127826,Snowflake,cloud
5873073773,ETL,concept
5873073773,Azure,cloud
5897294979,ETL,concept
5897294979,Azure,cloud
5898129616,ETL,concept
5898129616,Azure,cloud
5898129616,Spark,big_data
5898130015,Python,language
5898130015,AWS,cloud
5898130015,Spark,big_data
5890608218,ETL,concept
5890608218,SQL,database
5890608218,Spark,big_data
5890608218,Snowflake,cloud
5890608218,Python,language
5896613821,ETL,concept
5896613821,Python,language
5896613821,Spark,big_data
5895240628,ETL,concept
5895240628,SQL,database
5895240628,Azure,cloud
5895240628,Snowflake,cloud
5897295196,Statistics,concept
5880953359,ETL,concept
5880953866,ETL,concept
5893924939,GCP,cloud
5876872620,ETL,concept
5876872620,Python,language
5876872620,SQL,database
5876872620,Snowflake,cloud
5890610094,ETL,concept
5880950911,Communication,soft_skill
5891693330,Communication,soft_skill
5864425339,ETL,concept
5864425339,Python,language
5864425339,SQL,database
5864425339,Snowflake,cloud
5895032122,Python,language
5895032122,SQL,database
5895032122,Spark,big_data
5895032122,GCP,cloud
5890612016,ETL,concept
5890612016,GCP,cloud
5876870782,ETL,concept
5876870782,Azure,cloud
5876870782,Spark,big_data
5889221661,Spark,big_data
5886097734,ETL,concept
5886097734,Spark,big_data
5864441942,ETL,concept
5879667233,AWS,cloud
5879664799,Communication,soft_skill
5879664799,SQL,database
5879664799,Statistics,concept
5864434261,ETL,concept
5864434261,SQL,database
5864434261,Snowflake,cloud
5876870067,ETL,concept
5876870067,Spark,big_data
5876870067,AWS,cloud
5876870067,Python,language
5876870067,Pandas,library
5879657782,Azure,cloud
5876872869,ETL,concept
5895239536,ETL,concept
5895239536,SQL,database
5895239536,Spark,big_data
5895239536,Azure,cloud
5879663148,ETL,concept
5873074201,GCP,cloud
5864439943,Azure,cloud
5864439943,Spark,big_data
5889215459,ETL,concept
5889215459,Azure,cloud
5889215459,Spark,big_data
5880951459,ETL,concept
5880951459,Python,language
5880951459,GCP,cloud
5898127679,Snowflake,cloud
5867037379,ETL,concept
5867037379,AWS,cloud
5867037379,Spark,big_data
5867037519,Python,language
5867037519,GCP,cloud
5879667665,Python,language
5879667665,SQL,database
5879667665,AWS,cloud
5886092568,Azure,cloud
5886092568,AWS,cloud
5886092568,Spark,big_data
5898129926,ETL,concept
5898129926,Python,language
5898129926,GCP,cloud
5896613644,ETL,concept
5900616222,ETL,concept
5900616222,Python,language
5899510948,ETL,concept
5899510948,Spark,big_data
5867036012,ETL,concept
5867036012,Python,language
5867036012,SQL,database
5867036012,GCP,cloud
5864427702,Azure,cloud
5864427702,AWS,cloud
5900875607,ETL,concept
5875602822,Azure,cloud
5875602822,Python,language
5875602822,Spark,big_data
5899512321,ETL,concept
5899512321,Azure,cloud
5899512321,SQL,database
5899512321,Spark,big_data
5899512321,Python,language
5899975918,ETL,concept
5899975918,Python,language
5899975918,AWS,cloud
5899975918,Spark,big_data
5868792995,ETL,concept
5868792995,Python,language
5868792995,SQL,database
5868792995,Spark,big_data
5893929787,ETL,concept
5889211726,Python,language
5889211726,SQL,database
5889211726,Spark,big_data
5889211726,AWS,cloud
5879664831,ETL,concept
5879664831,Python,language
5879664831,SQL,database
5879664831,Spark,big_data
5879665605,ETL,concept
5879665605,Python,language
5879665605,SQL,database
5879665605,Spark,big_data
5879671265,ETL,concept
5895239257,ETL,concept
5895239257,SQL,database
5895239257,Spark,big_data
5895239257,AWS,cloud
5901135592,Python,language
5901135592,SQL,database
5901135592,Spark,big_data
5901135592,Snowflake,cloud
5871992113,SQL,database
5889219598,ETL,concept
5889219598,SQL,database
5889222221,ETL,concept
5897295016,ETL,concept
5897295016,AWS,cloud
5880953506,ETL,concept
5880953506,Snowflake,cloud
5898129018,GCP,cloud
5873074739,SQL,database
5873074739,Spark,big_data
5873074739,GCP,cloud
5889223191,ETL,concept
5889223191,SQL,database
5889223191,Spark,big_data
5889223191,AWS,cloud
5889223191,Python,language
5900875192,ETL,concept
5900875192,AWS,cloud
5867035865,ETL,concept
5867035865,GCP,cloud
5897294744,ETL,concept
5897294744,Azure,cloud
5897294744,Spark,big_data
5867037550,Azure,cloud
5867037550,Python,language
5867037550,Spark,big_data
5891688980,Python,language
5891688980,SQL,database
5891688980,Spark,big_data
5891688980,AWS,cloud
5880953377,ETL,concept
5880953377,Python,language
5880953377,GCP,cloud
5879670410,ETL,concept
5879670410,Snowflake,cloud
5893924846,ETL,concept
5900875364,Azure,cloud
5900875364,Python,language
5900875364,SQL,database
5900875364,Spark,big_data
5901137751,ETL,concept
5901137751,AWS,cloud
5901137751,Azure,cloud
5900616223,ETL,concept
5871991908,ETL,concept
5871991908,GCP,cloud
5878873576,GCP,cloud
5868794384,ETL,concept
5868794384,Python,language
5868794384,GCP,cloud
5900616394,ETL,concept
5900875742,ETL,concept
5900875742,AWS,cloud
5865285482,ETL,concept
5865285482,SQL,database
5865285482,NumPy,library
5865285482,Python,language
5865285482,Pandas,library
5864429591,Azure,cloud
5864429591,Python,language
5864429591,Spark,big_data
5865295416,ETL,concept
5865295416,SQL,database
5865295416,Spark,big_data
5865295416,GCP,cloud
5865295416,Python,language
5899510259,AWS,cloud
5880951688,Azure,cloud
5898126661,ETL,concept
5898126661,SQL,database
5898126661,Snowflake,cloud
5898126661,AWS,cloud
5898126661,Python,language
5867270204,ETL,concept
5864434388,Azure,cloud
5864434388,Python,language
5864434388,SQL,database
5864434388,Spark,big_data
5880950451,ETL,concept
5880950451,Azure,cloud
5880950451,R,language
5880950451,Snowflake,cloud
5895030966,Azure,cloud
5895030966,Python,language
5895030966,Spark,big_data
5886486778,ETL,concept
5886486778,AWS,cloud
5898126263,SQL,database
5898126263,Spark,big_data
5898126263,GCP,cloud
5893922623,ETL,concept
5893922623,AWS,cloud
5893922623,Spark,big_data
5900876095,ETL,concept
5897294389,Communication,soft_skill
5889220240,AWS,cloud
5898127205,Python,language
5898127205,AWS,cloud
5898127205,Spark,big_data
5870526740,ETL,concept
5870526740,Azure,cloud
5870526740,Spark,big_data
5870527413,ETL,concept
5870527413,Python,language
5870527413,Azure,cloud
5895031493,Azure,cloud
5895031493,Python,language
5895031493,SQL,database
5895031493,Spark,big_data
5871992629,Python,language
5871992629,AWS,cloud
5871992629,Pandas,library
5871992629,Spark,big_data
5873074744,Python,language
5873074744,AWS,cloud
5873074744,Pandas,library
5873074744,Spark,big_data
5895240348,Azure,cloud
5895240348,Python,language
5895240348,SQL,database
5895240348,Spark,big_data
5886487287,Azure,cloud
5871991383,Azure,cloud
5871991383,Python,language
5871991383,Pandas,library
5871991383,Spark,big_data
5891356723,ETL,concept
5891356723,AWS,cloud
5868790537,SQL,database
5868790537,Spark,big_data
5868790537,GCP,cloud
5879663756,SQL,database
5879663756,Spark,big_data
5870527374,ETL,concept
5870527374,SQL,database
5870527374,AWS,cloud
5867038139,Azure,cloud
5867038139,Python,language
5867038139,SQL,database
5867038139,Spark,big_data
5900875302,AWS,cloud
5880953309,ETL,concept
5879668018,SQL,database
5879668018,GCP,cloud
5889221031,ETL,concept
5889221031,SQL,database
5889221031,Spark,big_data
5889221031,GCP,cloud
5889221031,Python,language
5870528045,ETL,concept
5870528045,Azure,cloud
5868789187,ETL,concept
5868789187,Python,language
5868789187,SQL,database
5868789187,Spark,big_data
5879663975,ETL,concept
5879663975,Azure,cloud
5879663975,SQL,database
5879663975,Spark,big_data
5879663975,Python,language
5898126931,Azure,cloud
5898126931,Python,language
5898126931,SQL,database
5898126931,Spark,big_data
5898127555,ETL,concept
5898127555,Python,language
5898127555,Spark,big_data
5898127555,GCP,cloud
5871993019,ETL,concept
5871993019,SQL,database
5871993019,Communication,soft_skill
5871993019,GCP,cloud
5879671119,ETL,concept
5898126830,Azure,cloud
5898126830,Python,language
5898126830,SQL,database
5898126830,Spark,big_data
5864438685,ETL,concept
5864438685,AWS,cloud
5864438685,Spark,big_data
5891690133,ETL,concept
5891690133,Python,language
5891690133,SQL,database
5891690133,GCP,cloud
5864436781,ETL,concept
5864436781,Python,language
5864436781,SQL,database
5864436781,GCP,cloud
5891689154,Python,language
5891689154,SQL,database
5891689154,AWS,cloud
5867036047,ETL,concept
5867036047,Spark,big_data
5898128439,ETL,concept
5898128439,Python,language
5898128439,SQL,database
5898128439,Spark,big_data
5900875510,SQL,database
5900876617,ETL,concept
5900876617,SQL,database
5900876617,Spark,big_data
5900876617,AWS,cloud
5900876617,Python,language
5870526787,Python,language
5870526787,AWS,cloud
5898533175,Python,language
5898533175,Spark,big_data
5879667607,Azure,cloud
5879667607,AWS,cloud
5889211740,ETL,concept
5864439264,ETL,concept
5864439264,AWS,cloud
5864439264,Spark,big_data
5858537538,ETL,concept
5880951687,ETL,concept
5880951687,GCP,cloud
5893929746,Spark,big_data
5893929746,GCP,cloud
5806276961,Communication,soft_skill
5864425274,SQL,database
5864425274,Spark,big_data
5864434199,ETL,concept
5864434199,Spark,big_data
5868790278,GCP,cloud
5900616302,Azure,cloud
5900616302,Python,language
5900616302,SQL,database
5900616302,Snowflake,cloud
5870527973,Azure,cloud
5889223228,Python,language
5889223228,SQL,database
5889223228,Spark,big_data
5889223228,AWS,cloud
5868790259,GCP,cloud
5880951721,ETL,concept
5880951721,SQL,database
5880951721,Azure,cloud
5880951721,SAS,language
5822403362,ETL,concept
5898128169,GCP,cloud
5864428932,Azure,cloud
5879671073,GCP,cloud
5868792316,Python,language
5868792316,SQL,database
5868792316,Spark,big_data
5868792316,GCP,cloud
5875602881,ETL,concept
5875602881,SQL,database
5875602881,Spark,big_data
5875602881,Azure,cloud
5872266129,Azure,cloud
5872266129,AWS,cloud
5872266129,Communication,soft_skill
5872266129,GCP,cloud
5900876645,GCP,cloud
5889219615,ETL,concept
5889219615,Python,language
5889219615,AWS,cloud
5889219615,Spark,big_data
5891356710,AWS,cloud
5880952520,AWS,cloud
5875602779,AWS,cloud
5864432541,SQL,database
5880949798,Azure,cloud
5880949798,SQL,database
5880949798,Spark,big_data
5880952069,ETL,concept
5867717199,ETL,concept
5886096712,ETL,concept
5880953405,Machine Learning,concept
5870527491,ETL,concept
5870527491,Azure,cloud
5870527491,SQL,database
5870527491,Spark,big_data
5870527491,Communication,soft_skill
5870527491,Python,language
5880951682,ETL,concept
5880951682,SQL,database
5880951682,Communication,soft_skill
5880951682,Azure,cloud
5901137749,ETL,concept
5901137749,SQL,database
5901137749,Spark,big_data
5901137749,AWS,cloud
5867263557,ETL,concept
5867263557,Python,language
5867263557,SQL,database
5867263557,AWS,cloud
5897295836,ETL,concept
5897295836,AWS,cloud
5897295352,ETL,concept
5897295352,SQL,database
5897295352,Spark,big_data
5897295352,GCP,cloud
5880953373,Spark,big_data
5890717713,GCP,cloud
5864439024,AWS,cloud
5880950696,SQL,database
5880950696,Spark,big_data
5880950696,Communication,soft_skill
5889219863,ETL,concept
5879667715,Azure,cloud
5870528683,ETL,concept
5870528683,Python,language
5870528683,SQL,database
5898127823,AWS,cloud
5898127823,GCP,cloud
5893007429,ETL,concept
5893007429,Spark,big_data
5893007429,Snowflake,cloud
5893007429,AWS,cloud
5893007429,Python,language
5901137507,ETL,concept
5879662973,Communication,soft_skill
5875419658,Azure,cloud
5875419658,AWS,cloud
5879665050,ETL,concept
5879665050,Azure,cloud
5879665050,SQL,database
5879665050,Spark,big_data
5879665050,Python,language
5899509959,Spark,big_data
5873074121,Python,language
5873074121,SQL,database
5900875379,Spark,big_data
5895239235,SQL,database
5895239235,GCP,cloud
5895239235,SAS,language
5873073656,SQL,database
5873073656,Spark,big_data
5873073656,AWS,cloud
5882598302,AWS,cloud
5882598302,Spark,big_data
5867038188,Python,language
5867038188,SQL,database
5867038188,Spark,big_data
5897295202,ETL,concept
5881763237,Python,language
5881763237,Spark,big_data
5879662644,GCP,cloud
5883562681,Azure,cloud
5883562681,SQL,database
5883562681,Spark,big_data
5883562681,Communication,soft_skill
5864437539,Spark,big_data
5879657363,ETL,concept
5879657363,GCP,cloud
5898129703,Python,language
5898129703,SQL,database
5898129703,GCP,cloud
5846723063,ETL,concept
5846723063,Python,language
5846723063,SQL,database
5864439062,ETL,concept
5864439062,SQL,database
5864439062,Spark,big_data
5864439062,Azure,cloud
5880953310,SQL,database
5880953310,Spark,big_data
5887706968,ETL,concept
5896250489,GCP,cloud
5898127090,Azure,cloud
5898127924,Azure,cloud
5877451944,AWS,cloud
5901136950,ETL,concept
5901136950,Azure,cloud
5901136950,Spark,big_data
5901136950,AWS,cloud
5901136950,Python,language
5898126765,ETL,concept
5898126765,Azure,cloud
5898126765,SQL,database
5898126765,Spark,big_data
5898126765,Python,language
5880951894,ETL,concept
5880951894,SQL,database
5880951894,Azure,cloud
5880951894,SAS,language
5899510167,Communication,soft_skill
5899511030,SQL,database
5890612009,SQL,database
5895240375,SQL,database
5874134806,SQL,database
5880953887,SQL,database
5870858933,SQL,database
5864425602,SQL,database
5886611465,ETL,concept
5886611465,SQL,database
5864424487,SQL,database
5867717434,SQL,database
5867717434,Communication,soft_skill
5864424565,SQL,database
5886604002,SQL,database
5876869846,SQL,database
5876869846,Snowflake,cloud
5898126331,ETL,concept
5898126331,SQL,database
5898126331,Azure,cloud
5896613436,ETL,concept
5896613436,SQL,database
5900875622,Python,language
5900875622,SQL,database
4062011133,SQL,database
5799340727,SQL,database
5761725477,SQL,database
5793747226,ETL,concept
5793747226,SQL,database
5020804661,SQL,database
4635943356,SQL,database
5832794126,SQL,database
5735932259,SQL,database
5618134926,SQL,database
5618134926,R,language
5888551487,SQL,database
5850370948,ETL,concept
5850370948,SQL,database
2745714078,SQL,database
5879904870,SQL,database
4686706630,SQL,database
5695356719,ETL,concept
5695356719,SQL,database
1171507370,SQL,database
2956624305,SQL,database
2956624305,GCP,cloud
2956624305,AWS,cloud
2956624362,SQL,database
2956624362,Spark,big_data
2956624362,GCP,cloud
2956624362,AWS,cloud
5854878178,SQL,database
3954694700,SQL,database
5861796026,ETL,concept
5861796026,SQL,database
3162283460,ETL,concept
3162283460,SQL,database
3162283460,Communication,soft_skill
5329714668,SQL,database
5841130751,SQL,database
4568246347,SQL,database
5728453254,SQL,database
5891893131,SQL,database
3355849944,ETL,concept
3355849944,Azure,cloud
3355849944,SQL,database
3355849944,Communication,soft_skill
3355849944,R,language
3355849944,Python,language
3798035883,SQL,database
3064218994,SQL,database
5171459127,SQL,database
5171459127,AWS,cloud
2994901298,SQL,database
3798035966,SQL,database
5211779230,SQL,database
5049621478,SQL,database
5832801112,Python,language
5832801112,SQL,database
5854877615,Python,language
5854877615,SQL,database
5868115950,SQL,database
5868115950,Communication,soft_skill
5846920386,SQL,database
4686702952,SQL,database
5864428674,SQL,database
5889679547,SQL,database
5889220996,SQL,database
5889214039,SQL,database
5889222281,SQL,database
5895535148,SQL,database
5895535148,Statistics,concept
5898655918,ETL,concept
5898655918,Python,language
5898655918,SQL,database
5880062090,SQL,database
5880062090,Communication,soft_skill
3651750756,SQL,database
5851865213,SQL,database
5784934093,SQL,database
5784934093,Communication,soft_skill
5442082872,SQL,database
5857744460,SQL,database
5899328312,SQL,database
5395543071,ETL,concept
5395543071,Python,language
5395543071,SQL,database
5739023009,SQL,database
4667436537,SQL,database
2478113493,ETL,concept
2478113493,SQL,database
5871276014,SQL,database
1155088212,SQL,database
5451795840,ETL,concept
5451795840,SQL,database
3803195441,SQL,database
3803195441,AWS,cloud
5171459126,SQL,database
5078183020,ETL,concept
5078183020,SQL,database
5078183020,Communication,soft_skill
4158049536,Azure,cloud
4158049536,SQL,database
4158049536,AWS,cloud
2650464068,SQL,database
5805535345,SQL,database
5805535345,Communication,soft_skill
5854880878,SQL,database
5868115952,SQL,database
5868115952,Communication,soft_skill
5868115936,SQL,database
5868115936,Communication,soft_skill
5781073492,SQL,database
5781073492,Communication,soft_skill
5886132023,ETL,concept
5886132023,SQL,database
5768191025,Python,language
5768191025,SQL,database
5876289883,ETL,concept
5876289883,SQL,database
5876289883,Azure,cloud
5864423239,SQL,database
5729584610,SQL,database
2452148654,SQL,database
3505664346,SQL,database
4951437355,ETL,concept
4951437355,SQL,database
1956414084,SQL,database
5893831532,SQL,database
5784260257,SQL,database
5784260257,Communication,soft_skill
2412886882,SQL,database
5897949445,SQL,database
2012358719,SQL,database
5890817290,Python,language
5890817290,SQL,database
5828883304,SQL,database
2994901214,SQL,database
2994901214,Communication,soft_skill
3888222687,SQL,database
5861795583,SQL,database
5861795583,VBA,language
4992020300,SQL,database
4992020300,Statistics,concept
3452173920,SQL,database
5856196772,SQL,database
5884512295,SQL,database
5889675401,SQL,database
5882862524,ETL,concept
5882862524,SQL,database
5882862524,Communication,soft_skill
5889679437,Communication,soft_skill
5889682604,SQL,database
5828882770,SQL,database
5813387926,SQL,database
5485079836,SQL,database
3452173831,SQL,database
5728386279,SQL,database
2221676176,ETL,concept
2221676176,SQL,database
1780134853,Azure,cloud
1780134853,SQL,database
5727244524,SQL,database
5893930290,SQL,database
5730649991,SQL,database
5730649991,Communication,soft_skill
5483453001,Power BI,bi_tool
5483453001,SQL,database
5483453001,ETL,concept
5877240673,SQL,database
2133620682,SQL,database
2890608948,Azure,cloud
2890608948,SQL,database
2890608948,Communication,soft_skill
2890608948,Tableau,bi_tool
2890608948,Power BI,bi_tool
5891872991,SQL,database
5864433348,ETL,concept
5867252208,SQL,database
5866169768,SQL,database
5895599320,SQL,database
5534310777,SQL,database
5879562266,ETL,concept
5879562266,Python,language
5879562266,SQL,database
4988851219,Azure,cloud
4988851219,SQL,database
5851865238,SQL,database
5857744568,SQL,database
5858131077,SQL,database
3332674822,SQL,database
3332674822,Communication,soft_skill
2795055813,Python,language
2795055813,SQL,database
2339571178,ETL,concept
2339571178,SQL,database
5861794420,SQL,database
5861794420,Communication,soft_skill
4237645479,SQL,database
5222765092,SQL,database
2635526533,ETL,concept
2635526533,SQL,database
5841131135,SQL,database
5871276013,SQL,database
5881116546,SQL,database
5884159199,Communication,soft_skill
5393758743,SQL,database
5869162781,SQL,database
5877291218,SQL,database
5877291218,AWS,cloud
5890607661,ETL,concept
5890607661,Python,language
5890607661,Azure,cloud
5890607661,Spark,big_data
5896613163,Python,language
5896613163,SQL,database
2809246133,ETL,concept
2809246133,SQL,database
5863714270,SQL,database
5727088799,SQL,database
5866922906,SQL,database
5860534863,SQL,database
5879669144,SQL,database
5897294533,AWS,cloud
5839221806,Python,language
5839221806,SQL,database
5103581636,SQL,database
5889604721,SQL,database
5850907184,GCP,cloud
5899512403,ETL,concept
5899512403,SQL,database
5899512403,Communication,soft_skill
5899512403,Snowflake,cloud
5899512403,AWS,cloud
5900616358,ETL,concept
5900616358,SQL,database
5900616358,Communication,soft_skill
5900616358,Snowflake,cloud
5900616358,AWS,cloud
5901133848,ETL,concept
5901133848,SQL,database
5901133848,Communication,soft_skill
5901133848,Snowflake,cloud
5901133848,AWS,cloud
5727192026,SQL,database
5899326440,SQL,database
5839871014,Power BI,bi_tool
5839871014,SQL,database
5839871014,Azure,cloud
5832800998,SQL,database
3269975326,SQL,database
3605574362,SQL,database
5335620791,SQL,database
5335620535,SQL,database
5834743495,SQL,database
5891403995,Python,language
5891403995,SQL,database
5879670511,ETL,concept
5879670511,SQL,database
5879670511,Snowflake,cloud
5839871007,Power BI,bi_tool
5839871007,SQL,database
5839871007,Azure,cloud
5859117793,Python,language
5859117793,SQL,database
5856196652,Azure,cloud
5856196652,SQL,database
5856196652,AWS,cloud
5866126750,SQL,database
3858234554,SQL,database
5889220284,Python,language
5860534897,SQL,database
5884150358,SQL,database
5831920950,SQL,database
5889214144,SQL,database
5898477387,SQL,database
5895361883,SQL,database
5875447889,SQL,database
5834753898,SQL,database
5335620495,SQL,database
5519388844,SQL,database
5335620608,SQL,database
5898127704,SQL,database
5894978851,SQL,database
5894978851,AWS,cloud
5808698607,SQL,database
5808698607,Communication,soft_skill
5858131071,ETL,concept
5858131071,SQL,database
5760991992,SQL,database
5883284330,SQL,database
5768474198,SQL,database
5882779584,SQL,database
5762102535,SQL,database
5762956979,SQL,database
5760991991,SQL,database
5883284332,SQL,database
5762102539,SQL,database
1269669735,SQL,database
5889211701,SQL,database
5729533165,SQL,database
5827200333,Python,language
5827200333,SQL,database
4840690446,SQL,database
3370423809,SQL,database
5877455469,ETL,concept
5877455469,SQL,database
5728337474,SQL,database
5335620813,Power BI,bi_tool
5335620813,SQL,database
5335620618,Power BI,bi_tool
5335620618,SQL,database
5472361303,Power BI,bi_tool
5472361303,SQL,database
5882499491,SQL,database
5882499491,AWS,cloud
2224092244,SQL,database
5893057296,Python,language
5893057296,SQL,database
5893057296,Spark,big_data
5818449422,Power BI,bi_tool
5818449422,SQL,database
5891694567,Communication,soft_skill
5884587314,SQL,database
5879667204,SQL,database
5881161713,SQL,database
5860541612,SQL,database
5854880881,SQL,database
5335620862,Azure,cloud
5335620862,SQL,database
5335620790,Azure,cloud
5335620790,SQL,database
5835734498,Azure,cloud
5835734498,SQL,database
5850374044,SQL,database
5850374067,SQL,database
5875065887,SQL,database
5859416002,Python,language
5859416002,SQL,database
5730134021,SQL,database
2412913531,SQL,database
5894230944,ETL,concept
5894230944,SQL,database
5894230944,Snowflake,cloud
5870526707,ETL,concept
5870526707,Azure,cloud
5870526707,Snowflake,cloud
5850371048,SQL,database
5892947031,SQL,database
5891242067,SQL,database
5891242067,Communication,soft_skill
5864338161,SQL,database
3881879585,SQL,database
2344120060,Azure,cloud
2344120060,SQL,database
2344120060,GCP,cloud
2344120060,Tableau,bi_tool
2344120060,Power BI,bi_tool
5894314752,SQL,database
4736197966,SQL,database
4011115949,ETL,concept
4011115949,SQL,database
4011115949,Snowflake,cloud
5854880939,SQL,database
5879140811,SQL,database
4801533297,ETL,concept
2853928281,SQL,database
5879876356,SQL,database
5889559456,ETL,concept
5889559456,SQL,database
5889559456,Communication,soft_skill
4554236930,SQL,database
5890603021,ETL,concept
5890603021,SQL,database
5857744547,SQL,database
2066063264,Python,language
2066063264,SQL,database
2066063264,Spark,big_data
5889555556,SQL,database
4870524473,SQL,database
4870524473,AWS,cloud
5120360737,Python,language
5120360737,SQL,database
3370423808,SQL,database
5859117818,SQL,database
5874261042,Azure,cloud
5874261042,SQL,database
5874261042,GCP,cloud
5874261042,AWS,cloud
5900190846,Power BI,bi_tool
5900190846,SQL,database
1643056649,SQL,database
1643056649,Communication,soft_skill
5778688837,ETL,concept
5778688837,Snowflake,cloud
5727280210,SQL,database
5728317431,SQL,database
5890792894,Azure,cloud
5890792894,ETL,concept
5890792894,SQL,database
5890792894,Spark,big_data
5890792894,Power BI,bi_tool
5890792894,Python,language
5856196516,Python,language
5856196516,SQL,database
4408714117,SQL,database
5832800861,ETL,concept
5832800861,Python,language
5832800861,SQL,database
5832800861,GCP,cloud
5832800846,ETL,concept
5832800846,Python,language
5832800846,SQL,database
5832800846,GCP,cloud
5850377172,SQL,database
4686699718,Excel,spreadsheet
4686699718,SQL,database
5841927304,SQL,database
5728426169,SQL,database
5784360001,Azure,cloud
5784360001,SQL,database
1171507509,SQL,database
5727098483,ETL,concept
5727098483,SQL,database
5727098483,Azure,cloud
5874263934,SQL,database
2193405305,SQL,database
5877842264,SQL,database
5877842264,AWS,cloud
5798585295,ETL,concept
5664858089,SQL,database
5864437244,Azure,cloud
5864437244,SQL,database
5864437244,GCP,cloud
5864437244,AWS,cloud
5886099586,Azure,cloud
5886099586,SQL,database
5886099586,GCP,cloud
5886099586,AWS,cloud
5713404941,ETL,concept
5713404941,Python,language
5713404941,SQL,database
5713404941,Snowflake,cloud
5294954882,SQL,database
5294954882,Communication,soft_skill
5794908354,SQL,database
5879147400,ETL,concept
5879147400,Communication,soft_skill
1171508138,ETL,concept
1171508138,SQL,database
5869160872,Azure,cloud
5869160872,SQL,database
5869160872,Communication,soft_skill
5437002654,SQL,database
5761427948,ETL,concept
5761427948,Python,language
5761427948,Spark,big_data
5761427948,Communication,soft_skill
5861797495,SQL,database
5861797495,GCP,cloud
5861797495,Looker,bi_tool
2986854935,SQL,database
5827200360,AWS,cloud
5827200360,GCP,cloud
5871276672,SQL,database
5885446806,GCP,cloud
2890608916,SQL,database
2890608916,Spark,big_data
2089179865,SQL,database
5702784325,ETL,concept
5702784325,SQL,database
5702784325,Excel,spreadsheet
5702784325,NumPy,library
5702784325,Python,language
5702784325,Pandas,library
4992020463,Spark,big_data
2635526419,SQL,database
2635526419,Spark,big_data
5897060467,Python,language
5897060467,SQL,database
5897060467,GCP,cloud
5712485233,SQL,database
3990661702,Azure,cloud
3990661702,Communication,soft_skill
5791457069,Azure,cloud
5890494509,SQL,database
5518071489,Python,language
5518071489,SQL,database
5850370885,SQL,database
5259134053,ETL,concept
5259134053,SQL,database
5259134053,Spark,big_data
5259134053,Azure,cloud
5812187985,ETL,concept
5812187985,Python,language
5812187985,SQL,database
5812187985,Spark,big_data
5584563378,Communication,soft_skill
1171506600,SQL,database
5700570622,Python,language
5700570622,SQL,database
5700570622,Pandas,library
5700570622,Machine Learning,concept
2664723014,ETL,concept
2664723014,SQL,database
5154792630,SQL,database
3195589073,SQL,database
5673416379,Python,language
5673416379,SQL,database
5673416379,Pandas,library
5673416379,Machine Learning,concept
5727148155,SQL,database
5588303056,SQL,database
5830631782,ETL,concept
5830631782,SQL,database
5761252339,ETL,concept
5761252339,Snowflake,cloud
5770255047,Python,language
5770255047,SQL,database
5900876223,ETL,concept
5900876223,Communication,soft_skill
5879124900,Excel,spreadsheet
5879124900,SQL,database
5879124900,Power BI,bi_tool
3471937820,ETL,concept
5292951735,Power BI,bi_tool
5292951735,Python,language
5292951735,SQL,database
5292951735,AWS,cloud
5859121478,Statistics,concept
5829875728,VBA,language
5741356580,Machine Learning,concept
5889565016,Communication,soft_skill
5530395920,Excel,spreadsheet
5530395920,SQL,database
5530395920,Google Sheets,spreadsheet
5530395920,ETL,concept
5879888267,SQL,database
5879888267,AWS,cloud
5743881589,Machine Learning,concept
5819879583,ETL,concept
5819879583,AWS,cloud
5850376636,Communication,soft_skill
5884854561,Communication,soft_skill
3162281513,Excel,spreadsheet
5103581653,ETL,concept
5103581653,SQL,database
5827930538,ETL,concept
2570069917,SQL,database
2570069917,R,language
2570069917,Excel,spreadsheet
2570069917,Python,language
2570069917,Machine Learning,concept
2570069917,Statistics,concept
2570069917,SAS,language
5734431853,Power BI,bi_tool
5734431853,Snowflake,cloud
5889511659,ETL,concept
5894829297,Statistics,concept
5897065298,Statistics,concept
1171509192,SQL,database
1171509192,R,language
1171509192,Statistics,concept
5859121013,Communication,soft_skill
5875723459,Power BI,bi_tool
5875723459,SQL,database
5843189085,VBA,language
5845820334,SQL,database
5845820334,Tableau,bi_tool
5845820334,NumPy,library
5845820334,Python,language
5845820334,Machine Learning,concept
5845820334,Pandas,library
5845820334,Statistics,concept
5878651788,Power BI,bi_tool
5878651788,Azure,cloud
5880673120,Power BI,bi_tool
5880673120,Azure,cloud
5889555893,Communication,soft_skill
5889085939,Power BI,bi_tool
5889085939,SQL,database
5854880215,Python,language
5854880215,SQL,database
5854880215,Communication,soft_skill
5879113149,ETL,concept
5854880252,Statistics,concept
5895357979,Power BI,bi_tool
5895357979,Tableau,bi_tool
5895357979,Snowflake,cloud
5861223916,R,language
5862781247,R,language
3138985676,Communication,soft_skill
5762096071,Communication,soft_skill
5760320694,Communication,soft_skill
5788464456,ETL,concept
5788464456,Azure,cloud
5788464456,Snowflake,cloud
5811667642,Excel,spreadsheet
5710525460,SQL,database
5710525460,SAS,language
5854880205,Excel,spreadsheet
5854880205,Communication,soft_skill
5887955890,ETL,concept
5887955890,Python,language
5887955890,SQL,database
5887955890,Spark,big_data
5827930636,Communication,soft_skill
5898465435,ETL,concept
5898465435,SQL,database
5898465435,Spark,big_data
5898465435,Communication,soft_skill
5898465435,Python,language
5728368746,SQL,database
5728368746,Communication,soft_skill
5728368746,Tableau,bi_tool
5728368746,Excel,spreadsheet
5728368746,Python,language
5895031495,ETL,concept
5757613157,Communication,soft_skill
5694618151,ETL,concept
5694618151,Python,language
5694618151,Communication,soft_skill
5898655891,ETL,concept
5898655891,Python,language
5898655891,SQL,database
5898655891,Spark,big_data
5722019058,Power BI,bi_tool
5890803586,Communication,soft_skill
5796583281,Communication,soft_skill
5860532754,Statistics,concept
5877278764,Machine Learning,concept
5696845892,Python,language
5696845892,Spark,big_data
5696996383,Python,language
5696996383,Spark,big_data
5856196724,ETL,concept
5856196724,SQL,database
5856196724,Communication,soft_skill
3166190919,Machine Learning,concept
5690807556,Statistics,concept
5879943925,Communication,soft_skill
5868519427,SQL,database
5879670341,Python,language
5890613680,Communication,soft_skill
5697632930,Excel,spreadsheet
5697632930,Machine Learning,concept
5887893382,Communication,soft_skill
5893624265,Communication,soft_skill
5893624265,Statistics,concept
1756230336,Azure,cloud
1756230336,ETL,concept
1756230336,SQL,database
1756230336,AWS,cloud
1756230336,Power BI,bi_tool
5849686622,Python,language
5849686622,Communication,soft_skill
5852129805,Python,language
5852129805,Communication,soft_skill
5870775030,AWS,cloud
5870775030,Communication,soft_skill
5898501981,Statistics,concept
5878630379,ETL,concept
5878630379,Python,language
5894127115,Machine Learning,concept
5894127115,Statistics,concept
5879368563,ETL,concept
5879368563,Python,language
5879368570,ETL,concept
5879368570,Python,language
5879368546,ETL,concept
5879368546,Python,language
5879368560,ETL,concept
5879368560,Python,language
5870446000,SQL,database
5870445996,SQL,database
5336689186,Power BI,bi_tool
5336689186,Python,language
5336689186,Machine Learning,concept
5336689186,Tableau,bi_tool
5884159773,Communication,soft_skill
5864429366,GCP,cloud
5882597931,Azure,cloud
5882597931,Python,language
5882597931,AWS,cloud
5899834473,Azure,cloud
5899834473,SQL,database
5900356790,Azure,cloud
5900356790,SQL,database
5891404866,Power BI,bi_tool
5891404866,Snowflake,cloud
5852139031,Communication,soft_skill
5852139031,GCP,cloud
5852139042,Communication,soft_skill
5852139042,GCP,cloud
5890788848,Azure,cloud
5890788848,Python,language
5890788848,SQL,database
5890788848,AWS,cloud
5894073146,Statistics,concept
5895346396,Statistics,concept
5696020451,Communication,soft_skill
5891403978,Python,language
5891403978,SQL,database
5877296978,Python,language
5727276705,Machine Learning,concept
5852584003,GCP,cloud
5852138591,Power BI,bi_tool
5852138591,Communication,soft_skill
5849688170,Power BI,bi_tool
5849688170,Communication,soft_skill
5834744923,Python,language
5899328310,Power BI,bi_tool
5884159133,Communication,soft_skill
5762954677,Communication,soft_skill
5847672033,ETL,concept
5847672033,Azure,cloud
5847672033,SQL,database
5847672033,Spark,big_data
5847672033,Communication,soft_skill
5847672033,Python,language
5898533226,Communication,soft_skill
5899511514,AWS,cloud
5899511514,GCP,cloud
5870527405,Communication,soft_skill
5808699342,Python,language
5808699342,Machine Learning,concept
5810305115,Communication,soft_skill
5850376696,Communication,soft_skill
5895240050,AWS,cloud
5879668725,Communication,soft_skill
5895599766,AWS,cloud
5899510253,Communication,soft_skill
5895238750,Python,language
5895238750,SQL,database
5870527587,SQL,database
5870527587,Communication,soft_skill
5870527587,AWS,cloud
5893057374,Communication,soft_skill
5855383520,SQL,database
2160609517,Machine Learning,concept
5879362894,AWS,cloud
5879929935,AWS,cloud
5878291353,AWS,cloud
1155088870,Excel,spreadsheet
1155088870,VBA,language
5889569193,Spark,big_data
5831396497,Azure,cloud
5831396534,Azure,cloud
5832798192,Python,language
5832798192,SQL,database
5832798194,Python,language
5832798194,SQL,database
5832798169,Python,language
5832798169,SQL,database
5832798133,Python,language
5832798133,SQL,database
5832798177,Python,language
5832798177,SQL,database
5832798143,Python,language
5832798143,SQL,database
5832798193,Python,language
5832798193,SQL,database
2870616012,Python,language
1985742456,Python,language
1155088244,Communication,soft_skill
5598463972,Python,language
5859122713,Communication,soft_skill
5875204732,Communication,soft_skill
3949356939,Spark,big_data
1440590406,SQL,database
1390327073,SQL,database
2095081639,AWS,cloud
2095081639,Communication,soft_skill
4686707719,Communication,soft_skill
3262155338,SQL,database
4686705798,SQL,database
5451110664,SQL,database
5451110664,Communication,soft_skill
1267100922,Communication,soft_skill
2795055717,Machine Learning,concept
2609531600,Azure,cloud
4801507710,Communication,soft_skill
4686706817,Python,language
4686706817,Communication,soft_skill
4686701897,Azure,cloud
4686701897,SQL,database
4686701897,Communication,soft_skill
5496729204,SQL,database
4686706327,Communication,soft_skill
3044590103,Machine Learning,concept
5576534387,Python,language
4686701585,Statistics,concept
5871275599,Azure,cloud
5871275599,SQL,database
5871275599,Communication,soft_skill
5472370122,SQL,database
1155089222,SQL,database
1163882334,SQL,database
4514376689,SQL,database
1155088789,SQL,database
1155088789,Communication,soft_skill
4686705460,Python,language
4801387369,Communication,soft_skill
2921027182,AWS,cloud
5727160812,Python,language
5727160812,Machine Learning,concept
5727160812,Pandas,library
5727160812,NumPy,library
2349832137,SQL,database
1155089113,SQL,database
2827647386,Azure,cloud
2827647386,SQL,database
4686700153,SQL,database
5120362368,Python,language
5640956111,Python,language
5860540114,SQL,database
5846555955,Azure,cloud
5846555955,Communication,soft_skill
1155089056,Python,language
4801389349,SQL,database
2117090073,SQL,database
2117090073,Communication,soft_skill
5859124309,Communication,soft_skill
5767891902,Azure,cloud
5767891902,SQL,database
1355737302,SQL,database
5831403239,Machine Learning,concept
5566822991,SQL,database
3936570355,Python,language
1171506962,Communication,soft_skill
1155089682,SQL,database
1171507053,Communication,soft_skill
5673907025,SQL,database
1818972648,SQL,database
1818972648,Communication,soft_skill
1161627555,Machine Learning,concept
2042125462,Python,language
2042125462,Communication,soft_skill
1155088998,SQL,database
3355849892,SQL,database
1171508737,SQL,database
4801414439,Azure,cloud
4801414439,SQL,database
4267640118,SQL,database
4992020493,SQL,database
3129682569,SQL,database
2933962358,Python,language
3433221764,Communication,soft_skill
3433222235,Python,language
2061202692,SQL,database
2461074411,Python,language
1452248642,SQL,database
1267100914,Communication,soft_skill
1203909831,Python,language
1528657637,Python,language
2921027181,Python,language
2921027181,Spark,big_data
1612503576,Python,language
1612503576,Communication,soft_skill
1599769773,Communication,soft_skill
1421743877,Python,language
1171509729,Python,language
3742410016,SQL,database
3742410016,GCP,cloud
2761646935,SQL,database
2658062356,Azure,cloud
2658062356,SQL,database
1241694760,Python,language
1241694760,SQL,database
1593882044,AWS,cloud
3142255695,SQL,database
3211114558,SQL,database
3579349843,SQL,database
3579349843,Communication,soft_skill
2619261470,SQL,database
2619261470,Communication,soft_skill
2661551923,SQL,database
2284642417,SQL,database
1291138591,SQL,database
1613512198,SQL,database
1208488975,Communication,soft_skill
1985742201,SQL,database
4117136401,Python,language
4800413107,Python,language
4800413107,Communication,soft_skill
4797235766,Communication,soft_skill
5146501772,Communication,soft_skill
5828882821,Azure,cloud
5828882821,SQL,database
5831396226,GCP,cloud
5831396227,GCP,cloud
5859124331,Communication,soft_skill
4801509959,SQL,database
5877842196,Python,language
5877842196,SQL,database
5877842196,AWS,cloud
5727125223,Python,language
5727125223,SQL,database
5727125223,AWS,cloud
5899536043,Python,language
4686703028,SQL,database
4686703028,Communication,soft_skill
5770924343,R,language
4686704960,SQL,database
4686703513,SQL,database
4686707087,Communication,soft_skill
5706910565,Python,language
5706910565,SQL,database
5706910565,Machine Learning,concept
4686706727,Python,language
4686706727,Communication,soft_skill
4686706952,SQL,database
4686706952,Communication,soft_skill
4686704733,Communication,soft_skill
5794586548,ETL,concept
5889223211,Python,language
5889223211,Communication,soft_skill
5879664972,Communication,soft_skill
5901135951,Python,language
5864438295,SQL,database
5864422808,Communication,soft_skill
5886486633,Python,language
5867114856,Python,language
5864434727,Communication,soft_skill
5891981509,Communication,soft_skill
5896550817,Python,language
5865375987,SQL,database
5865231154,SQL,database
5894389948,AWS,cloud
5884158708,Communication,soft_skill
5873277783,Communication,soft_skill
5898129324,Python,language
5882594144,Communication,soft_skill
5859162361,Python,language
5871846779,Python,language
5871846779,AWS,cloud
5873074248,Python,language
5898126347,Python,language
5886096613,Python,language
5865064516,Python,language
5865064497,Python,language
5882587460,Python,language
5864435757,Python,language
5896964089,Python,language
5851435786,Python,language
5870528638,Python,language
5864440678,Python,language
5895238743,Python,language
5864427249,Python,language
5869485084,Python,language
5869485084,Spark,big_data
5864435639,Python,language
5864432756,Python,language
4686702979,Python,language
5863016077,Python,language
5897259487,ETL,concept
5897259487,Python,language
5897259487,SQL,database
5895257308,Python,language
4686707565,Python,language
4686707565,Machine Learning,concept
5896550841,Python,language
5867446976,Python,language
5867446976,SQL,database
5485049501,Python,language
5900876790,Python,language
5710913309,Python,language
5710913309,SQL,database
4829260179,Python,language
2304189093,Python,language
2304189093,Machine Learning,concept
2304189093,AWS,cloud
4516909521,Python,language
5889514929,Excel,spreadsheet
5889514929,Python,language
3879239382,Python,language
1593881823,Python,language
5850375320,Python,language
5447797221,Python,language
5447797221,SQL,database
5896122676,Python,language
5896122676,SQL,database
1171508030,Python,language
5349949332,Python,language
5349949332,SQL,database
3300501295,Python,language
3300501295,Communication,soft_skill
5832794017,Python,language
5861794528,Python,language
5491349422,Python,language
4686703702,Python,language
2635526345,Python,language
5887125361,Python,language
5854880421,Python,language
5854880455,Python,language
5854880425,Python,language
5369756082,Python,language
5369756082,Communication,soft_skill
5143619315,Python,language
5143619315,Machine Learning,concept
4821763798,Python,language
5896122768,Python,language
5598463954,Python,language
5841126269,Azure,cloud
5841126269,Python,language
5841126269,SQL,database
5729734590,Python,language
5729734590,Communication,soft_skill
5832794132,Python,language
5806452357,Python,language
5871275307,Python,language
5530395854,Python,language
4686704189,Python,language
5374613577,Python,language
5850370935,ETL,concept
5850370935,Python,language
5850370935,SQL,database
5850370935,Pandas,library
5828957450,Python,language
4797235763,Python,language
5898172998,Python,language
5898172998,SQL,database
4563406351,Python,language
4665943590,Python,language
3592404535,Python,language
3592404535,Communication,soft_skill
2764126278,Python,language
5728293287,Excel,spreadsheet
5728293287,Python,language
5728293287,ETL,concept
5889569548,Python,language
4801649611,Python,language
5829876025,Azure,cloud
5829876025,Python,language
5864353182,Python,language
1171507028,Python,language
5677793305,Python,language
5677793305,Machine Learning,concept
2042125725,Python,language
2042125725,SQL,database
3069561918,Python,language
3069561918,Spark,big_data
5882108549,Python,language
5882108549,SQL,database
3532568531,Python,language
3532568531,SQL,database
3532568531,Communication,soft_skill
5859123913,Python,language
5859123913,Communication,soft_skill
1155089838,Python,language
5664889825,ETL,concept
5664889825,Python,language
5664889825,Azure,cloud
5263366617,Python,language
5263366617,Machine Learning,concept
5266516606,Python,language
5266516606,SQL,database
5266516606,Spark,big_data
5266516606,GCP,cloud
4686700414,Python,language
3529447948,Python,language
3529447948,AWS,cloud
3529447948,Spark,big_data
5408092407,Python,language
5408092407,R,language
2539345812,Python,language
5850370781,Python,language
5737956125,Python,language
5871271704,Python,language
5864353799,Python,language
5864353799,AWS,cloud
4775723379,Python,language
5850380076,Python,language
5850380076,SQL,database
5727276063,Python,language
5895354258,Python,language
5895354258,AWS,cloud
5590185213,Python,language
5329695016,Python,language
3048034896,Python,language
5211779169,Python,language
4264108430,Python,language
5489862156,Python,language
4801583198,Python,language
4089643514,Python,language
1605742025,Python,language
1605742025,Pandas,library
1605742025,NumPy,library
1605742025,Spark,big_data
4595317345,Azure,cloud
4595317345,Excel,spreadsheet
4595317345,NumPy,library
4595317345,Python,language
4595317345,Pandas,library
5503838296,Python,language
5503838296,SQL,database
4344577340,Python,language
4344577340,Machine Learning,concept
4344577340,Pandas,library
4344577340,NumPy,library
2809243583,Python,language
5213471844,Python,language
4267565249,Python,language
4267565249,SQL,database
4422497555,Azure,cloud
4422497555,SQL,database
4422497555,GCP,cloud
4422497555,AWS,cloud
4422497555,Python,language
5664858158,Python,language
5664858158,SQL,database
5858378342,Python,language
5825579750,Python,language
5825579750,SQL,database
5825579750,Spark,big_data
2529047516,Python,language
5889545693,Python,language
3812502541,SQL,database
3812502541,AWS,cloud
3812502541,NumPy,library
3812502541,Python,language
3812502541,Pandas,library
5211779257,Python,language
5871787951,Python,language
5850378620,Python,language
5850378637,Python,language
5850378609,Python,language
4093649579,Python,language
2430478509,Python,language
4224222418,Python,language
4224222418,AWS,cloud
4219943779,Python,language
4219943779,AWS,cloud
5384284563,Python,language
5391702481,Python,language
2686604234,Python,language
2686604234,AWS,cloud
3262155098,Python,language
2658062372,Python,language
2658062372,SQL,database
4686703881,Excel,spreadsheet
4686703881,Python,language
4686703881,SQL,database
3064220306,Python,language
5896657565,Python,language
4514376571,Python,language
4011115980,Python,language
4011115980,Communication,soft_skill
5395387040,Python,language
2128687008,Python,language
2128687008,AWS,cloud
2631733706,ETL,concept
2631733706,Python,language
2631733706,SQL,database
1714382986,Python,language
3002148982,Python,language
3002148982,Snowflake,cloud
2773784168,Python,language
2297742676,ETL,concept
2297742676,Python,language
4992020454,Python,language
4992020454,Communication,soft_skill
4066883894,SQL,database
4066883894,AWS,cloud
4066883894,NumPy,library
4066883894,Python,language
4066883894,Pandas,library
5856197110,Python,language
5718442708,Python,language
5718442708,AWS,cloud
5727088345,Python,language
5727088345,Communication,soft_skill
5322590990,Python,language
5322590990,SQL,database
1171507863,Python,language
4987812587,Python,language
3138985687,Azure,cloud
3138985687,Python,language
3138985687,Communication,soft_skill
5632840245,Python,language
2940980492,Python,language
4514376570,Python,language
4514376570,Machine Learning,concept
2092427815,Python,language
5877842297,Python,language
4579520393,Python,language
2182384173,Python,language
5727278740,Python,language
4801538881,Python,language
2921027948,Python,language
2921027948,Pandas,library
2921027948,NumPy,library
4829024559,Python,language
3471937127,Python,language
3471937127,Communication,soft_skill
2471002373,Python,language
5618649663,Python,language
5588939823,Python,language
2653476350,Python,language
5616947388,Python,language
5616947388,SQL,database
5616947388,AWS,cloud
5503837550,Python,language
5333342098,Python,language
5333342098,SQL,database
5333342098,AWS,cloud
3873655845,Python,language
5899549649,Python,language
3370423342,Python,language
3370423342,Machine Learning,concept
3370423342,AWS,cloud
5243343406,Python,language
5243343406,SQL,database
5243343406,AWS,cloud
2709289125,Python,language
5709155610,Python,language
1529270793,Python,language
1348032189,Python,language
1348032189,Machine Learning,concept
4469529524,Python,language
5856197354,Python,language
4034480406,Python,language
2406632705,Python,language
2406632705,Machine Learning,concept
2406636966,Python,language
2406636966,Machine Learning,concept
2745712943,Python,language
5877845417,Python,language
5877845419,Python,language
3115911545,ETL,concept
3115911545,Python,language
3115911545,SQL,database
3115911545,AWS,cloud
4267564896,Python,language
4267564896,AWS,cloud
1780133825,Python,language
5402580314,Azure,cloud
5402580314,Python,language
5402580314,SQL,database
5402580314,AWS,cloud
4160690928,Python,language
2989122167,Python,language
5672787197,SQL,database
5672787197,AWS,cloud
5672787197,NumPy,library
5672787197,Python,language
5672787197,Pandas,library
2583051773,Python,language
4575298966,Python,language
5805992317,Python,language
5398528762,Python,language
5398528762,Communication,soft_skill
2421874397,Python,language
5683906140,Python,language
5683906140,Communication,soft_skill
5189473638,Python,language
5189473638,SQL,database
5897043596,Python,language
2401642531,Python,language
5850376291,Python,language
5850376291,SQL,database
2577819090,Python,language
4992020423,Python,language
2605401893,Python,language
5850380226,Python,language
5618649666,Python,language
5862885230,Python,language
1161627478,Python,language
5831396194,Azure,cloud
5831396194,Python,language
5696997507,Python,language
1171509650,Python,language
1171509650,Machine Learning,concept
5169680406,Python,language
1316186815,Python,language
1316186815,SQL,database
4322837047,Python,language
2268923116,Python,language
2012359384,Python,language
1760464349,Python,language
1760464349,SQL,database
3732169514,Python,language
5879924623,Python,language
5879924623,SQL,database
5879924623,AWS,cloud
1187086679,Python,language
4470867367,Python,language
1566013144,Python,language
1171508298,Python,language
1171508298,Communication,soft_skill
5727257677,Python,language
5369756724,Python,language
2036168927,Python,language
5171570286,Azure,cloud
5171570286,Python,language
5171570286,SQL,database
1155089074,Python,language
4329072885,Python,language
4329072885,SQL,database
4329072885,Spark,big_data
5801031860,Python,language
1171507688,Python,language
3138985674,Python,language
3433222221,Python,language
3433222221,SQL,database
2974405033,Python,language
4344578609,Python,language
2472912688,Python,language
2472912688,SQL,database
1155089114,Python,language
3729381851,Python,language
3729381851,AWS,cloud
5317457594,Azure,cloud
5317457594,Python,language
5317457594,SQL,database
5317457594,AWS,cloud
3032212564,Python,language
1575031017,Azure,cloud
1575031017,Python,language
1575031017,AWS,cloud
1575031017,Communication,soft_skill
5442283693,Python,language
5442283693,SQL,database
1171508575,Python,language
1171508575,SQL,database
4307979546,Python,language
4307979546,SQL,database
3332674363,Python,language
3332674363,SQL,database
5728291091,Python,language
2797875620,Python,language
2179591060,Python,language
2179591060,SQL,database
2179591060,Pandas,library
2179591060,AWS,cloud
4188586948,Python,language
5827637709,Python,language
5827637709,SQL,database
5827637709,AWS,cloud
5029472026,Python,language
5029472026,Machine Learning,concept
5892247376,Python,language
5899925028,Azure,cloud
5899925028,Python,language
5899925028,AWS,cloud
3358992004,Python,language
3358992004,SQL,database
5850376427,Python,language
5871280567,ETL,concept
5871280567,Python,language
5871280567,SQL,database
5871280567,Communication,soft_skill
2500156477,Python,language
1171506792,Python,language
3081711109,Python,language
3145537254,Python,language
5535372875,Azure,cloud
5535372875,Python,language
5856196551,Python,language
5856196551,SQL,database
2061202290,Python,language
2782428660,SQL,database
2782428660,NumPy,library
2782428660,Python,language
2782428660,Machine Learning,concept
2782428660,Pandas,library
4216428030,Python,language
4216428030,AWS,cloud
4216428030,R,language
4216428030,Communication,soft_skill
5830069741,Python,language
5830069741,Communication,soft_skill
5830069741,SAS,language
2378705146,Python,language
4928060323,Excel,spreadsheet
4928060323,Python,language
2452148653,Python,language
5451110640,Python,language
5451110640,AWS,cloud
5451110640,Pandas,library
5451110759,Python,language
5059732942,Python,language
5059732942,Spark,big_data
5059732942,NumPy,library
5059732942,Communication,soft_skill
5421529146,Python,language
5421529146,SQL,database
3932395123,Python,language
3932395123,SQL,database
3932395123,Pandas,library
3932395123,Communication,soft_skill
1750562804,Python,language
1750562804,Pandas,library
1171508670,ETL,concept
1171508670,Python,language
1171508670,SQL,database
1171508670,R,language
2198352819,Python,language
2198352819,Statistics,concept
1171509236,Python,language
1171509236,SQL,database
1155089651,Python,language
1155089651,SQL,database
1155089651,AWS,cloud
1155089386,Python,language
1155089376,Python,language
1171506556,Python,language
1171506556,SQL,database
1155089267,Python,language
2436918615,Python,language
2436918615,AWS,cloud
2953661301,Python,language
2953661301,SQL,database
2439782907,Python,language
2439782907,SQL,database
2442629412,Python,language
1171508923,Python,language
1171508963,Python,language
1171508475,Python,language
1171508475,Communication,soft_skill
3003838590,Python,language
3003838590,SQL,database
5648257761,Python,language
5664890045,SQL,database
5664890045,Communication,soft_skill
5664890045,GCP,cloud
5664890045,AWS,cloud
5664890045,Python,language
5686193726,Python,language
5682006185,Python,language
5682006185,SQL,database
5682006185,Communication,soft_skill
5682006185,AWS,cloud
4767001634,Python,language
4767001634,SQL,database
5233829829,ETL,concept
5233829829,Python,language
5233829829,SQL,database
5482747790,Python,language
5482747790,SQL,database
1814560764,Python,language
2673447693,Python,language
1171508779,Python,language
1171508849,Python,language
1171508849,Machine Learning,concept
1171508849,NumPy,library
1171508780,ETL,concept
1171508780,Python,language
1171508780,SQL,database
1171508780,Spark,big_data
2105189147,Python,language
2105189147,SQL,database
2105189147,AWS,cloud
1161627847,Python,language
1161627847,SQL,database
1161627809,Python,language
1161627809,SQL,database
1161627809,Communication,soft_skill
2458411538,Python,language
1171508444,Python,language
1171508444,SQL,database
1171508444,AWS,cloud
1171507865,Python,language
5289459877,Python,language
5289459877,SQL,database
4451646446,Python,language
5030876098,Python,language
5030876098,AWS,cloud
5116934898,Python,language
4344578130,Python,language
4344578130,AWS,cloud
4344578322,Azure,cloud
4344578322,Python,language
4344578322,AWS,cloud
4344578322,GCP,cloud
3592405053,Python,language
3592405053,SQL,database
5501134565,Python,language
5501134565,SQL,database
5501134565,AWS,cloud
5026718777,Python,language
5026718777,SQL,database
4992020509,Python,language
4992020509,SQL,database
4930975256,Python,language
4930975256,SQL,database
4923081744,Python,language
4813806998,Python,language
4813806998,SQL,database
4813806998,AWS,cloud
4992020451,Python,language
4397380088,Python,language
4397380088,AWS,cloud
4344577987,Python,language
4344577987,SQL,database
5390642654,Azure,cloud
5390642654,Python,language
5390642654,AWS,cloud
5390642654,GCP,cloud
5018233636,Python,language
5018233636,SQL,database
4988851228,Excel,spreadsheet
4988851228,Python,language
4988851228,Communication,soft_skill
4801501479,Python,language
4797235764,Python,language
4797235764,SQL,database
4797235764,AWS,cloud
4488335412,Python,language
4344576816,Python,language
4344576816,SQL,database
4344578055,Python,language
4344578055,SQL,database
3897906036,Python,language
3897906036,SQL,database
3053605196,Python,language
3053605196,SQL,database
2921029279,Python,language
3038221913,Python,language
3038221913,SQL,database
3038221913,AWS,cloud
3081711967,SQL,database
3081711967,R,language
3081711967,AWS,cloud
3081711967,NumPy,library
3081711967,Python,language
3081711967,Machine Learning,concept
3081711967,Pandas,library
2542676838,Python,language
2542676838,SQL,database
2500156108,Python,language
2909916453,Python,language
2396448636,Python,language
1523384630,Python,language
1372516604,Python,language
2577819550,Azure,cloud
2577819550,SQL,database
2577819550,GCP,cloud
2577819550,AWS,cloud
2577819550,Python,language
4168691743,Python,language
3471937831,Azure,cloud
3471937831,Python,language
3471937831,AWS,cloud
3471937831,GCP,cloud
3269975350,Python,language
3064219906,Python,language
3546812466,Azure,cloud
3546812466,Python,language
3546812466,Communication,soft_skill
3452171213,Python,language
2893624096,Python,language
2893624096,SQL,database
3839969395,Python,language
2465015392,Azure,cloud
2465015392,Python,language
2465015392,AWS,cloud
4174928821,Python,language
4174928821,SQL,database
4174928821,AWS,cloud
2635526355,Python,language
2635526355,SQL,database
2843394663,Python,language
2843394663,AWS,cloud
2650464073,Python,language
2650464073,SQL,database
3370423495,Python,language
3370423495,SQL,database
1931353658,Python,language
1931353658,SQL,database
1931353658,AWS,cloud
2210352469,Python,language
2221676147,Python,language
2221676147,AWS,cloud
2221676147,Communication,soft_skill
1171507956,Python,language
1171507956,Machine Learning,concept
1171509553,Python,language
1155088367,Python,language
1155088367,SQL,database
2730877123,Python,language
5171459109,Azure,cloud
5171459109,Python,language
5171459109,SQL,database
5171459135,Python,language
5171459135,SQL,database
4990143339,Python,language
4990143337,Python,language
5247531557,Python,language
5247531557,SQL,database
5247531557,NumPy,library
5023813612,Python,language
3332674216,Python,language
3332674216,SQL,database
3175702612,Python,language
3693772414,Python,language
3693772414,SQL,database
3262153918,Python,language
3262153744,Python,language
2924157896,Azure,cloud
2924157896,Python,language
2924157896,AWS,cloud
2924157896,GCP,cloud
3370423651,Python,language
3370423651,Communication,soft_skill
2867261253,Python,language
2867261253,Pandas,library
2867261253,NumPy,library
2989122315,Python,language
2989122315,SQL,database
2326842425,Python,language
2003486102,SQL,database
2003486102,AWS,cloud
2003486102,NumPy,library
2003486102,Python,language
2003486102,Pandas,library
2877593869,SQL,database
2877593869,Spark,big_data
2877593869,GCP,cloud
2877593869,AWS,cloud
2877593869,Python,language
1628502904,Python,language
1628502904,SQL,database
1628502904,Machine Learning,concept
2072200784,Python,language
2066062211,Python,language
2066062211,SQL,database
2526321610,Python,language
3719716082,Python,language
2644596938,Python,language
1546544926,Python,language
1294003605,Python,language
1640188246,Snowflake,cloud
1640188246,AWS,cloud
1640188246,NumPy,library
1640188246,Python,language
1640188246,Pandas,library
2360884214,Python,language
2360884214,SQL,database
2360884214,Pandas,library
2360884214,AWS,cloud
1299760103,Python,language
1569751903,Python,language
1156683281,Python,language
1612503651,Python,language
1612503651,AWS,cloud
3881879719,Python,language
4590722112,ETL,concept
4590722112,Python,language
4590722112,SQL,database
4590722112,NumPy,library
4128073006,Python,language
4128073006,SQL,database
4128073006,Communication,soft_skill
4267565191,Python,language
4267565191,Spark,big_data
5691093237,SQL,database
5691093237,NumPy,library
5691093237,Python,language
5691093237,Machine Learning,concept
5691093237,Pandas,library
5675806342,Python,language
5829887464,ETL,concept
5829887464,Python,language
5070422530,Python,language
5070422530,Machine Learning,concept
5839227965,Python,language
5839227965,AWS,cloud
5850377209,Python,language
5850377212,Python,language
5856197083,Python,language
5856196531,Python,language
5856197484,Python,language
5853554305,Python,language
5853554305,AWS,cloud
5820996386,Python,language
5820996386,SQL,database
5896657838,Python,language
5898173049,Python,language
5898173049,SQL,database
4686700589,Python,language
4686701080,Python,language
4686701080,Communication,soft_skill
4686702425,Python,language
4686702425,SQL,database
4686702425,AWS,cloud
5692865421,Python,language
5692865421,SQL,database
5692865421,Spark,big_data
4686707114,Excel,spreadsheet
4686707114,Python,language
4686707114,VBA,language
4686706333,Python,language
5864438514,Python,language
5900875660,Python,language
5900875660,SAS,language
5900875923,Python,language
5900875923,SAS,language
5889346215,Python,language
5889346215,SQL,database
5700553939,Python,language
5879139701,Python,language
5859121537,Python,language
5815226656,ETL,concept
5815226656,Python,language
5861794176,Python,language
4705817962,Python,language
4705817962,AWS,cloud
4705817962,NumPy,library
5503836635,Python,language
2100653400,Python,language
5727277917,Python,language
5897176680,Python,language
5813706785,Python,language
5860548500,Python,language
5860548500,AWS,cloud
5141411013,Python,language
5889570391,Python,language
5416720146,Python,language
5869814200,Python,language
5869814200,SQL,database
5869814200,Spark,big_data
5333342087,Python,language
5333342087,SQL,database
5333342087,Spark,big_data
5294954268,Python,language
4250934974,Python,language
4250934974,SQL,database
4250934974,Snowflake,cloud
4801618879,Python,language
3290772466,Python,language
5879139657,Python,language
5574696213,Python,language
4637209253,Python,language
5850371055,Python,language
5870788533,Python,language
4932378926,Python,language
3930744521,Python,language
3930744521,Machine Learning,concept
5266460283,Python,language
1768990350,Python,language
5588939539,Python,language
4871496565,Python,language
4482389913,Python,language
4245556166,Python,language
5813706015,Python,language
5557106590,ETL,concept
5557106590,Python,language
3304263817,Python,language
3979065163,Python,language
5336689180,Python,language
5876478755,Azure,cloud
5876478755,Python,language
5876478755,AWS,cloud
5876478755,GCP,cloud
4547502590,Python,language
3069561938,Python,language
5870785410,Python,language
5870764783,Python,language
3468845921,Python,language
5858389842,Python,language
5858389842,AWS,cloud
5900714948,Python,language
5900714948,AWS,cloud
4344577785,Python,language
4344577785,Machine Learning,concept
4344577785,Pandas,library
4344577785,NumPy,library
2335672836,Python,language
2335672836,SQL,database
5658009088,Python,language
1725352072,Python,language
5701125957,Python,language
4841889608,Python,language
5840277274,GCP,cloud
5880949874,Snowflake,cloud
5891976525,Communication,soft_skill
5884157857,ETL,concept
5884157857,AWS,cloud
5884641255,ETL,concept
5884641255,Azure,cloud
5884641255,SQL,database
5884641255,Spark,big_data
5884641255,Python,language
5699844765,ETL,concept
5896287305,AWS,cloud
5896287305,GCP,cloud
5879141824,Azure,cloud
5879141824,SQL,database
5879141824,Spark,big_data
5879141824,AWS,cloud
5879141824,Python,language
5849239026,Snowflake,cloud
1171507698,Spark,big_data
5859756611,Machine Learning,concept
1701090389,Statistics,concept
5713891292,AWS,cloud
5854877511,ETL,concept
5842742745,Communication,soft_skill
5842742745,Snowflake,cloud
5211779206,ETL,concept
5211779206,Spark,big_data
5211779206,Communication,soft_skill
5211779206,Snowflake,cloud
5211779206,Python,language
5895065684,ETL,concept
5891924962,ETL,concept
5891924962,Azure,cloud
5891924962,SQL,database
5891924962,Spark,big_data
5891924962,GCP,cloud
5891924962,Snowflake,cloud
5891924962,AWS,cloud
5850378551,GCP,cloud
5801014710,Azure,cloud
5801014710,SQL,database
5801014710,Spark,big_data
5801014710,GCP,cloud
5801014710,Snowflake,cloud
5801014710,AWS,cloud
5810752150,Azure,cloud
5810752150,SQL,database
5810752150,Spark,big_data
5810752150,GCP,cloud
5810752150,Snowflake,cloud
5810752150,AWS,cloud
4346785862,ETL,concept
4346785862,Communication,soft_skill
5177433412,Azure,cloud
5177433412,SQL,database
5177433412,GCP,cloud
5177433412,AWS,cloud
5177433412,Python,language
3122594053,ETL,concept
3122594053,Python,language
3949357068,SQL,database
3126296689,Communication,soft_skill
4267564510,ETL,concept
4267564510,Azure,cloud
5831395879,ETL,concept
5839224559,ETL,concept
5839224559,Azure,cloud
5839224559,SQL,database
5839224559,Spark,big_data
5839224559,Python,language
5839224573,ETL,concept
5839224573,Azure,cloud
5839224573,SQL,database
5839224573,Spark,big_data
5839224573,Python,language
5839224619,ETL,concept
5839224619,Azure,cloud
5839224619,SQL,database
5839224619,Spark,big_data
5839224619,Python,language
5843012325,Azure,cloud
5843012325,SQL,database
5894179588,ETL,concept
5894179588,Python,language
5894179588,GCP,cloud
5886487277,Snowflake,cloud
5880950410,SQL,database
5886487285,Snowflake,cloud
5854472117,Azure,cloud
5734901573,Snowflake,cloud
4203224532,Python,language
4203224532,Spark,big_data
2200659940,Snowflake,cloud
5699844763,ETL,concept
5225609546,Python,language
5790570843,Snowflake,cloud
2212711842,Spark,big_data
5727218856,Communication,soft_skill
5796782245,ETL,concept
5832800218,ETL,concept
5832800218,Azure,cloud
5832800218,Spark,big_data
5747224301,Snowflake,cloud
3552823071,Spark,big_data
5870121473,SQL,database
5870121473,Snowflake,cloud
5586625129,Azure,cloud
5773363938,Azure,cloud
5867446952,Azure,cloud
5867446952,AWS,cloud
5862885309,AWS,cloud
5879561809,Azure,cloud
5879561809,Spark,big_data
5859760702,GCP,cloud
5894077921,Snowflake,cloud
5856196404,Snowflake,cloud
5840371561,GCP,cloud
2635526478,Azure,cloud
2635526478,SQL,database
2635526478,Spark,big_data
2330849392,Python,language
2330849392,SQL,database
2330849392,Spark,big_data
2330849392,AWS,cloud
5724963971,Azure,cloud
5850376630,Power BI,bi_tool
5850376630,Azure,cloud
5870445887,Excel,spreadsheet
5870445887,AWS,cloud
5876480852,ETL,concept
5876480852,SQL,database
5891892977,Snowflake,cloud
5900750402,Excel,spreadsheet
5900750402,AWS,cloud
5778261043,ETL,concept
5778261043,Machine Learning,concept
5778261043,Azure,cloud
5854444391,Communication,soft_skill
5895239137,Snowflake,cloud
4801600723,Azure,cloud
4801600723,Python,language
4801600723,Machine Learning,concept
5859122454,SQL,database
5859122521,SQL,database
5859122425,SQL,database
5656238796,Machine Learning,concept
5656238796,AWS,cloud
5752911684,Azure,cloud
5752911684,Snowflake,cloud
5752911687,Azure,cloud
5752911687,Snowflake,cloud
4801509830,Azure,cloud
5774008291,ETL,concept
5858121099,Azure,cloud
5736159322,GCP,cloud
5736159322,Snowflake,cloud
5856944638,ETL,concept
5856944638,Python,language
5856944638,SQL,database
5856944638,Azure,cloud
5553961563,SQL,database
3409850784,Azure,cloud
5703380124,AWS,cloud
5703380124,GCP,cloud
5747224300,Azure,cloud
5871271811,Azure,cloud
5629202289,SQL,database
5525009684,SQL,database
5841439746,Snowflake,cloud
5879141789,ETL,concept
5879141789,Machine Learning,concept
5879141789,GCP,cloud
5859117882,Azure,cloud
5727119728,Azure,cloud
5615949018,Communication,soft_skill
5550727030,Azure,cloud
5550727030,AWS,cloud
5550727030,Snowflake,cloud
5721342015,Azure,cloud
5721342015,AWS,cloud
5721342015,Snowflake,cloud
5879933242,Communication,soft_skill
5900718375,Excel,spreadsheet
5884159219,Communication,soft_skill
5786628853,Azure,cloud
5728326534,Snowflake,cloud
5442082869,Python,language
5442082869,Spark,big_data
5850380085,Azure,cloud
5850380085,AWS,cloud
5730134006,AWS,cloud
5442082851,Python,language
5442082851,Spark,big_data
5878709674,AWS,cloud
5897949559,AWS,cloud
5897949559,Communication,soft_skill
5897949559,Snowflake,cloud
5898479580,Azure,cloud
5898479580,GCP,cloud
5897176667,Spark,big_data
5841919100,SQL,database
5856196814,ETL,concept
5891691860,Snowflake,cloud
5888093496,ETL,concept
5888093496,Communication,soft_skill
5895358968,AWS,cloud
5467675799,Machine Learning,concept
4845853732,Communication,soft_skill
5728451925,Communication,soft_skill
5850378515,ETL,concept
5850378515,GCP,cloud
1608508466,Machine Learning,concept
5827199651,AWS,cloud
5827199651,Snowflake,cloud
5850375503,SQL,database
5850375503,Communication,soft_skill
5877842308,Spark,big_data
5877842308,Snowflake,cloud
5813414198,Python,language
5813414198,Snowflake,cloud
5813414197,Python,language
5813414197,Snowflake,cloud
5813414196,Python,language
5813414196,Snowflake,cloud
5728373334,Excel,spreadsheet
5886487312,Azure,cloud
5897680975,Azure,cloud
5898178933,Azure,cloud
5841126280,ETL,concept
5841126280,SQL,database
5841126280,Azure,cloud
5838429843,Azure,cloud
5838429843,Snowflake,cloud
5846915137,Power BI,bi_tool
5846915137,Snowflake,cloud
5116934917,SQL,database
5116934917,Snowflake,cloud
5116934917,Looker,bi_tool
5116934917,AWS,cloud
5623893047,Azure,cloud
5623893047,GCP,cloud
5856197032,Azure,cloud
5856197032,SQL,database
5856197032,GCP,cloud
5856197032,Snowflake,cloud
5467687175,ETL,concept
5467687175,GCP,cloud
5868118029,Excel,spreadsheet
5868118029,ETL,concept
5761807318,Excel,spreadsheet
5750979149,Machine Learning,concept
5728425704,Excel,spreadsheet
5619530422,Excel,spreadsheet
5752344701,Excel,spreadsheet
5752344701,Looker,bi_tool
5877450933,ETL,concept
5728353017,GCP,cloud
5885979007,Azure,cloud
5856197342,ETL,concept
5899869918,ETL,concept
5852570724,Spark,big_data
5899850586,AWS,cloud
5899850586,Snowflake,cloud
5884158497,ETL,concept
5884158497,Spark,big_data
5752370968,ETL,concept
5752370968,Python,language
5752370968,Spark,big_data
5845820315,Machine Learning,concept
5869821060,Python,language
5752362918,Statistics,concept
5890613681,Communication,soft_skill
5899510639,AWS,cloud
5897302322,Snowflake,cloud
5300337897,AWS,cloud
5902287266,Communication,soft_skill
5901424887,Power BI,bi_tool
5903927781,Machine Learning,concept
5891226525,Python,language
5891226525,SQL,database
5903008902,Communication,soft_skill
5902511235,ETL,concept
5902511235,SQL,database
5903790480,Excel,spreadsheet
5727098377,Power BI,bi_tool
5727098377,Python,language
5727098377,SQL,database
5727098377,Looker,bi_tool
5905913197,Statistics,concept
5905899192,Communication,soft_skill
5902914866,Statistics,concept
5902912355,ETL,concept
5902912355,SQL,database
5903518522,Communication,soft_skill
5903790561,SQL,database
5903790561,Tableau,bi_tool
5903790561,NumPy,library
5903790561,Looker,bi_tool
5903790561,Power BI,bi_tool
5903790561,Python,language
5903790561,Pandas,library
5905878736,Communication,soft_skill
5904039341,Communication,soft_skill
5755736751,Communication,soft_skill
5851141530,Statistics,concept
5834752688,Communication,soft_skill
5859121228,Communication,soft_skill
5850636017,Statistics,concept
5856447374,R,language
5856447389,R,language
5836839248,Power BI,bi_tool
5836839248,Communication,soft_skill
5872786182,R,language
5872786172,R,language
5896367278,R,language
5897951700,R,language
4192429586,Communication,soft_skill
3138985665,SQL,database
4397462772,Excel,spreadsheet
4397462772,Python,language
4397462772,Communication,soft_skill
4397462772,VBA,language
5754765939,Communication,soft_skill
5829885758,VBA,language
5841129918,Statistics,concept
5832800266,Communication,soft_skill
5838432987,Communication,soft_skill
5861793318,SQL,database
5861793318,Communication,soft_skill
5861793318,Snowflake,cloud
5861793318,R,language
5861793318,Power BI,bi_tool
5861793318,Python,language
5861793318,Statistics,concept
5861793318,SAS,language
5869814078,Python,language
5869814078,SQL,database
5869814078,Machine Learning,concept
5869814078,AWS,cloud
5814393049,Machine Learning,concept
5879141463,Communication,soft_skill
5903326187,Spark,big_data
5903326187,GCP,cloud
5905880067,Communication,soft_skill
5887946461,Python,language
5887946461,SQL,database
5887946461,Spark,big_data
5887946461,Communication,soft_skill
5458953672,SQL,database
5458953672,Spark,big_data
5824131818,Python,language
5824131818,Spark,big_data
5824131818,Statistics,concept
5869814087,Python,language
5869814087,SQL,database
5869814087,Machine Learning,concept
5869814087,AWS,cloud
5756181759,Power BI,bi_tool
5756181759,Communication,soft_skill
5897957723,ETL,concept
5885451003,Tableau,bi_tool
5883377937,Statistics,concept
5858131069,Excel,spreadsheet
5858131069,Python,language
5858131069,SQL,database
5858131069,VBA,language
5333342202,Power BI,bi_tool
5333342202,Python,language
5333342202,Machine Learning,concept
5333342202,Tableau,bi_tool
5897924893,Statistics,concept
5161304220,Excel,spreadsheet
5161304220,Statistics,concept
5874224174,ETL,concept
5874224174,Machine Learning,concept
5874224174,Communication,soft_skill
4514376542,Communication,soft_skill
5216157760,Communication,soft_skill
5877844187,Power BI,bi_tool
5877844187,Tableau,bi_tool
5877844187,Looker,bi_tool
5899550126,ETL,concept
5899550128,ETL,concept
5249443156,Excel,spreadsheet
5890494495,SQL,database
5901707785,Machine Learning,concept
5901707785,Communication,soft_skill
5890240441,ETL,concept
5890240441,Machine Learning,concept
5890240441,Azure,cloud
5907102724,Communication,soft_skill
5905062694,Communication,soft_skill
5904502834,Communication,soft_skill
5728412938,Excel,spreadsheet
5902987743,Excel,spreadsheet
5901482445,Communication,soft_skill
5728320595,Communication,soft_skill
5840375788,Communication,soft_skill
5727187360,Communication,soft_skill
5861792749,Communication,soft_skill
5861792780,Communication,soft_skill
5861794160,Communication,soft_skill
5868115386,Power BI,bi_tool
5868115386,SQL,database
5868115386,ETL,concept
5869817157,Communication,soft_skill
5869817165,Communication,soft_skill
5869817151,Communication,soft_skill
5869817171,Communication,soft_skill
5869817154,Communication,soft_skill
5876480359,Communication,soft_skill
5885975382,Communication,soft_skill
5727196529,Communication,soft_skill
5551080056,Azure,cloud
5551080056,SQL,database
5551080056,Communication,soft_skill
5551080056,Excel,spreadsheet
5551080056,Python,language
5551080056,Machine Learning,concept
5551080056,Statistics,concept
4686706847,Communication,soft_skill
4686707530,Excel,spreadsheet
4686707530,VBA,language
5883250964,Power BI,bi_tool
5883250964,Statistics,concept
5875610375,Communication,soft_skill
5820889390,Communication,soft_skill
5883870465,Communication,soft_skill
5871260173,Communication,soft_skill
5899029050,Communication,soft_skill
5600060974,Communication,soft_skill
5897259348,Communication,soft_skill
5898655967,Communication,soft_skill
5894769883,Communication,soft_skill
5850345065,Power BI,bi_tool
5850345065,SQL,database
5892386728,SQL,database
5904970948,SQL,database
5907461636,Python,language
5907461636,SQL,database
5907461636,Machine Learning,concept
5907461667,SQL,database
5907461667,SAS,language
5902287288,ETL,concept
5902287288,Python,language
5902287288,SQL,database
5902287288,Statistics,concept
5903790268,ETL,concept
5903790268,Python,language
5903790268,SQL,database
5903790268,Statistics,concept
5902358508,Power BI,bi_tool
5903326190,Power BI,bi_tool
5903326190,SQL,database
5903326190,Communication,soft_skill
5905906364,SQL,database
5904052569,Communication,soft_skill
5903326073,Power BI,bi_tool
5903326073,Communication,soft_skill
5896068592,Power BI,bi_tool
5903420357,Power BI,bi_tool
5903420357,Tableau,bi_tool
5905420677,Power BI,bi_tool
5905420677,SQL,database
5903325999,Power BI,bi_tool
5903325999,Communication,soft_skill
5901762365,Power BI,bi_tool
5901762365,SQL,database
5907315296,Power BI,bi_tool
5907315296,Python,language
5907315296,Tableau,bi_tool
5839177259,Power BI,bi_tool
5839177259,SQL,database
5839177259,Azure,cloud
5904503127,Power BI,bi_tool
5904503127,SQL,database
5904503127,Tableau,bi_tool
5863638631,Power BI,bi_tool
5863638631,SQL,database
5863638631,Tableau,bi_tool
5863638631,Snowflake,cloud
5904171618,Power BI,bi_tool
5904171618,SQL,database
5904171618,Azure,cloud
5902729645,Power BI,bi_tool
5727200480,Power BI,bi_tool
5902910663,Excel,spreadsheet
5902910663,Power BI,bi_tool
5901873297,Power BI,bi_tool
5901873297,Python,language
5901873297,SQL,database
5889566884,Power BI,bi_tool
5841133069,Power BI,bi_tool
5841133069,SQL,database
5832799208,Power BI,bi_tool
5732601809,Power BI,bi_tool
5704232633,Power BI,bi_tool
5704232633,Communication,soft_skill
5704232633,ETL,concept
5832799210,Power BI,bi_tool
5767891835,Power BI,bi_tool
5767891835,SQL,database
5767891835,Snowflake,cloud
2745715854,Power BI,bi_tool
2745715854,SQL,database
2745715854,Communication,soft_skill
2745715854,Azure,cloud
5860548433,Power BI,bi_tool
5860548433,SQL,database
5860548433,Azure,cloud
5860548433,Snowflake,cloud
5801694086,Power BI,bi_tool
5801694086,Snowflake,cloud
5905890774,Power BI,bi_tool
5904037136,Power BI,bi_tool
5750081650,Power BI,bi_tool
5750081650,SQL,database
5750081650,Snowflake,cloud
5899863328,Power BI,bi_tool
5481315435,Power BI,bi_tool
5806011369,Power BI,bi_tool
5806011369,SQL,database
5796078089,Power BI,bi_tool
2979713806,Power BI,bi_tool
5869817115,Power BI,bi_tool
5897056309,Power BI,bi_tool
5805536273,Power BI,bi_tool
5805536273,Communication,soft_skill
4992020286,Power BI,bi_tool
5467215132,Power BI,bi_tool
5905908412,Power BI,bi_tool
5905908412,SQL,database
5905908412,ETL,concept
5905918872,Power BI,bi_tool
5887958374,Power BI,bi_tool
4344578985,Power BI,bi_tool
4344578985,Azure,cloud
5860532977,Power BI,bi_tool
5860532977,SQL,database
5860532977,ETL,concept
5860532644,Power BI,bi_tool
5860532644,ETL,concept
5878651559,Power BI,bi_tool
5878651559,Snowflake,cloud
5850374414,Power BI,bi_tool
5895535350,Power BI,bi_tool
5728406573,Power BI,bi_tool
5728406573,Communication,soft_skill
5841959805,Power BI,bi_tool
5851857189,Power BI,bi_tool
5842742756,Power BI,bi_tool
5842742756,SQL,database
5842742756,Snowflake,cloud
5796558323,Power BI,bi_tool
5796558323,SQL,database
5903325992,Power BI,bi_tool
5903325992,Communication,soft_skill
5903325992,Snowflake,cloud
5902729866,Power BI,bi_tool
5902729866,Snowflake,cloud
5773363809,Power BI,bi_tool
5773363809,SQL,database
5846910034,Power BI,bi_tool
5890789348,Power BI,bi_tool
5880590939,Power BI,bi_tool
5880590939,Python,language
5880590939,SQL,database
5904981709,Power BI,bi_tool
5904981709,SQL,database
1171508224,Power BI,bi_tool
1171508224,SQL,database
5780539590,Power BI,bi_tool
5885446748,Power BI,bi_tool
5856941197,Power BI,bi_tool
5905062502,Communication,soft_skill
5895662197,Power BI,bi_tool
5895662197,Communication,soft_skill
5697962692,Power BI,bi_tool
5875448422,Power BI,bi_tool
5856196951,Power BI,bi_tool
5856196951,Snowflake,cloud
5645839800,Power BI,bi_tool
5243420253,Power BI,bi_tool
5806011376,Power BI,bi_tool
5806011376,Azure,cloud
5885446708,Power BI,bi_tool
5885446708,Azure,cloud
5885446708,ETL,concept
5900718808,Power BI,bi_tool
5890802332,Power BI,bi_tool
5752338472,Power BI,bi_tool
5752338472,ETL,concept
5873152590,Power BI,bi_tool
5787271296,Power BI,bi_tool
5873771240,Power BI,bi_tool
5873771240,Python,language
5873771240,R,language
5873771240,VBA,language
5873771233,Power BI,bi_tool
5873771233,Python,language
5873771233,R,language
5873771233,VBA,language
5873771232,Power BI,bi_tool
5873771232,Python,language
5873771232,R,language
5873771232,VBA,language
4491793626,Power BI,bi_tool
4491793626,Azure,cloud
4491793626,Communication,soft_skill
5903437144,Power BI,bi_tool
5904171593,Power BI,bi_tool
5875611386,Power BI,bi_tool
5882778966,Power BI,bi_tool
5882778966,SQL,database
5882778966,ETL,concept
5890487275,Power BI,bi_tool
5877848843,ETL,concept
5877848843,SQL,database
5877848843,Spark,big_data
5877848843,Power BI,bi_tool
5877848843,Python,language
5854846991,Power BI,bi_tool
5850339258,Power BI,bi_tool
5505313896,Power BI,bi_tool
5505313896,Snowflake,cloud
5876949364,Power BI,bi_tool
5876949354,Power BI,bi_tool
5905062479,VBA,language
5803881926,Power BI,bi_tool
5734753624,Power BI,bi_tool
5827928628,Power BI,bi_tool
5847851558,Power BI,bi_tool
5847851558,R,language
5847851575,Power BI,bi_tool
5847851575,R,language
5768605459,Power BI,bi_tool
4776172600,Power BI,bi_tool
5802376853,Power BI,bi_tool
5871846615,Communication,soft_skill
5765994628,Power BI,bi_tool
5765994628,SQL,database
5765994628,ETL,concept
5628296962,Power BI,bi_tool
5628296962,Python,language
5628296962,SQL,database
5628296962,GCP,cloud
5604490522,Power BI,bi_tool
5604490522,Python,language
5604490522,SQL,database
5604490522,GCP,cloud
5604490515,Power BI,bi_tool
5604490515,Python,language
5604490515,SQL,database
5604490515,GCP,cloud
5876478890,Communication,soft_skill
5871275932,Power BI,bi_tool
5871275932,SQL,database
5871275932,Communication,soft_skill
5474637417,Power BI,bi_tool
5831403042,Power BI,bi_tool
5831403042,Communication,soft_skill
5453613842,Power BI,bi_tool
5453613842,Communication,soft_skill
5898469175,Power BI,bi_tool
5898469175,SQL,database
5898469175,Azure,cloud
5746063234,Power BI,bi_tool
5746063234,Communication,soft_skill
5850377857,Power BI,bi_tool
5883899535,Power BI,bi_tool
5880151313,ETL,concept
5880151313,Machine Learning,concept
5695355908,Power BI,bi_tool
5695355908,Communication,soft_skill
5850380301,Power BI,bi_tool
5850380301,SQL,database
5885979111,Power BI,bi_tool
5885979111,Communication,soft_skill
5889513780,Power BI,bi_tool
5889513780,Communication,soft_skill
3314541066,Excel,spreadsheet
3314541066,VBA,language
3314541066,SQL,database
3314541066,Power BI,bi_tool
5875069126,Excel,spreadsheet
5875069126,Power BI,bi_tool
5875069126,Google Sheets,spreadsheet
5902914264,Communication,soft_skill
5796368300,Excel,spreadsheet
5796368300,Power BI,bi_tool
5796368300,Google Sheets,spreadsheet
5841133109,Power BI,bi_tool
5841133109,Communication,soft_skill
5879937176,Power BI,bi_tool
5871273583,Power BI,bi_tool
5871273583,Communication,soft_skill
5794908433,Power BI,bi_tool
5794908433,SQL,database
5842589952,Power BI,bi_tool
5859122709,Power BI,bi_tool
5793254754,Power BI,bi_tool
5793254754,Communication,soft_skill
5793254754,Snowflake,cloud
4586051011,Power BI,bi_tool
5901873546,Python,language
5901873546,SQL,database
5829192977,Communication,soft_skill
5023813634,Power BI,bi_tool
5023813634,Communication,soft_skill
5889579061,Power BI,bi_tool
5889579061,SQL,database
5746739140,Power BI,bi_tool
5746739140,ETL,concept
5861227981,Power BI,bi_tool
5861227981,Communication,soft_skill
5885138089,Power BI,bi_tool
5885138089,SQL,database
5885138089,Azure,cloud
5885138089,ETL,concept
5829196414,Power BI,bi_tool
5869179190,Power BI,bi_tool
5903326095,Power BI,bi_tool
5903326095,Communication,soft_skill
5904049258,Power BI,bi_tool
5904049258,Communication,soft_skill
5875526730,Power BI,bi_tool
5904171679,ETL,concept
5904171679,SQL,database
5904171679,Communication,soft_skill
5904171679,Tableau,bi_tool
5904171679,Power BI,bi_tool
5872591301,Power BI,bi_tool
5872591301,SQL,database
5872591301,ETL,concept
5861793665,Power BI,bi_tool
5861793665,SQL,database
4596884483,ETL,concept
4596884483,Spark,big_data
4596884483,Communication,soft_skill
4596884483,Power BI,bi_tool
4596884483,Python,language
5902729762,Power BI,bi_tool
5902729762,SQL,database
5902729762,Azure,cloud
5652820534,Power BI,bi_tool
5652820534,Communication,soft_skill
5849710792,Power BI,bi_tool
5905372500,Power BI,bi_tool
5832082864,Excel,spreadsheet
5832082864,SQL,database
5832082864,Power BI,bi_tool
5893467174,Power BI,bi_tool
5893467174,SQL,database
5635457037,Power BI,bi_tool
5903011588,Power BI,bi_tool
5903011588,Communication,soft_skill
5903011588,Tableau,bi_tool
5720070711,Azure,cloud
5720070711,ETL,concept
5720070711,SQL,database
5720070711,Snowflake,cloud
5720070711,Excel,spreadsheet
5720070711,Power BI,bi_tool
5887894113,Power BI,bi_tool
5887894113,SQL,database
5842547801,Power BI,bi_tool
5842547801,SQL,database
5859117649,Power BI,bi_tool
5859117649,Python,language
5859117649,Statistics,concept
5862802595,Power BI,bi_tool
5862802593,Power BI,bi_tool
5856196504,Power BI,bi_tool
5856196504,SQL,database
5856196504,ETL,concept
5821219320,Power BI,bi_tool
5833594389,Power BI,bi_tool
5768562740,Power BI,bi_tool
3335226338,Power BI,bi_tool
3335226338,SQL,database
5399889699,Power BI,bi_tool
5592722442,Power BI,bi_tool
5592722442,ETL,concept
5872591272,Power BI,bi_tool
5907467384,Power BI,bi_tool
5907467384,SQL,database
5885476434,Communication,soft_skill
5897026596,Power BI,bi_tool
5872129851,Power BI,bi_tool
5870767556,Power BI,bi_tool
5904952016,ETL,concept
5904952016,Python,language
5907101735,SQL,database
5903326011,Communication,soft_skill
5903326011,Tableau,bi_tool
5902729856,Tableau,bi_tool
5904051391,Tableau,bi_tool
5903064032,Tableau,bi_tool
5905897060,Tableau,bi_tool
5905897060,Snowflake,cloud
5782488668,Power BI,bi_tool
5782488668,Communication,soft_skill
5782488668,Tableau,bi_tool
5904041172,Python,language
5904041172,SQL,database
5904041172,Tableau,bi_tool
5833341578,Excel,spreadsheet
5833341578,Python,language
5833341578,VBA,language
5885696617,Communication,soft_skill
1171508880,ETL,concept
1171508880,SQL,database
1171509154,ETL,concept
1171509154,SQL,database
5851857417,Power BI,bi_tool
5851857417,Tableau,bi_tool
5840370533,Communication,soft_skill
5857743287,Communication,soft_skill
5511879669,Python,language
5511879669,SQL,database
5850379330,Tableau,bi_tool
5856197746,ETL,concept
5856197746,Python,language
5856197746,SQL,database
5856197746,Spark,big_data
5808699321,Power BI,bi_tool
5808699321,ETL,concept
5808699321,Tableau,bi_tool
5905926393,Tableau,bi_tool
5902779236,Machine Learning,concept
5902779236,Statistics,concept
5043651955,ETL,concept
5043651955,AWS,cloud
4139352917,Python,language
4139352917,Spark,big_data
4139352917,Tableau,bi_tool
4139352917,Snowflake,cloud
5446299096,Python,language
5446299096,Machine Learning,concept
5446299096,R,language
5446299096,Statistics,concept
5854880196,SQL,database
5831403310,Communication,soft_skill
5861794543,Machine Learning,concept
5861794543,Statistics,concept
5862121127,Communication,soft_skill
5886007102,Communication,soft_skill
5103581664,ETL,concept
5103581664,Tableau,bi_tool
5103581664,Looker,bi_tool
5103581664,Power BI,bi_tool
5103581664,Python,language
5030876074,ETL,concept
5030876074,AWS,cloud
5857747648,SQL,database
5857747648,Communication,soft_skill
5857747648,R,language
5857747648,Tableau,bi_tool
5857747648,Excel,spreadsheet
5857747648,Power BI,bi_tool
5857747648,Python,language
5887936631,ETL,concept
5887936631,Python,language
5887936631,SQL,database
5887936631,Snowflake,cloud
5743802845,Tableau,bi_tool
5850371351,Communication,soft_skill
5900355027,SQL,database
5900355027,Tableau,bi_tool
3013476077,Communication,soft_skill
5868702074,Power BI,bi_tool
5868702074,SQL,database
5868702074,Tableau,bi_tool
5878627261,Communication,soft_skill
5833014567,Communication,soft_skill
5745858936,ETL,concept
5745858936,Azure,cloud
5745858936,SQL,database
5745858936,Snowflake,cloud
5745858936,Tableau,bi_tool
5745858936,Power BI,bi_tool
5850372017,Communication,soft_skill
5850372017,Statistics,concept
5827202787,SQL,database
5827202787,Tableau,bi_tool
5827202787,Excel,spreadsheet
5827202787,Power BI,bi_tool
5827202787,Python,language
5872591235,Communication,soft_skill
5879144584,AWS,cloud
5879144584,Snowflake,cloud
5848360729,Power BI,bi_tool
5848360729,SQL,database
5848360729,Communication,soft_skill
5848360729,Tableau,bi_tool
5880113749,Power BI,bi_tool
5880113749,Communication,soft_skill
5880113749,Tableau,bi_tool
5822426438,Communication,soft_skill
5822426438,Tableau,bi_tool
1171507777,Python,language
1171507777,R,language
1171507777,Tableau,bi_tool
5637337130,ETL,concept
5637337130,Communication,soft_skill
2349832052,Communication,soft_skill
3830882266,ETL,concept
3830882266,Communication,soft_skill
3830882266,Snowflake,cloud
2042125197,SQL,database
2042125197,Spark,big_data
2042125197,GCP,cloud
2042125197,AWS,cloud
2042125197,Python,language
5103707572,Power BI,bi_tool
5103707572,Tableau,bi_tool
5850375785,ETL,concept
5850375785,SQL,database
5850375785,Spark,big_data
5850375785,Snowflake,cloud
5850375785,Python,language
5850375427,ETL,concept
5850375427,SQL,database
5869818735,ETL,concept
5869818735,SQL,database
5869818735,Spark,big_data
5869818735,AWS,cloud
5869818735,Python,language
5869818735,Machine Learning,concept
5869818731,ETL,concept
5869818731,SQL,database
5869818731,Spark,big_data
5869818731,AWS,cloud
5869818731,Python,language
5869818731,Machine Learning,concept
5873576378,SQL,database
5873576378,Communication,soft_skill
5904539456,Excel,spreadsheet
5904539456,Power BI,bi_tool
5904539456,Tableau,bi_tool
5860548452,SQL,database
5787197227,Communication,soft_skill
5423085410,SQL,database
5423085410,Tableau,bi_tool
5423085410,AWS,cloud
5906274209,SQL,database
5906274209,Communication,soft_skill
5906274209,Snowflake,cloud
5868702376,Excel,spreadsheet
5868702376,Power BI,bi_tool
5868702376,Tableau,bi_tool
5875235773,SQL,database
5442283701,SQL,database
4946208665,Power BI,bi_tool
4946208665,Communication,soft_skill
4946208665,Tableau,bi_tool
5757704052,Azure,cloud
5757704052,SQL,database
5757704052,Spark,big_data
5757704052,GCP,cloud
5757704052,AWS,cloud
5757704052,Python,language
4052482589,Tableau,bi_tool
4052482589,Looker,bi_tool
5832798170,Communication,soft_skill
5860533608,Power BI,bi_tool
5860533608,Communication,soft_skill
5860533608,Tableau,bi_tool
5860533608,SAS,language
5861794418,VBA,language
5887875556,Communication,soft_skill
5895065626,ETL,concept
5895065626,AWS,cloud
5895065626,GCP,cloud
5905903742,SQL,database
5652823035,Tableau,bi_tool
5839577084,Communication,soft_skill
5333342190,Excel,spreadsheet
5333342190,SQL,database
5333342190,Tableau,bi_tool
5333342190,Power BI,bi_tool
4817753087,Tableau,bi_tool
5581807731,Python,language
5581807731,SQL,database
5581807731,Communication,soft_skill
5856197135,Communication,soft_skill
5868123500,ETL,concept
5720426103,Communication,soft_skill
5720426103,Tableau,bi_tool
5453630743,SQL,database
5453630743,Tableau,bi_tool
5898508030,SQL,database
5898508030,Tableau,bi_tool
5870119833,Power BI,bi_tool
5870119833,SQL,database
5870119833,Tableau,bi_tool
5832795795,Machine Learning,concept
5832795795,Statistics,concept
5840187659,Python,language
5840187659,SQL,database
5855470779,Power BI,bi_tool
5855470779,SQL,database
5855470779,ETL,concept
5855470779,Tableau,bi_tool
5896122740,ETL,concept
5725352189,SQL,database
5725352189,Tableau,bi_tool
5725352189,NumPy,library
5725352189,Power BI,bi_tool
5725352189,Python,language
5725352189,Pandas,library
5888770721,Communication,soft_skill
5333342189,Power BI,bi_tool
5333342189,Python,language
5333342189,Machine Learning,concept
5333342189,Tableau,bi_tool
5347327431,SQL,database
5347327431,Tableau,bi_tool
5347327431,Excel,spreadsheet
5347327431,Power BI,bi_tool
5347327431,Python,language
5347327431,Machine Learning,concept
5347327431,Statistics,concept
5905062788,Azure,cloud
5905062645,Spark,big_data
5902633851,Machine Learning,concept
5902633851,Statistics,concept
5899028643,Machine Learning,concept
5899028643,Statistics,concept
5904502854,ETL,concept
5904502854,Communication,soft_skill
5904502854,Machine Learning,concept
5904502854,Statistics,concept
5802024636,Machine Learning,concept
5802024636,Python,language
5802024636,SQL,database
5802024636,Statistics,concept
5902987699,Machine Learning,concept
5902987699,Statistics,concept
5903249179,Machine Learning,concept
5903249179,Python,language
5903249179,SQL,database
5903249179,Statistics,concept
5905882064,Communication,soft_skill
5905882064,Statistics,concept
5903790508,Machine Learning,concept
5903790508,Python,language
5903790508,SQL,database
5903790508,Statistics,concept
5905444031,Python,language
5905444031,Machine Learning,concept
5903790580,Machine Learning,concept
5903790580,Statistics,concept
5906994028,Machine Learning,concept
5889564934,ETL,concept
5889564934,Machine Learning,concept
5745209656,Machine Learning,concept
1171507817,Python,language
1171507817,Machine Learning,concept
1171507817,R,language
1171507817,Statistics,concept
5832794030,Azure,cloud
5832794030,Spark,big_data
5832794030,Snowflake,cloud
5832794030,Python,language
5832794030,Machine Learning,concept
5832794030,Statistics,concept
5060868669,Power BI,bi_tool
5060868669,Statistics,concept
5060868669,ETL,concept
1171507431,Machine Learning,concept
4514376324,Machine Learning,concept
2214920287,Python,language
2214920287,Machine Learning,concept
2214920287,Statistics,concept
5857745839,Machine Learning,concept
5857745839,Communication,soft_skill
5905434147,Python,language
5905434147,Machine Learning,concept
5905434147,Spark,big_data
5905434147,Statistics,concept
5111436607,Statistics,concept
1299755790,Statistics,concept
4344579006,Machine Learning,concept
4344579006,Statistics,concept
1171507756,Machine Learning,concept
5887913628,Machine Learning,concept
5117034495,Machine Learning,concept
5117034495,Statistics,concept
5860532934,SQL,database
5860532934,R,language
5860532934,Python,language
5860532934,Machine Learning,concept
5860532934,Statistics,concept
4708090728,Statistics,concept
5879552109,Python,language
5879552109,Machine Learning,concept
5879552109,Statistics,concept
5832089103,Machine Learning,concept
2286364449,Python,language
2286364449,Machine Learning,concept
1391362992,Python,language
1391362992,R,language
1391362992,Spark,big_data
5724964049,Python,language
5724964049,Machine Learning,concept
5724964049,Pandas,library
5724964049,NumPy,library
5199143284,Machine Learning,concept
5899549718,Machine Learning,concept
5727255283,Statistics,concept
5526154039,ETL,concept
5526154039,Communication,soft_skill
5526154039,Machine Learning,concept
5526154039,Statistics,concept
5850377854,Machine Learning,concept
5850377854,Statistics,concept
5317457676,Machine Learning,concept
5317457676,Statistics,concept
4201304160,Python,language
4988851172,Statistics,concept
1171507759,Communication,soft_skill
1901122601,SQL,database
1901122601,Spark,big_data
1901122601,AWS,cloud
1901122601,Python,language
1901122601,Machine Learning,concept
2373548974,Python,language
2373548974,Machine Learning,concept
2373548974,R,language
2373548974,Statistics,concept
5294954876,SQL,database
5294954876,R,language
5294954876,Excel,spreadsheet
5294954876,Power BI,bi_tool
5294954876,Python,language
5294954876,Machine Learning,concept
5899549783,ETL,concept
5899549783,Azure,cloud
5899549783,GCP,cloud
5899549783,AWS,cloud
5899549783,Python,language
5899549783,Machine Learning,concept
5893831776,Machine Learning,concept
5893831776,Statistics,concept
5893831776,AWS,cloud
3949357008,SQL,database
3949357008,Spark,big_data
3949357008,Python,language
3949357008,Machine Learning,concept
3949357008,Statistics,concept
1155089200,Python,language
1155089200,Machine Learning,concept
1155089200,R,language
1155089200,Spark,big_data
1171507796,ETL,concept
1171507796,Statistics,concept
1171507796,Tableau,bi_tool
3138985421,Machine Learning,concept
5872122437,Spark,big_data
5872122437,Statistics,concept
1171508613,ETL,concept
1171508613,NumPy,library
1171508613,Python,language
1171508613,Machine Learning,concept
1171508613,Pandas,library
1171508613,Statistics,concept
1171507560,Machine Learning,concept
1899703576,Python,language
1899703576,Machine Learning,concept
1899703576,Statistics,concept
1899703576,Communication,soft_skill
5111436576,Machine Learning,concept
5111436576,Statistics,concept
5877297003,Statistics,concept
1171507772,Python,language
1171507772,Spark,big_data
2149341505,Python,language
2149341505,SQL,database
2149341505,Machine Learning,concept
3138985678,Python,language
3138985678,Statistics,concept
5849326925,R,language
5849326918,R,language
5876718185,Statistics,concept
1171508648,Python,language
1171508648,Machine Learning,concept
1171508648,R,language
1171508648,Statistics,concept
4055100165,SQL,database
4055100165,R,language
4055100165,Excel,spreadsheet
4055100165,Python,language
4055100165,Machine Learning,concept
4055100165,Statistics,concept
5727221007,Spark,big_data
5727221007,Communication,soft_skill
5727221007,Python,language
5727221007,Machine Learning,concept
5727221007,Pandas,library
4590722018,SQL,database
4590722018,Spark,big_data
4590722018,Python,language
4590722018,Machine Learning,concept
4590722018,Statistics,concept
3409849801,Machine Learning,concept
3409849801,Statistics,concept
5732598415,Machine Learning,concept
5732598415,Statistics,concept
5678915470,Machine Learning,concept
5678915470,Statistics,concept
5905922586,Machine Learning,concept
4836571827,Communication,soft_skill
4836571827,Machine Learning,concept
4836571827,Statistics,concept
4488335425,Machine Learning,concept
2870615534,Machine Learning,concept
1455832759,Machine Learning,concept
1455832759,Statistics,concept
4801490502,Machine Learning,concept
4451646441,Machine Learning,concept
2468164036,Machine Learning,concept
5871276019,Communication,soft_skill
5871276019,Statistics,concept
4089643464,Machine Learning,concept
3138985690,Machine Learning,concept
4344578472,Machine Learning,concept
4344578472,Communication,soft_skill
5878275266,Machine Learning,concept
5637337123,Python,language
5637337123,Machine Learning,concept
5847851471,R,language
5767596493,R,language
5849326922,R,language
5553911456,ETL,concept
5553911456,SQL,database
5553911456,NumPy,library
5553911456,Python,language
5553911456,Pandas,library
5741045334,SQL,database
5741045334,NumPy,library
5741045334,Python,language
5741045334,Machine Learning,concept
5741045334,Pandas,library
3949356910,Statistics,concept
3025811218,Machine Learning,concept
5861795559,Machine Learning,concept
5861795559,Statistics,concept
5684449558,Statistics,concept
4950142330,Statistics,concept
5692863719,Statistics,concept
5904046420,Machine Learning,concept
5904046420,Statistics,concept
1846500973,Statistics,concept
5904044208,Statistics,concept
5905895497,Communication,soft_skill
5907459912,Statistics,concept
5754723560,Communication,soft_skill
1171507110,Machine Learning,concept
1171507110,Statistics,concept
5705902202,Communication,soft_skill
4990759660,Communication,soft_skill
4514376006,Statistics,concept
4590721240,Machine Learning,concept
4497917090,Machine Learning,concept
4344577558,Python,language
4344577558,Machine Learning,concept
4344577558,Statistics,concept
3471937848,SQL,database
3471937848,R,language
3471937848,Python,language
3471937848,Machine Learning,concept
3471937848,Statistics,concept
4038698071,Machine Learning,concept
4038698071,Statistics,concept
2766490909,Python,language
2766490909,Machine Learning,concept
2766490909,Pandas,library
2766490909,NumPy,library
2742137142,Python,language
2742137142,Machine Learning,concept
3772618777,Python,language
3772618777,Machine Learning,concept
3772618777,Statistics,concept
4216757974,SQL,database
4216757974,NumPy,library
4216757974,Python,language
4216757974,Machine Learning,concept
4216757974,Pandas,library
5120360652,Python,language
5839221213,Machine Learning,concept
5839221213,Pandas,library
5859121423,Machine Learning,concept
5859121423,Statistics,concept
5868110494,Python,language
5879146852,Machine Learning,concept
5879146853,Machine Learning,concept
5889554094,ETL,concept
5889554094,Python,language
5889554094,Spark,big_data
5834744427,Azure,cloud
5834744427,AWS,cloud
5898505028,Machine Learning,concept
5898505028,Communication,soft_skill
5905925754,Machine Learning,concept
5905925754,Pandas,library
5905925754,NumPy,library
5436984749,Machine Learning,concept
5436984749,Statistics,concept
5808699365,Machine Learning,concept
4801471014,Spark,big_data
4801471014,Communication,soft_skill
4801471014,GCP,cloud
4801471014,Excel,spreadsheet
4801471014,AWS,cloud
4801471014,Power BI,bi_tool
4801471014,Python,language
4801471014,Statistics,concept
5849678027,Spark,big_data
5849678027,Communication,soft_skill
5849678027,GCP,cloud
5849678027,Excel,spreadsheet
5849678027,AWS,cloud
5849678027,Power BI,bi_tool
5849678027,Python,language
5849678027,Statistics,concept
5845820460,Machine Learning,concept
5794600580,Python,language
5872040466,SQL,database
5872040466,Spark,big_data
5872040466,Communication,soft_skill
5872040466,Python,language
5872040466,Machine Learning,concept
5872040466,Statistics,concept
5902287312,ETL,concept
5897259639,Machine Learning,concept
5572928787,Python,language
5572928787,Machine Learning,concept
5741045331,Machine Learning,concept
5828603087,Python,language
5828603087,Machine Learning,concept
5808699370,Machine Learning,concept
5851857170,Machine Learning,concept
5891582202,Python,language
5891582202,Machine Learning,concept
4989655257,Communication,soft_skill
5503837631,Machine Learning,concept
5877184044,Machine Learning,concept
5905062484,Machine Learning,concept
5903291637,Machine Learning,concept
5904171601,Machine Learning,concept
5904171601,AWS,cloud
5727268693,Machine Learning,concept
5905902469,Machine Learning,concept
5905902469,Communication,soft_skill
5840174988,Machine Learning,concept
5840174988,Spark,big_data
5886981849,Python,language
5886981849,Machine Learning,concept
5886981849,Statistics,concept
5891226531,Python,language
5891226531,Machine Learning,concept
5902695029,Machine Learning,concept
5904773394,Machine Learning,concept
5907315377,Machine Learning,concept
5907315241,Machine Learning,concept
5905912092,Machine Learning,concept
5905912092,Communication,soft_skill
5904922642,Machine Learning,concept
5904047215,Machine Learning,concept
5907430797,Machine Learning,concept
5901762433,Machine Learning,concept
5874241534,Machine Learning,concept
5903530354,Machine Learning,concept
5905884785,Machine Learning,concept
5903518262,Machine Learning,concept
5903295431,Machine Learning,concept
5729680428,Python,language
5729680428,Machine Learning,concept
5777484491,Machine Learning,concept
5777484491,Statistics,concept
5895079076,Machine Learning,concept
5895079076,Statistics,concept
5779373774,Machine Learning,concept
5779373774,Statistics,concept
5779827709,Machine Learning,concept
5779827709,Statistics,concept
5779827683,Machine Learning,concept
5779827683,Statistics,concept
5896366436,Machine Learning,concept
5896366436,Statistics,concept
5839227949,Machine Learning,concept
5881104838,Machine Learning,concept
5903249154,Machine Learning,concept
5903249154,Python,language
5903249154,SQL,database
5903249154,Statistics,concept
5789378065,Machine Learning,concept
5767155006,Machine Learning,concept
5702299871,Machine Learning,concept
5889785904,Machine Learning,concept
5708033052,Machine Learning,concept
5832795910,Machine Learning,concept
5767871214,Machine Learning,concept
5767871214,Statistics,concept
1171508595,Machine Learning,concept
1171508595,AWS,cloud
5869816610,Machine Learning,concept
5871788151,ETL,concept
5871788151,Machine Learning,concept
5860534598,Python,language
5860534598,Machine Learning,concept
5776765928,Machine Learning,concept
5818422290,Machine Learning,concept
5853695534,Machine Learning,concept
5902916047,Machine Learning,concept
5565604463,Machine Learning,concept
5850636089,Machine Learning,concept
5877844171,Azure,cloud
5877844171,Machine Learning,concept
5877844171,GCP,cloud
5877844171,AWS,cloud
5678349790,Machine Learning,concept
5678349790,GCP,cloud
5750962689,Python,language
5750962689,Machine Learning,concept
5856197019,Machine Learning,concept
5616903522,Machine Learning,concept
4103847665,Machine Learning,concept
5808699285,Machine Learning,concept
1346641523,Machine Learning,concept
5897044364,Machine Learning,concept
5897044364,Communication,soft_skill
5643980461,Machine Learning,concept
5643980461,AWS,cloud
1171507938,Machine Learning,concept
1171507938,Communication,soft_skill
5892689824,Machine Learning,concept
5816232173,Machine Learning,concept
5875742181,Machine Learning,concept
5857745883,Python,language
5857745883,Machine Learning,concept
5830632754,Machine Learning,concept
5868118019,Machine Learning,concept
5868118019,AWS,cloud
5895368800,Machine Learning,concept
5852146283,Machine Learning,concept
5852584879,Machine Learning,concept
5853357016,Machine Learning,concept
5884512393,Machine Learning,concept
5898498106,Machine Learning,concept
5902722335,Machine Learning,concept
5841932432,Machine Learning,concept
5634980595,Machine Learning,concept
5899861992,Machine Learning,concept
5854321189,Machine Learning,concept
5832082352,Machine Learning,concept
5833032594,Machine Learning,concept
5890481507,Machine Learning,concept
5832795854,ETL,concept
5832795854,Machine Learning,concept
5850338840,Machine Learning,concept
5895352387,Excel,spreadsheet
5895352387,Machine Learning,concept
5895065911,Excel,spreadsheet
5895065911,Machine Learning,concept
5739126063,Machine Learning,concept
5696989139,Machine Learning,concept
5696989139,Communication,soft_skill
5856983289,Machine Learning,concept
5884512317,Machine Learning,concept
5831403077,Machine Learning,concept
5880151311,Machine Learning,concept
5835729298,Machine Learning,concept
5876939373,Machine Learning,concept
5731647837,Machine Learning,concept
5782443104,Excel,spreadsheet
5782443104,Machine Learning,concept
5882778999,Machine Learning,concept
5722023650,Machine Learning,concept
5834761256,Machine Learning,concept
5895065892,Machine Learning,concept
5886377403,Machine Learning,concept
5886377403,Spark,big_data
5871532296,Machine Learning,concept
5905062530,Python,language
5905062974,Python,language
5904146473,Machine Learning,concept
5903288478,Machine Learning,concept
5554096168,Machine Learning,concept
5906234927,Machine Learning,concept
5902562270,Azure,cloud
5858138388,Machine Learning,concept
5858138388,Statistics,concept
5889085899,Machine Learning,concept
5889085899,Statistics,concept
5856983373,Machine Learning,concept
5856983373,Statistics,concept
5885969791,Machine Learning,concept
5859753834,Machine Learning,concept
5859753834,Statistics,concept
5859419690,Machine Learning,concept
5859419690,Statistics,concept
5862290342,Machine Learning,concept
5862290342,Statistics,concept
5902583929,Machine Learning,concept
5902583929,Statistics,concept
5652053919,ETL,concept
5652053919,Azure,cloud
5652053919,SQL,database
5652053919,AWS,cloud
5652053919,Python,language
5652053919,Machine Learning,concept
5811916388,Machine Learning,concept
5811916388,Statistics,concept
5811916432,Machine Learning,concept
5811916432,Statistics,concept
5811916449,Machine Learning,concept
5811916449,Statistics,concept
5827642099,Machine Learning,concept
5827642099,Statistics,concept
5657222643,ETL,concept
5657222643,Azure,cloud
5657222643,SQL,database
5657222643,AWS,cloud
5657222643,Python,language
5657222643,Machine Learning,concept
5851860936,ETL,concept
5851860936,Machine Learning,concept
5851860936,Statistics,concept
5857752074,Python,language
5857752074,Machine Learning,concept
4635943333,Machine Learning,concept
4635943333,AWS,cloud
5902369438,Machine Learning,concept
5794908359,Machine Learning,concept
3576196749,Machine Learning,concept
3576196749,Statistics,concept
5877295599,Machine Learning,concept
5881137590,Machine Learning,concept
5827638028,Machine Learning,concept
5778257614,Machine Learning,concept
1199705485,Python,language
1199705485,Machine Learning,concept
5811321223,Machine Learning,concept
5811321223,AWS,cloud
5905918417,Machine Learning,concept
1171509158,Machine Learning,concept
1161627553,Machine Learning,concept
1746423036,Machine Learning,concept
1161627540,Machine Learning,concept
5815815766,Machine Learning,concept
5899849548,Machine Learning,concept
5906173597,Machine Learning,concept
5902583651,Machine Learning,concept
5823359337,Machine Learning,concept
5905460945,Machine Learning,concept
1171509054,Machine Learning,concept
1171509054,Communication,soft_skill
5900355008,Machine Learning,concept
2782428676,SQL,database
2782428676,Machine Learning,concept
5878284641,Machine Learning,concept
5891575852,Machine Learning,concept
5870765332,Machine Learning,concept
5869206449,Machine Learning,concept
5832073435,Machine Learning,concept
5895058495,Machine Learning,concept
5750965185,Machine Learning,concept
5885997407,Excel,spreadsheet
5885997407,Machine Learning,concept
5889568568,Excel,spreadsheet
5889568568,Machine Learning,concept
5888770778,Excel,spreadsheet
5888770778,Machine Learning,concept
5888770820,Excel,spreadsheet
5888770820,Machine Learning,concept
5888770773,Excel,spreadsheet
5888770773,Machine Learning,concept
5696862167,SQL,database
5696862167,Machine Learning,concept
5885693130,Machine Learning,concept
5887944403,Machine Learning,concept
5887944403,Communication,soft_skill
5824132152,Machine Learning,concept
5687739757,Machine Learning,concept
5728833093,Machine Learning,concept
5902562534,Spark,big_data
5878840134,Machine Learning,concept
5899028925,Machine Learning,concept
5899028912,Machine Learning,concept
5783496362,Python,language
5783496362,Machine Learning,concept
5781967120,Machine Learning,concept
5878711950,Machine Learning,concept
5784970696,Machine Learning,concept
5900348852,Machine Learning,concept
1161627548,Machine Learning,concept
4216428269,Machine Learning,concept
4216428269,AWS,cloud
5854445892,Machine Learning,concept
5820791797,Machine Learning,concept
5883489679,Machine Learning,concept
5305287672,Machine Learning,concept
5653966475,Machine Learning,concept
5653966475,Communication,soft_skill
5819665505,Machine Learning,concept
5905062481,GCP,cloud
5901919581,Azure,cloud
5901919581,Spark,big_data
5905062833,Communication,soft_skill
5907101656,GCP,cloud
5907101674,GCP,cloud
5907101709,GCP,cloud
5513049976,ETL,concept
5837139697,GCP,cloud
5906281988,Python,language
5906281988,SQL,database
5906281988,Spark,big_data
5830375297,ETL,concept
5830375297,SQL,database
5830375297,Azure,cloud
5902287163,ETL,concept
5902287163,Python,language
5902287163,SQL,database
5902287163,Snowflake,cloud
5880151523,ETL,concept
5880151523,Python,language
5880151523,SQL,database
5877829060,Power BI,bi_tool
5877829060,Python,language
5877829060,SQL,database
3220530192,SQL,database
3220530192,Spark,big_data
3220530192,Communication,soft_skill
5382880244,Snowflake,cloud
5813491346,ETL,concept
5813491346,Azure,cloud
5813491346,SQL,database
5813491346,Spark,big_data
5813491346,GCP,cloud
5813491346,Snowflake,cloud
5813491346,AWS,cloud
5813491346,Python,language
5902946975,Python,language
5902946975,SQL,database
5902946975,Spark,big_data
1575030887,Spark,big_data
5866552725,ETL,concept
5866552725,Azure,cloud
5866552725,Spark,big_data
5866552725,Snowflake,cloud
5866552725,AWS,cloud
5843168311,ETL,concept
5843168311,SQL,database
5843168311,Snowflake,cloud
4171468211,ETL,concept
5657199614,Azure,cloud
5657199614,AWS,cloud
5657199614,Spark,big_data
5657199614,Snowflake,cloud
5812188003,ETL,concept
5812188003,Python,language
5812188003,SQL,database
5904034380,ETL,concept
5904034380,AWS,cloud
3606071707,Spark,big_data
5001819517,ETL,concept
5001819517,Python,language
5001819517,SQL,database
5001819517,Spark,big_data
5847823784,ETL,concept
5847823784,SQL,database
5847823784,Spark,big_data
5847823784,AWS,cloud
5677793279,Snowflake,cloud
5744382099,ETL,concept
5744382099,Python,language
5744382099,GCP,cloud
5893835668,ETL,concept
5893835668,Python,language
5893835668,SQL,database
5893835668,Spark,big_data
5906695018,ETL,concept
5906695018,SQL,database
5503837047,ETL,concept
5503837047,Python,language
5503837047,SQL,database
5535797413,Python,language
5535797413,SQL,database
5535797413,Spark,big_data
5671063249,ETL,concept
5655894386,ETL,concept
5842747224,Azure,cloud
5842747224,Python,language
5842747224,SQL,database
5842747224,Snowflake,cloud
5903524381,Azure,cloud
5903524381,Python,language
5903524381,Spark,big_data
5197322517,ETL,concept
5197322517,Python,language
5197322517,AWS,cloud
5393679407,Azure,cloud
5393679407,SQL,database
5393679407,NumPy,library
5393679407,Python,language
5393679407,Pandas,library
2721354316,Python,language
2721354316,SQL,database
2721354316,Spark,big_data
2721354316,AWS,cloud
5862110251,ETL,concept
5862110251,Python,language
5862110251,SQL,database
5862110251,GCP,cloud
5850370913,SQL,database
5878690256,ETL,concept
5374613563,ETL,concept
5374613563,SQL,database
5374613563,Snowflake,cloud
5816837030,AWS,cloud
5860532661,ETL,concept
5860532661,Machine Learning,concept
2830210888,Spark,big_data
5008443987,Python,language
5008443987,Spark,big_data
5850370915,Communication,soft_skill
5684977516,ETL,concept
5684977516,Communication,soft_skill
5857935182,ETL,concept
5857935182,Communication,soft_skill
5824116468,Azure,cloud
5824116468,Spark,big_data
4450345199,Azure,cloud
4450345199,Python,language
4450345199,AWS,cloud
4450345199,Spark,big_data
5225609557,Python,language
5225609557,Spark,big_data
5225609557,GCP,cloud
3605574271,Azure,cloud
3605574271,SQL,database
3605574271,Spark,big_data
3605574271,R,language
3605574271,Python,language
5850375732,Statistics,concept
5056804973,ETL,concept
5056804973,Azure,cloud
5056804973,Spark,big_data
5832090312,ETL,concept
5832090312,Communication,soft_skill
5856197385,ETL,concept
5856197385,Azure,cloud
5856197385,Spark,big_data
5856197385,Snowflake,cloud
5860548491,ETL,concept
5860548491,Communication,soft_skill
4322836515,ETL,concept
4322836515,Python,language
5828603253,ETL,concept
5828603253,Azure,cloud
5764068658,Communication,soft_skill
5294954868,ETL,concept
2100653358,ETL,concept
2100653358,Python,language
2100653358,SQL,database
2100653358,AWS,cloud
5870737482,ETL,concept
5870737482,Python,language
5870737482,SQL,database
5870737482,AWS,cloud
5840174975,ETL,concept
5840174975,Spark,big_data
5840174975,Communication,soft_skill
5840174975,Power BI,bi_tool
5840174975,Python,language
3008423275,ETL,concept
3008423275,Python,language
3008423275,SQL,database
3008423275,Azure,cloud
5885478483,ETL,concept
5885478483,SQL,database
5885478483,Spark,big_data
5885478483,Snowflake,cloud
5885478483,AWS,cloud
5885478483,Python,language
1583299519,ETL,concept
5890494498,ETL,concept
5890494498,Python,language
5890494498,SQL,database
5890494498,Spark,big_data
5850371335,ETL,concept
5850371335,Azure,cloud
5428590758,ETL,concept
5428590758,Azure,cloud
5428590758,SQL,database
5428590758,Spark,big_data
5428590758,Snowflake,cloud
5543247710,ETL,concept
5518597092,ETL,concept
5518597092,SQL,database
5877295727,ETL,concept
5876718208,ETL,concept
5788970965,ETL,concept
5859123855,ETL,concept
5859123855,AWS,cloud
5300206490,ETL,concept
5300206490,Azure,cloud
5300206490,GCP,cloud
5300206490,AWS,cloud
5300206490,Machine Learning,concept
5890815051,ETL,concept
5898184074,ETL,concept
5898184074,Azure,cloud
5898184074,SQL,database
5898184074,Spark,big_data
5898184074,GCP,cloud
5898184074,AWS,cloud
5898184074,Python,language
3546811670,ETL,concept
5294954883,ETL,concept
5294954883,SQL,database
4514376973,ETL,concept
4514376973,SQL,database
4514376973,Spark,big_data
4514376973,AWS,cloud
4514376973,Python,language
5877842198,ETL,concept
5877842198,SQL,database
5877842198,Spark,big_data
5877842198,AWS,cloud
5877842198,Python,language
5164935645,ETL,concept
5164935645,Python,language
5164935645,SQL,database
4181584689,ETL,concept
4181584689,SQL,database
4181584689,Spark,big_data
4181584689,AWS,cloud
4181584689,Python,language
5832799202,ETL,concept
5832799202,GCP,cloud
5854880255,ETL,concept
5854880255,Communication,soft_skill
5895058567,Azure,cloud
5895058567,Communication,soft_skill
5861796033,ETL,concept
5861796033,Spark,big_data
5898466596,ETL,concept
5879360284,ETL,concept
5879360284,Machine Learning,concept
2292874910,Azure,cloud
2292874910,Python,language
2292874910,SQL,database
5866552514,ETL,concept
5866552514,SQL,database
5866552514,Spark,big_data
5866552514,Communication,soft_skill
5866552514,AWS,cloud
5363475721,ETL,concept
5862099069,ETL,concept
5862099069,Python,language
5862099069,SQL,database
5850370954,ETL,concept
5659207338,ETL,concept
5659207338,AWS,cloud
5727282535,ETL,concept
5727282535,Spark,big_data
3214413067,ETL,concept
3214413067,SQL,database
3214413067,AWS,cloud
5866552527,ETL,concept
5866552527,SQL,database
5866552527,Spark,big_data
4870086929,ETL,concept
4870086929,Azure,cloud
5887125371,ETL,concept
5898506122,ETL,concept
5905891105,ETL,concept
5905891105,Python,language
5905891105,SQL,database
5905891105,Snowflake,cloud
5898504473,Python,language
5898504473,SQL,database
5898504473,Communication,soft_skill
5898504473,AWS,cloud
5285945019,ETL,concept
5285945019,Python,language
5285945019,Spark,big_data
5300412844,Azure,cloud
5893831921,ETL,concept
5893831921,SQL,database
5893831921,Spark,big_data
5893831921,GCP,cloud
5893831921,Python,language
2809242472,ETL,concept
2809242472,Python,language
2809242472,SQL,database
5548789656,ETL,concept
5548789656,Communication,soft_skill
5054256279,Power BI,bi_tool
5054256279,SQL,database
5054256279,ETL,concept
5054256279,Snowflake,cloud
5753534296,ETL,concept
5756005566,ETL,concept
2403881204,ETL,concept
2403881204,Python,language
5904047590,ETL,concept
5904047590,SQL,database
5904047590,Spark,big_data
5904047590,Snowflake,cloud
5904047590,Python,language
5811910679,ETL,concept
5811910679,Spark,big_data
5907409488,ETL,concept
5907409488,AWS,cloud
5907409488,Spark,big_data
5799814983,ETL,concept
5799814983,Python,language
5799814983,SQL,database
5866584393,ETL,concept
5866584393,Python,language
5866584393,SQL,database
5904046055,ETL,concept
5691860343,ETL,concept
4338966993,Python,language
4338966993,Machine Learning,concept
4338966993,Spark,big_data
4338966993,AWS,cloud
5850375419,ETL,concept
5850375419,Python,language
5850375419,SQL,database
5850375419,GCP,cloud
5869814203,ETL,concept
5869814203,GCP,cloud
5869814203,Snowflake,cloud
5869814203,Tableau,bi_tool
5869814203,AWS,cloud
5869814203,Looker,bi_tool
5092226900,ETL,concept
5092226900,Spark,big_data
5092226900,GCP,cloud
5875448340,ETL,concept
4547502401,Python,language
4431302459,SQL,database
4431302459,AWS,cloud
5811358024,ETL,concept
5786646937,ETL,concept
5890074031,SQL,database
5495463183,ETL,concept
5495463183,Python,language
5850379331,ETL,concept
5857743277,ETL,concept
5857743277,Communication,soft_skill
5889559791,ETL,concept
5211779283,Python,language
5211779283,AWS,cloud
5211779283,Spark,big_data
5211779283,Snowflake,cloud
4596884513,Python,language
4596884513,SQL,database
4596884513,Spark,big_data
4596884513,AWS,cloud
3433221893,ETL,concept
3433221893,SQL,database
3433221893,Spark,big_data
2658062589,ETL,concept
5440535894,Python,language
5440535894,GCP,cloud
2478113046,ETL,concept
5584732663,ETL,concept
2210352551,Azure,cloud
2210352551,SQL,database
2210352551,Spark,big_data
2210352551,Python,language
2210352551,Pandas,library
5899848656,Machine Learning,concept
5895359219,ETL,concept
2782428609,Azure,cloud
2782428609,Python,language
5834566402,ETL,concept
5834566402,Azure,cloud
5834566402,SQL,database
5834566402,Spark,big_data
5834566402,GCP,cloud
5834566402,AWS,cloud
5834566402,Python,language
5393679428,ETL,concept
5393679428,Python,language
5393679428,Snowflake,cloud
5211779186,ETL,concept
5211779186,AWS,cloud
5211779186,Communication,soft_skill
5425656531,ETL,concept
5425656531,Communication,soft_skill
5850376302,ETL,concept
5833341586,Azure,cloud
5833341586,SQL,database
5833341586,Communication,soft_skill
5876482385,Python,language
5876482385,SQL,database
5876482385,Spark,big_data
5876482385,AWS,cloud
4583417715,ETL,concept
4583417715,Azure,cloud
5803815583,Power BI,bi_tool
5803815583,Azure,cloud
5803815583,ETL,concept
5897785396,SQL,database
5905904119,ETL,concept
2596299368,ETL,concept
2596299368,SQL,database
2596299368,Spark,big_data
2596299368,AWS,cloud
2596299368,Python,language
5873769725,Python,language
1155089293,ETL,concept
1155089293,Spark,big_data
5850380159,ETL,concept
5850380159,Spark,big_data
5850380159,GCP,cloud
5870745440,GCP,cloud
5839221221,ETL,concept
2691493903,Azure,cloud
2691493903,Python,language
2691493903,SQL,database
3602121960,Python,language
3602121960,SQL,database
3602121960,Spark,big_data
3602121960,AWS,cloud
5871273527,Python,language
5871273527,SQL,database
5871273527,Spark,big_data
5871273527,AWS,cloud
5858391042,ETL,concept
5840392835,ETL,concept
5119227576,ETL,concept
5119227576,Spark,big_data
5889501025,Statistics,concept
5903249155,ETL,concept
1526985580,ETL,concept
1526985580,Python,language
1526985580,Spark,big_data
2570081533,AWS,cloud
2570081533,Spark,big_data
5404307325,ETL,concept
5404307325,Azure,cloud
5404307325,SQL,database
5404307325,Spark,big_data
5404307325,GCP,cloud
5404307325,Snowflake,cloud
5404307325,AWS,cloud
5404307325,Python,language
5861796058,Python,language
5861796058,SQL,database
5211779167,ETL,concept
5211779167,SQL,database
5211779167,Snowflake,cloud
5211779167,AWS,cloud
5211779167,Python,language
5324828584,Python,language
5324828584,SQL,database
5324828584,AWS,cloud
2320381796,Python,language
5832801210,ETL,concept
5832798235,ETL,concept
5832798235,Spark,big_data
5887520802,Azure,cloud
5887520802,Python,language
5887520802,SQL,database
5887520802,Spark,big_data
5042641464,ETL,concept
5854877656,ETL,concept
5854877656,Python,language
5854880694,ETL,concept
5854880694,Communication,soft_skill
2325243181,ETL,concept
2325243181,Python,language
2325243181,Spark,big_data
5718156432,ETL,concept
5718156432,SQL,database
5718156432,Spark,big_data
5718156432,GCP,cloud
5890788966,ETL,concept
5890788966,Spark,big_data
5890788966,GCP,cloud
4105618265,ETL,concept
5798275804,ETL,concept
5798275804,SQL,database
5819667580,ETL,concept
5819667580,SQL,database
5819667580,Spark,big_data
5819667580,AWS,cloud
5819667580,Python,language
2036169651,AWS,cloud
2036169651,Spark,big_data
5886400486,Machine Learning,concept
2503352151,Machine Learning,concept
2503352151,SQL,database
2503352151,Statistics,concept
2503352151,AWS,cloud
4590721334,Azure,cloud
4590721334,SQL,database
4590721334,Snowflake,cloud
4590721334,AWS,cloud
4590721334,Python,language
5819671451,ETL,concept
5819671451,GCP,cloud
5775275704,ETL,concept
5897946272,Azure,cloud
5897946272,ETL,concept
5897946272,Spark,big_data
5897946272,Power BI,bi_tool
5897946272,Python,language
5897946272,SAS,language
1788701054,SQL,database
1788701054,Spark,big_data
1788701054,AWS,cloud
1788701054,Python,language
1788701054,Statistics,concept
2570069904,ETL,concept
2570069904,SQL,database
2570069904,NumPy,library
2570069904,Python,language
2570069904,Pandas,library
5850375442,Python,language
5850375442,SQL,database
5850375442,AWS,cloud
4344577704,Python,language
4344577704,AWS,cloud
4344577704,Spark,big_data
4344577704,Snowflake,cloud
5477614101,ETL,concept
5477614101,Spark,big_data
5477614101,Snowflake,cloud
3262154955,ETL,concept
3262154955,SQL,database
3262154955,AWS,cloud
5886389806,ETL,concept
3035278448,ETL,concept
3035278448,SQL,database
3035278448,Spark,big_data
3035278448,Communication,soft_skill
3035278448,Python,language
5840174951,ETL,concept
5840174951,Python,language
5840174951,AWS,cloud
5840174951,Spark,big_data
5887225245,Machine Learning,concept
3193348224,SQL,database
3193348224,Spark,big_data
3193348224,Statistics,concept
1422966740,ETL,concept
5831395733,Python,language
5831395733,SQL,database
5831395733,GCP,cloud
5850380135,ETL,concept
5898184069,ETL,concept
5898184069,Azure,cloud
5898184069,SQL,database
5898184069,Spark,big_data
5898184069,GCP,cloud
5898184069,AWS,cloud
5898184069,Python,language
4947453091,ETL,concept
4947453091,Python,language
4947453091,SQL,database
4947453091,Spark,big_data
4344576945,Python,language
4344576945,AWS,cloud
4344576945,Spark,big_data
4344576945,Snowflake,cloud
5850376674,Communication,soft_skill
1216444803,ETL,concept
1216444803,Spark,big_data
5774368987,ETL,concept
5774368987,SQL,database
5774368987,AWS,cloud
5856317348,ETL,concept
5856317348,Spark,big_data
5811918909,ETL,concept
5811918928,ETL,concept
2349831687,ETL,concept
2349831687,SQL,database
2349831687,AWS,cloud
3304263767,ETL,concept
3304263767,Communication,soft_skill
5839590619,ETL,concept
2907259218,ETL,concept
2373548844,ETL,concept
3214410924,ETL,concept
3262154929,ETL,concept
3262154929,Azure,cloud
3262154929,SQL,database
3262154929,Spark,big_data
3262154929,Snowflake,cloud
3262154929,AWS,cloud
3262154929,Python,language
5831867062,Python,language
5831867062,SQL,database
5831867062,GCP,cloud
5900348940,ETL,concept
5900348940,SQL,database
5900348940,Spark,big_data
5544449487,ETL,concept
5544449487,GCP,cloud
5905062877,SQL,database
5903011560,SQL,database
5727221109,SQL,database
5770984706,SQL,database
5903326012,Python,language
5903326012,SQL,database
5903326012,Communication,soft_skill
5903326012,Snowflake,cloud
5903064063,SQL,database
5903043248,SQL,database
5904151522,SQL,database
5903043249,SQL,database
5905062970,SQL,database
5906994089,SQL,database
5887896034,SQL,database
5902942286,SQL,database
5903790544,SQL,database
5843158518,SQL,database
5857693034,ETL,concept
5857693034,SQL,database
5906872068,SQL,database
5904146845,SQL,database
5903325940,SQL,database
5905879254,ETL,concept
5905879254,SQL,database
5905879254,Snowflake,cloud
5906872008,SQL,database
5904038009,SQL,database
5903325901,SQL,database
5904043955,SQL,database
5904171772,SQL,database
5901706335,SQL,database
5906274277,ETL,concept
5906274277,SQL,database
5903777269,SQL,database
5902946964,SQL,database
5902946964,Spark,big_data
5727254529,SQL,database
5727254529,Communication,soft_skill
5727254529,Tableau,bi_tool
5906994067,Azure,cloud
5906994067,Python,language
5906994067,SQL,database
5853166720,Azure,cloud
5853166720,SQL,database
5905918844,ETL,concept
5905918844,SQL,database
5905918844,NumPy,library
5905918844,Python,language
5905918844,Pandas,library
5879128926,Python,language
5879128926,AWS,cloud
5890768633,ETL,concept
5890768633,Python,language
5890768633,SQL,database
5890768633,Snowflake,cloud
5877848038,ETL,concept
5877848038,SQL,database
5877848038,Snowflake,cloud
3312084785,SQL,database
5898473395,ETL,concept
5898473395,SQL,database
5835715183,Azure,cloud
5835715183,SQL,database
5881162872,Python,language
5881162872,SQL,database
5881162872,AWS,cloud
5763220072,Azure,cloud
5763220072,SQL,database
5543947177,Azure,cloud
5543947177,SQL,database
5891581978,ETL,concept
5891581978,SQL,database
5891581966,ETL,concept
5891581966,SQL,database
5904030795,SQL,database
3592404525,SQL,database
5280546843,SQL,database
4009066167,Azure,cloud
4009066167,Communication,soft_skill
5897699752,SQL,database
5078183021,SQL,database
5901252938,SQL,database
5701189254,Python,language
5701189254,VBA,language
5374613573,ETL,concept
5374613573,SQL,database
5374613573,Snowflake,cloud
5906994066,Communication,soft_skill
5897057587,SQL,database
5728306557,SQL,database
5904052739,SQL,database
5902729751,SQL,database
3702625569,Python,language
3702625569,SQL,database
3702625569,Tableau,bi_tool
3702625569,Looker,bi_tool
5438416210,ETL,concept
5438416210,SQL,database
5438416210,Snowflake,cloud
5329698354,Power BI,bi_tool
5329698354,SQL,database
5329698354,Azure,cloud
5329698354,ETL,concept
5856196963,ETL,concept
5856196963,Python,language
5856196963,SQL,database
5856196963,Spark,big_data
5903436955,SQL,database
5879148855,Python,language
5879148855,SQL,database
5879148855,Spark,big_data
5453612268,SQL,database
5453612268,Communication,soft_skill
5905905188,ETL,concept
5905905188,SQL,database
5407959713,SQL,database
5896657904,SQL,database
5896657904,Communication,soft_skill
5329697580,SQL,database
2439764378,ETL,concept
2439764378,Python,language
2439764378,SQL,database
5795623356,SQL,database
4267564608,Python,language
4267564608,SQL,database
5861792744,SQL,database
5837048719,Communication,soft_skill
5868113407,SQL,database
5274165849,SQL,database
5903790198,SQL,database
5903790198,Spark,big_data
4587653002,SQL,database
5839230894,SQL,database
5854880880,SQL,database
5856196423,ETL,concept
5856196423,VBA,language
5856196423,Communication,soft_skill
5856196423,Snowflake,cloud
5901481011,Azure,cloud
5901481011,SQL,database
5901481011,GCP,cloud
5901481011,AWS,cloud
5837048646,Communication,soft_skill
5470758348,SQL,database
5850375351,SQL,database
5850375351,Communication,soft_skill
5727233791,SQL,database
4590721274,SQL,database
1208488972,SQL,database
1208488972,Communication,soft_skill
4271917099,SQL,database
5812837527,SQL,database
5861792591,SQL,database
1881279594,ETL,concept
1881279594,Python,language
5425656545,SQL,database
4516909260,Python,language
4516909260,AWS,cloud
4516909260,Snowflake,cloud
2406638173,Communication,soft_skill
5831867077,ETL,concept
5831867077,Azure,cloud
5831867077,SQL,database
5831867077,Spark,big_data
5831867077,Python,language
5902942298,ETL,concept
5902942298,Python,language
5902942298,Azure,cloud
5902942298,Spark,big_data
5767625295,ETL,concept
5767625295,SQL,database
5767625295,Communication,soft_skill
5767625295,Snowflake,cloud
1584344253,SQL,database
5390148158,Communication,soft_skill
5729560328,SQL,database
5729560328,AWS,cloud
5472361847,Azure,cloud
5472361847,SQL,database
5472361847,GCP,cloud
5472361847,R,language
5472361847,Power BI,bi_tool
5472361847,Python,language
5335620477,Azure,cloud
5335620477,SQL,database
5335620477,GCP,cloud
5335620477,R,language
5335620477,Power BI,bi_tool
5335620477,Python,language
5335620444,Azure,cloud
5335620444,SQL,database
5335620444,GCP,cloud
5335620444,R,language
5335620444,Power BI,bi_tool
5335620444,Python,language
5856196508,SQL,database
5856196508,Communication,soft_skill
5906945711,Excel,spreadsheet
5905904356,Communication,soft_skill
5903790464,Excel,spreadsheet
5905889184,ETL,concept
5905889184,SQL,database
5905889184,Spark,big_data
5905889184,Communication,soft_skill
5905889184,Python,language
5905911098,Python,language
5905911098,SQL,database
5902168645,Machine Learning,concept
5879129028,Excel,spreadsheet
5903551314,Communication,soft_skill
5903551314,GCP,cloud
5903550997,Communication,soft_skill
5903550997,GCP,cloud
5904049971,Azure,cloud
5904049971,SQL,database
5904978061,Azure,cloud
5904978061,SQL,database
5856196703,ETL,concept
5727169905,Excel,spreadsheet
5727169905,Communication,soft_skill
5727169905,Google Sheets,spreadsheet
5904052525,ETL,concept
5904052525,Communication,soft_skill
5870445990,Python,language
5873216220,Power BI,bi_tool
5808699349,Machine Learning,concept
5887894969,Machine Learning,concept
5904075426,Statistics,concept
5904075452,Machine Learning,concept
5904075452,Statistics,concept
5901699329,Communication,soft_skill
5852563834,Communication,soft_skill
5859118144,Excel,spreadsheet
5859118144,Communication,soft_skill
5902729757,Communication,soft_skill
5902916390,Communication,soft_skill
5854880249,ETL,concept
5854880249,Communication,soft_skill
5187969095,Communication,soft_skill
5187969095,SAS,language
5859662508,R,language
5859662508,Communication,soft_skill
5751371969,ETL,concept
5751371969,SQL,database
5899837124,Communication,soft_skill
5879562171,Communication,soft_skill
5882741031,Azure,cloud
5696938626,Communication,soft_skill
5785772876,SQL,database
5898262800,Communication,soft_skill
5860534534,Communication,soft_skill
5869816549,Communication,soft_skill
5808699330,Machine Learning,concept
5808699330,R,language
5808699330,Snowflake,cloud
5729578681,AWS,cloud
5729578681,Communication,soft_skill
5904146503,SQL,database
5859123579,Communication,soft_skill
5861795035,Communication,soft_skill
5240584988,Communication,soft_skill
5868398139,Communication,soft_skill
5868398139,SAS,language
2698332558,Python,language
2542439519,SQL,database
5832800868,AWS,cloud
5855475413,Python,language
1485687296,Communication,soft_skill
5879562144,Communication,soft_skill
1958165062,Communication,soft_skill
5861796542,Communication,soft_skill
5868398228,Communication,soft_skill
5868398228,SAS,language
5735488655,Communication,soft_skill
5730636206,Communication,soft_skill
4947384279,Python,language
5903295413,Python,language
5904146923,Python,language
5906274267,Python,language
5906274267,SQL,database
5906274267,Pandas,library
5902729535,Python,language
5904050175,Python,language
5904050175,SQL,database
5904539561,Python,language
5903325851,Python,language
5903326080,Python,language
5903326080,Communication,soft_skill
5905891392,Python,language
5903326007,Python,language
5905433984,Python,language
5905433984,Pandas,library
5905433984,NumPy,library
5903295434,Python,language
5885450802,Python,language
5885450802,SQL,database
5904037551,Python,language
1218547195,Python,language
5844346969,Python,language
5859123911,Python,language
5859123911,Communication,soft_skill
5843993047,Python,language
3576196758,Python,language
5831404720,Python,language
4992020411,Python,language
5577459022,Python,language
5577459022,SQL,database
5577459022,AWS,cloud
5801030599,Python,language
5689593996,Python,language
5385850293,Python,language
5905882013,Python,language
5847836982,Python,language
5856197024,ETL,concept
5856197024,SQL,database
5856197024,Communication,soft_skill
5856197024,Snowflake,cloud
5856197024,Python,language
5503836767,Python,language
2901510913,Python,language
5689138165,Python,language
5689138165,Machine Learning,concept
5861794516,Python,language
2833106124,Python,language
5796796028,Python,language
5796796028,Machine Learning,concept
5887902195,Python,language
2206431078,Python,language
5879876111,Python,language
5472018684,Python,language
2778097793,Python,language
2778097793,SQL,database
5890048336,Python,language
5890048336,SQL,database
5890048336,AWS,cloud
5904503142,Communication,soft_skill
5906173613,ETL,concept
5906173613,Azure,cloud
5906173613,Spark,big_data
5904539531,ETL,concept
5904539531,SQL,database
5904539531,Spark,big_data
5904539531,Azure,cloud
5899029005,Snowflake,cloud
5728337630,Azure,cloud
5902695031,Azure,cloud
5870121460,Communication,soft_skill
5870121515,Communication,soft_skill
5904953625,ETL,concept
5904953625,SQL,database
5904953625,Spark,big_data
5903295301,Python,language
5903295301,SQL,database
5727268979,ETL,concept
5727268979,Python,language
5727268979,SQL,database
5727268979,Azure,cloud
5905904378,Communication,soft_skill
5901485629,ETL,concept
5906993734,Communication,soft_skill
5697626385,Excel,spreadsheet
5697626385,AWS,cloud
5770924214,AWS,cloud
5770924214,Snowflake,cloud
5706495501,Excel,spreadsheet
5899842384,Communication,soft_skill
5856978086,AWS,cloud
5837139857,GCP,cloud
2992077310,ETL,concept
2992077310,Spark,big_data
5782539757,Communication,soft_skill
5811365350,Azure,cloud
5805298366,Communication,soft_skill
5868118043,AWS,cloud
5868118043,GCP,cloud
5898499369,Azure,cloud
5894831644,Azure,cloud
5905062527,Azure,cloud
5867229885,AWS,cloud
5867229885,Snowflake,cloud
5867255537,AWS,cloud
5867255537,Snowflake,cloud
5899842509,ETL,concept
5899549855,ETL,concept
5799815739,AWS,cloud
5850376294,Machine Learning,concept
5845245356,AWS,cloud
5802316645,AWS,cloud
5802316654,AWS,cloud
5802316599,AWS,cloud
5802316569,AWS,cloud
5120360996,Spark,big_data
5759552974,R,language
5759553073,R,language
5759553064,R,language
5759552995,R,language
5759552982,R,language
5759553037,R,language
5759553128,R,language
5886487605,Python,language
5301434816,GCP,cloud
5877828710,Azure,cloud
5877828710,Snowflake,cloud
5858377069,Communication,soft_skill
5280546845,ETL,concept
5543913591,Excel,spreadsheet
5543913591,SQL,database
5543913591,Communication,soft_skill
5543913591,Power BI,bi_tool
3949357016,ETL,concept
3949357016,Python,language
3949357016,SQL,database
5394067861,Spark,big_data
5394067861,R,language
5394067861,Python,language
5394067861,Statistics,concept
5394067861,SAS,language
5805535278,Machine Learning,concept
5850379847,Communication,soft_skill
5850339738,Machine Learning,concept
5854880219,Communication,soft_skill
5854441171,SQL,database
5899860058,ETL,concept
5899860058,Communication,soft_skill
5730758366,Python,language
5899329163,Communication,soft_skill
5899329163,Statistics,concept
5798558616,Communication,soft_skill
5754024250,Python,language
5754024250,SAS,language
5900356770,ETL,concept
5900356770,Communication,soft_skill
5894179627,Communication,soft_skill
5884402105,Statistics,concept
5697317732,ETL,concept
5697317732,SQL,database
5697317732,NumPy,library
5697317732,Python,language
5697317732,Pandas,library
4156644459,Communication,soft_skill
5727276943,Excel,spreadsheet
5827199773,SAS,language
5333342201,Power BI,bi_tool
5333342201,Python,language
5333342201,Machine Learning,concept
5333342201,Tableau,bi_tool
5727141126,Communication,soft_skill
5856970975,SQL,database
2782429271,Statistics,concept
5513865393,Excel,spreadsheet
5513865393,SQL,database
5513865393,Communication,soft_skill
5890241030,R,language
5706440203,Statistics,concept
5859432776,Python,language
5890793026,Communication,soft_skill
5891404710,Communication,soft_skill
5899841859,Statistics,concept
1155088523,Python,language
1155088523,SQL,database
1155088523,R,language
1155088523,Statistics,concept
5870789366,Machine Learning,concept
5870789366,Statistics,concept
5889570235,Azure,cloud
5889570235,Communication,soft_skill
5883278468,Python,language
5883278468,Spark,big_data
5893913386,Communication,soft_skill
5834756392,Python,language
5834756392,GCP,cloud
5404446351,Python,language
5404446351,GCP,cloud
5404446341,Python,language
5404446341,GCP,cloud
5727129151,Power BI,bi_tool
5727129151,Python,language
5727129151,SQL,database
5727129151,Machine Learning,concept
5899868943,SQL,database
5899868943,Communication,soft_skill
5728457974,Python,language
5728457974,SQL,database
5728457974,Communication,soft_skill
5907461657,Excel,spreadsheet
5907461657,Python,language
5907461657,VBA,language
5883278533,Python,language
5883278533,Spark,big_data
3138985648,Looker,bi_tool
4109220934,Communication,soft_skill
5904151548,ETL,concept
5868123519,Communication,soft_skill
5890804435,Communication,soft_skill
4526099582,Communication,soft_skill
5850376895,Communication,soft_skill
5869186577,Python,language
5869186577,SQL,database
5885447583,Machine Learning,concept
5895348498,Communication,soft_skill
5897946206,Statistics,concept
5876949340,SQL,database
5747224248,SQL,database
5747224248,Tableau,bi_tool
5747224248,Excel,spreadsheet
5747224248,Power BI,bi_tool
5747224248,Statistics,concept
5838463920,Machine Learning,concept
5887520561,ETL,concept
5067536947,ETL,concept
5860532736,AWS,cloud
5813411120,Statistics,concept
5120356070,Google Sheets,spreadsheet
5120356070,Looker,bi_tool
5808699198,SQL,database
5808699198,R,language
5808699198,Tableau,bi_tool
5808699198,Excel,spreadsheet
5808699198,Power BI,bi_tool
5808699198,Python,language
5808699198,Machine Learning,concept
5808699198,Statistics,concept
5898612981,Python,language
5906993789,Communication,soft_skill
5069533039,Communication,soft_skill
5544370561,Excel,spreadsheet
5856948344,Communication,soft_skill
5857951382,Communication,soft_skill
5898503344,Communication,soft_skill
5857941636,Communication,soft_skill
5897954769,Communication,soft_skill
5897954767,Communication,soft_skill
5872128982,Communication,soft_skill
5899842734,ETL,concept
5899842734,SQL,database
5899842734,Spark,big_data
5899842734,AWS,cloud
5899842734,Python,language
5882244072,ETL,concept
5841919617,ETL,concept
5904970990,Python,language
5904970990,Machine Learning,concept
5657222647,SQL,database
5657222647,Spark,big_data
5657222647,Communication,soft_skill
5657222647,Python,language
5657222647,Statistics,concept
5738530575,Machine Learning,concept
5738530575,Statistics,concept
5897038868,Communication,soft_skill
5807495223,Communication,soft_skill
5854847028,ETL,concept
5719486242,Statistics,concept
5905879879,Azure,cloud
5905879879,Python,language
5905879879,SQL,database
5905879879,AWS,cloud
4694004919,Python,language
4694004919,Statistics,concept
4694004919,Communication,soft_skill
5225553210,Communication,soft_skill
5849675696,Azure,cloud
5849675696,SQL,database
5849675696,Spark,big_data
5849675696,GCP,cloud
5849675696,AWS,cloud
5849675696,Python,language
5849703337,Azure,cloud
5849703337,SQL,database
5849703337,Spark,big_data
5849703337,GCP,cloud
5849703337,AWS,cloud
5849703337,Python,language
5779494399,Communication,soft_skill
5867241015,Communication,soft_skill
5905918224,Communication,soft_skill
5867223049,Communication,soft_skill
5678412936,Communication,soft_skill
5844291702,SQL,database
5887946109,ETL,concept
5851857378,Communication,soft_skill
5851857378,Statistics,concept
5851857182,Communication,soft_skill
5812184807,AWS,cloud
5878653083,AWS,cloud
5813413954,AWS,cloud
5904151497,Communication,soft_skill
5859121196,ETL,concept
5808699277,Communication,soft_skill
5887125735,Communication,soft_skill
5901762330,Communication,soft_skill
4801553209,Communication,soft_skill
5823793625,Excel,spreadsheet
5823793625,Communication,soft_skill
5832794167,Communication,soft_skill
3183166557,ETL,concept
5790856865,Communication,soft_skill
5745370197,Communication,soft_skill
5859124128,Communication,soft_skill
5831399856,Communication,soft_skill
5727207217,Communication,soft_skill
5903249027,Excel,spreadsheet
5889507907,Communication,soft_skill
5779496276,Communication,soft_skill
5727182844,Communication,soft_skill
5211779229,Communication,soft_skill
5594236379,Communication,soft_skill
5872094053,Communication,soft_skill
5729656944,Communication,soft_skill
5695230436,Communication,soft_skill
5032721925,Communication,soft_skill
5752767498,SQL,database
5752767498,Communication,soft_skill
5802676490,Communication,soft_skill
5879145982,Communication,soft_skill
5897025067,Power BI,bi_tool
5897025067,SQL,database
5895065657,Power BI,bi_tool
5895065657,SQL,database
5841943217,Communication,soft_skill
5877842258,Statistics,concept
4751461985,Communication,soft_skill
5220800403,Communication,soft_skill
5746730121,Excel,spreadsheet
5896030089,Communication,soft_skill
5727271267,Communication,soft_skill
5664858062,Communication,soft_skill
5771617486,Communication,soft_skill
5897949568,Communication,soft_skill
5831365138,Communication,soft_skill
5877845353,Communication,soft_skill
5674584077,Communication,soft_skill
5728249950,Communication,soft_skill
5869154786,Communication,soft_skill
5836834091,Communication,soft_skill
5761687120,Communication,soft_skill
5899841083,Communication,soft_skill
5831397292,Communication,soft_skill
5876478739,Communication,soft_skill
5905463478,Communication,soft_skill
4819767789,Communication,soft_skill
5850376683,Communication,soft_skill
5756995033,Communication,soft_skill
5811432003,Communication,soft_skill
5890074036,SQL,database
5869221056,Communication,soft_skill
5900734611,Communication,soft_skill
5665597361,SQL,database
5665597361,Communication,soft_skill
5665597361,Snowflake,cloud
5872116687,Communication,soft_skill
5841935646,Communication,soft_skill
5758089707,Communication,soft_skill
5857743374,Communication,soft_skill
5585713650,Python,language
5585713650,SQL,database
5585713650,Tableau,bi_tool
5574376467,Statistics,concept
1171509072,Communication,soft_skill
5581807732,Python,language
5581807732,SQL,database
5581807732,Tableau,bi_tool
3732403095,Communication,soft_skill
4141220474,SQL,database
3799949130,Communication,soft_skill
5314053977,Communication,soft_skill
4801575646,Communication,soft_skill
5771045301,Communication,soft_skill
5750950694,Statistics,concept
5831402976,Communication,soft_skill
5842613346,Communication,soft_skill
5850377098,Communication,soft_skill
5780504644,Communication,soft_skill
5783379223,Communication,soft_skill
5859122219,Communication,soft_skill
5851865257,Communication,soft_skill
5850377349,Communication,soft_skill
5861794625,Machine Learning,concept
5861794625,Statistics,concept
5861794505,Communication,soft_skill
5861792755,Communication,soft_skill
5868118001,Machine Learning,concept
5868118001,Communication,soft_skill
5874201766,Communication,soft_skill
5877288962,SQL,database
5877842298,Communication,soft_skill
5881146704,ETL,concept
5881146704,Python,language
5881146704,SQL,database
5881146704,Communication,soft_skill
5879569731,ETL,concept
5879569731,Python,language
5879569731,SQL,database
5879569731,Communication,soft_skill
5727182045,Statistics,concept
5848339350,Communication,soft_skill
5835714418,Python,language
5835714418,SQL,database
5835714418,Spark,big_data
5897949567,Communication,soft_skill
5882272347,ETL,concept
5882272347,Python,language
5882272347,SQL,database
5882272347,Communication,soft_skill
5811917370,R,language
4871870459,Communication,soft_skill
5796160700,SQL,database
5796160700,Communication,soft_skill
5879141032,Communication,soft_skill
5714491531,Communication,soft_skill
5898568165,SQL,database
5898568165,Communication,soft_skill
5903295275,Communication,soft_skill
5895535354,SQL,database
5801068341,Communication,soft_skill
5841883700,Communication,soft_skill
5714414319,Communication,soft_skill
5870640332,Excel,spreadsheet
5870640332,Python,language
5870640332,Pandas,library
5854877490,Communication,soft_skill
4590722114,Communication,soft_skill
5009915474,Communication,soft_skill
5858375752,Communication,soft_skill
5882780033,Communication,soft_skill
5889548908,Communication,soft_skill
5896287255,Communication,soft_skill
5851958146,Communication,soft_skill
5890785328,Communication,soft_skill
5710620693,GCP,cloud
5886967544,Communication,soft_skill
5888693381,Communication,soft_skill
4921420300,Excel,spreadsheet
5746176778,SQL,database
5746176778,Communication,soft_skill
5849686182,Communication,soft_skill
5846124789,Excel,spreadsheet
5846124789,Communication,soft_skill
5868110367,Communication,soft_skill
5648257745,Communication,soft_skill
5900721214,Communication,soft_skill
5856940758,Excel,spreadsheet
5731716891,Communication,soft_skill
5856948042,Excel,spreadsheet
5848437246,Communication,soft_skill
5718854691,Power BI,bi_tool
2635526452,Excel,spreadsheet
2635526452,SQL,database
2635526452,Spark,big_data
5889497944,GCP,cloud
5727128227,Excel,spreadsheet
5727128227,Communication,soft_skill
5767110080,Communication,soft_skill
5885975393,Communication,soft_skill
5897041328,Communication,soft_skill
5833581807,Power BI,bi_tool
5860540774,Communication,soft_skill
5844293213,Communication,soft_skill
5836834428,AWS,cloud
5836834428,Communication,soft_skill
5594486207,SQL,database
5594486207,Communication,soft_skill
5594486207,Snowflake,cloud
5885975197,Communication,soft_skill
3162281480,Communication,soft_skill
5832799307,Excel,spreadsheet
5832799307,SQL,database
5832799307,Statistics,concept
5850377038,Communication,soft_skill
5899861890,Power BI,bi_tool
5899861890,SQL,database
5851148649,Power BI,bi_tool
5851148649,Azure,cloud
5856966754,Power BI,bi_tool
5856966754,Communication,soft_skill
5860548482,Power BI,bi_tool
5860548482,Azure,cloud
5860548482,Spark,big_data
5860548482,ETL,concept
5727793265,Azure,cloud
5727793265,ETL,concept
5727793265,SQL,database
5727793265,Spark,big_data
5727793265,Power BI,bi_tool
5850377110,Power BI,bi_tool
5850377110,SQL,database
5850377165,Power BI,bi_tool
5850377165,SQL,database
5850377075,Power BI,bi_tool
5850377075,SQL,database
5850377124,Power BI,bi_tool
5850377124,SQL,database
5869814793,Power BI,bi_tool
5849327425,Power BI,bi_tool
5727140185,Power BI,bi_tool
5904043682,Power BI,bi_tool
5904043682,SQL,database
5904043682,ETL,concept
5829876030,Power BI,bi_tool
5829876030,SQL,database
5829876030,Communication,soft_skill
5828603243,Power BI,bi_tool
5828603243,Azure,cloud
5828603243,GCP,cloud
5838425833,Power BI,bi_tool
5838425833,SQL,database
5453645010,Power BI,bi_tool
5453645010,SQL,database
5453645010,Communication,soft_skill
5549622102,Power BI,bi_tool
1714383027,Power BI,bi_tool
1714383027,SQL,database
5831403234,Power BI,bi_tool
5889516955,Power BI,bi_tool
5875448095,Power BI,bi_tool
5875448095,Azure,cloud
5905894140,Power BI,bi_tool
5727281063,SQL,database
5655934826,Power BI,bi_tool
5655934826,Python,language
5655934826,ETL,concept
5832800884,Excel,spreadsheet
5832800884,Power BI,bi_tool
5850380206,Power BI,bi_tool
5850380206,ETL,concept
5850380206,Snowflake,cloud
5850380248,Power BI,bi_tool
5850380248,ETL,concept
5850380248,Snowflake,cloud
5850380297,Power BI,bi_tool
5850380297,ETL,concept
5850380297,Snowflake,cloud
5860532970,Power BI,bi_tool
5884512363,Power BI,bi_tool
5884512363,Python,language
5884512363,ETL,concept
5890817311,Power BI,bi_tool
5890817311,SQL,database
5890817311,Communication,soft_skill
5845820510,Power BI,bi_tool
5845820510,Python,language
5845820510,Azure,cloud
5845820510,ETL,concept
5903326025,Power BI,bi_tool
5903326025,Communication,soft_skill
5854877927,Power BI,bi_tool
5854877927,Python,language
5854877927,SQL,database
5831396171,Power BI,bi_tool
4734233594,Power BI,bi_tool
4734233594,SQL,database
5859117648,Power BI,bi_tool
5859117648,Communication,soft_skill
5453641523,Power BI,bi_tool
2430478551,SQL,database
1171508865,Power BI,bi_tool
1171508865,Communication,soft_skill
5902841823,Power BI,bi_tool
5902841823,Machine Learning,concept
5832800235,Excel,spreadsheet
5832800235,Power BI,bi_tool
5832800235,Communication,soft_skill
5801780197,Power BI,bi_tool
5801780197,SQL,database
5801780197,Azure,cloud
5876948999,Power BI,bi_tool
5856197443,Power BI,bi_tool
5856197443,Azure,cloud
5856197443,ETL,concept
5892690242,Power BI,bi_tool
5903326234,Power BI,bi_tool
5903326234,SQL,database
5903326234,Communication,soft_skill
5760341702,Excel,spreadsheet
5760341702,Power BI,bi_tool
5876482817,Power BI,bi_tool
5748186808,Power BI,bi_tool
5748186808,Python,language
5850377214,ETL,concept
5850377214,SQL,database
5850377214,Communication,soft_skill
5850377214,Snowflake,cloud
5850377214,Power BI,bi_tool
5850377195,ETL,concept
5850377195,SQL,database
5850377195,Communication,soft_skill
5850377195,Snowflake,cloud
5850377195,Power BI,bi_tool
5850377176,ETL,concept
5850377176,SQL,database
5850377176,Communication,soft_skill
5850377176,Snowflake,cloud
5850377176,Power BI,bi_tool
5878623830,Power BI,bi_tool
5878623830,Communication,soft_skill
5893578727,Power BI,bi_tool
5893578727,Communication,soft_skill
5903326088,Power BI,bi_tool
5903326088,Communication,soft_skill
5830147672,Power BI,bi_tool
5830147672,SQL,database
5830147672,Statistics,concept
5830147672,Azure,cloud
5830147678,Power BI,bi_tool
5830147678,SQL,database
5830147678,Azure,cloud
5830147675,Power BI,bi_tool
5830147675,SQL,database
5830147675,Statistics,concept
5830147675,Azure,cloud
5830147677,Power BI,bi_tool
5830147677,SQL,database
5830147677,Azure,cloud
5907315385,Power BI,bi_tool
5907462134,Power BI,bi_tool
1155089501,Power BI,bi_tool
1155089501,ETL,concept
5502486375,Power BI,bi_tool
5502486375,AWS,cloud
5502486375,ETL,concept
5898482538,SQL,database
5898482538,Communication,soft_skill
5898482538,Excel,spreadsheet
5898482538,Power BI,bi_tool
5898482538,Python,language
5453619817,Power BI,bi_tool
5453619817,Python,language
5453619817,SQL,database
5453619817,Tableau,bi_tool
5863638662,Communication,soft_skill
5900714684,Power BI,bi_tool
5900714684,ETL,concept
5829177304,Communication,soft_skill
5887963769,Excel,spreadsheet
5887963769,Power BI,bi_tool
5887963769,Communication,soft_skill
5903325998,SQL,database
5903325998,Communication,soft_skill
5903532777,Power BI,bi_tool
5717275377,Azure,cloud
5717275377,ETL,concept
5717275377,SQL,database
5717275377,Communication,soft_skill
5717275377,Power BI,bi_tool
5846555957,Power BI,bi_tool
5435277676,Power BI,bi_tool
5435277676,Communication,soft_skill
5435277676,ETL,concept
5134362731,Power BI,bi_tool
5134362731,SQL,database
5134362731,ETL,concept
5518689781,Power BI,bi_tool
5518689781,Azure,cloud
5518689781,ETL,concept
5894807447,Power BI,bi_tool
5894807447,SQL,database
5894807447,VBA,language
5873576392,Power BI,bi_tool
5873576392,Azure,cloud
5859120759,Communication,soft_skill
5828608421,Azure,cloud
5828608421,ETL,concept
5828608421,SQL,database
5828608421,Communication,soft_skill
5828608421,Power BI,bi_tool
5828608450,Azure,cloud
5828608450,ETL,concept
5828608450,SQL,database
5828608450,Communication,soft_skill
5828608450,Power BI,bi_tool
5846913779,Power BI,bi_tool
5846913779,Communication,soft_skill
5856196353,ETL,concept
5856196353,SQL,database
5859123687,ETL,concept
5859123687,Communication,soft_skill
5861797552,Power BI,bi_tool
5861797552,Azure,cloud
5861797552,Communication,soft_skill
5565006127,Power BI,bi_tool
5565006127,SQL,database
5565006127,Looker,bi_tool
5904052731,Power BI,bi_tool
5904052731,Communication,soft_skill
4344578066,Excel,spreadsheet
4344578066,SQL,database
4344578066,Power BI,bi_tool
1421656459,Power BI,bi_tool
5847679287,Excel,spreadsheet
5847679287,Power BI,bi_tool
5847679287,Google Sheets,spreadsheet
5847679287,Looker,bi_tool
5905888530,Power BI,bi_tool
5741472485,Power BI,bi_tool
5834343465,Power BI,bi_tool
5834343465,AWS,cloud
5834343465,ETL,concept
5879147370,Power BI,bi_tool
5847641116,Excel,spreadsheet
5847641116,Power BI,bi_tool
5796212644,Azure,cloud
5885975173,Power BI,bi_tool
5886368431,ETL,concept
5886368431,SQL,database
5886368431,Spark,big_data
5684423688,Power BI,bi_tool
5861793674,Power BI,bi_tool
5861793674,SQL,database
5861793674,Tableau,bi_tool
5775286909,Power BI,bi_tool
5775286909,ETL,concept
5775286909,Snowflake,cloud
5897259788,ETL,concept
5897259788,SQL,database
5897259788,Spark,big_data
5897259788,Power BI,bi_tool
5897259788,Python,language
5897259788,Statistics,concept
5773966088,Power BI,bi_tool
5773966088,Python,language
5773966088,SQL,database
5773966088,ETL,concept
5883282175,Power BI,bi_tool
5883282175,SQL,database
5867446911,Power BI,bi_tool
5867446911,SQL,database
5867446911,Snowflake,cloud
5518597009,Power BI,bi_tool
5518597009,SQL,database
5899841825,Power BI,bi_tool
5529427778,Excel,spreadsheet
5529427778,SQL,database
5529427778,Power BI,bi_tool
5729732625,Power BI,bi_tool
5729732625,SQL,database
5729732625,Communication,soft_skill
5729732625,GCP,cloud
5859758936,Excel,spreadsheet
5905919009,Communication,soft_skill
5872127893,Excel,spreadsheet
5872127893,GCP,cloud
5872133722,Excel,spreadsheet
5872133722,GCP,cloud
5833010730,Power BI,bi_tool
5900356027,Power BI,bi_tool
5900356027,SQL,database
5343638737,ETL,concept
5343638737,Python,language
5343638737,AWS,cloud
5343638737,Spark,big_data
5824124843,Machine Learning,concept
5831403216,SQL,database
5861794580,Communication,soft_skill
5895382781,Power BI,bi_tool
5879148816,Power BI,bi_tool
5831403258,Excel,spreadsheet
5831403258,VBA,language
5903790582,Power BI,bi_tool
5903790582,Machine Learning,concept
5846908757,Power BI,bi_tool
5846908757,Azure,cloud
5846908757,ETL,concept
5904051684,Power BI,bi_tool
5897039133,Excel,spreadsheet
5897039133,Power BI,bi_tool
5856197728,Azure,cloud
5856197728,Communication,soft_skill
5453647889,SQL,database
5453647889,Communication,soft_skill
5887960137,Power BI,bi_tool
5887960137,SQL,database
5887960137,ETL,concept
5757707787,Excel,spreadsheet
5757707787,SQL,database
5757707787,VBA,language
5781970796,SQL,database
5781970796,Excel,spreadsheet
5781970796,Power BI,bi_tool
5781970796,Python,language
5781970796,Machine Learning,concept
5824129482,Power BI,bi_tool
5824129482,Communication,soft_skill
5871530678,Python,language
5871530678,Communication,soft_skill
5850375360,ETL,concept
5850375360,Azure,cloud
5850375360,SQL,database
5850375360,NumPy,library
5850375360,Power BI,bi_tool
5850375360,Python,language
5850375360,Pandas,library
5850375360,Statistics,concept
5805403166,Power BI,bi_tool
5805403166,SQL,database
5805403166,Spark,big_data
5805403166,ETL,concept
5899838547,Azure,cloud
5889512168,Power BI,bi_tool
5438416205,Power BI,bi_tool
5818242378,Power BI,bi_tool
5818242378,Azure,cloud
5818242378,Snowflake,cloud
5828603436,ETL,concept
5828603436,SQL,database
5828603436,Spark,big_data
5828603436,Azure,cloud
5876482792,Communication,soft_skill
5406696157,ETL,concept
5406696157,Python,language
5853166725,Power BI,bi_tool
5853166725,Communication,soft_skill
5903011559,Azure,cloud
5905924570,Power BI,bi_tool
5905924570,SQL,database
3582947473,Power BI,bi_tool
3582947473,SQL,database
5488121077,Power BI,bi_tool
5726483971,Power BI,bi_tool
5726483971,Python,language
5726483971,SQL,database
5853694040,Power BI,bi_tool
5853694040,SQL,database
5850472592,Communication,soft_skill
2887278622,Power BI,bi_tool
2887278622,Azure,cloud
5414663544,Communication,soft_skill
5831406280,ETL,concept
5831406280,SQL,database
5831406280,Azure,cloud
5897045586,Power BI,bi_tool
5897045586,Tableau,bi_tool
5902729482,Power BI,bi_tool
5902729482,SQL,database
5902729482,Azure,cloud
5905888474,Communication,soft_skill
5891903926,Communication,soft_skill
4212910722,Power BI,bi_tool
4212910722,Communication,soft_skill
5453622483,Power BI,bi_tool
5453622483,Azure,cloud
5453622483,Communication,soft_skill
5737399615,Power BI,bi_tool
5792250689,Azure,cloud
5827198956,Excel,spreadsheet
5827198956,VBA,language
5891879952,Excel,spreadsheet
5891879952,Power BI,bi_tool
5891879952,Communication,soft_skill
5856683879,Power BI,bi_tool
5906641029,Power BI,bi_tool
1171509178,Excel,spreadsheet
1171509178,Power BI,bi_tool
5900190849,SQL,database
5711168065,Power BI,bi_tool
4992020323,Power BI,bi_tool
4992020323,Python,language
4992020323,SQL,database
4992020323,Communication,soft_skill
5829886504,Communication,soft_skill
5858358892,Excel,spreadsheet
5858358892,Power BI,bi_tool
5858358892,Statistics,concept
5858358892,VBA,language
5831403415,Power BI,bi_tool
5773093380,Power BI,bi_tool
5773093380,Azure,cloud
5773093380,ETL,concept
5736159288,Communication,soft_skill
5854878170,Excel,spreadsheet
5854878170,Power BI,bi_tool
5453619633,Communication,soft_skill
5889577089,Excel,spreadsheet
5743857532,Power BI,bi_tool
5743857532,Communication,soft_skill
5823318447,Power BI,bi_tool
5876534882,ETL,concept
5876534882,Python,language
5876534882,SQL,database
5876534882,Azure,cloud
5805535218,Azure,cloud
5805535218,Python,language
5453640770,Power BI,bi_tool
5453640770,Python,language
5890770047,Power BI,bi_tool
5890770047,Python,language
5890770047,GCP,cloud
5899860961,Power BI,bi_tool
5421748676,ETL,concept
5421748676,SQL,database
5421748676,Communication,soft_skill
5421748676,Power BI,bi_tool
5421748676,Python,language
5768485294,Excel,spreadsheet
5768485294,Power BI,bi_tool
5768485294,Communication,soft_skill
5453647406,Excel,spreadsheet
5453647406,Power BI,bi_tool
5453647406,VBA,language
5453643499,Excel,spreadsheet
5453643499,Power BI,bi_tool
5453643499,VBA,language
5833588615,Power BI,bi_tool
5833588615,SQL,database
5833588615,Azure,cloud
5833588615,ETL,concept
5850377491,Power BI,bi_tool
5850377491,Azure,cloud
5850377491,ETL,concept
5850377491,GCP,cloud
5851142703,Azure,cloud
5859121404,Communication,soft_skill
5859121403,Communication,soft_skill
5850376311,ETL,concept
5850376311,Azure,cloud
2989122309,Statistics,concept
5854846756,Machine Learning,concept
4514376820,Machine Learning,concept
4514376820,Statistics,concept
5868123554,Machine Learning,concept
5868123554,Communication,soft_skill
5837186908,Machine Learning,concept
5891404357,Machine Learning,concept
5891404357,Statistics,concept
2621925006,SQL,database
2621925006,R,language
2621925006,Excel,spreadsheet
2621925006,Python,language
2621925006,Statistics,concept
5791396943,Machine Learning,concept
5791396943,Communication,soft_skill
5069577206,NumPy,library
5069577206,Looker,bi_tool
5069577206,Python,language
5069577206,Machine Learning,concept
5069577206,Pandas,library
5069577206,Statistics,concept
5854880246,Communication,soft_skill
5854880253,Communication,soft_skill
2282770550,Machine Learning,concept
5774566860,Python,language
5774566860,Machine Learning,concept
5774566860,Statistics,concept
5841129975,Machine Learning,concept
1165416270,Machine Learning,concept
5774566885,Azure,cloud
5774566885,SQL,database
5774566885,Spark,big_data
5774566885,Python,language
5774566885,Machine Learning,concept
5774566885,Statistics,concept
5886394293,Communication,soft_skill
5886394293,Machine Learning,concept
5886394293,Statistics,concept
4408712816,Python,language
4408712816,Machine Learning,concept
4408712816,Statistics,concept
5877844227,Machine Learning,concept
5906993946,Machine Learning,concept
5895780428,Machine Learning,concept
5503836917,Statistics,concept
5858388694,Python,language
5858388694,SQL,database
5858388694,Snowflake,cloud
5871275943,Statistics,concept
5831402992,Machine Learning,concept
5831402992,Communication,soft_skill
2809249891,Python,language
2809249891,R,language
5899863899,Python,language
5899863899,Machine Learning,concept
5899863899,R,language
5899863899,Statistics,concept
5905903849,Machine Learning,concept
5905903849,Statistics,concept
5892247377,ETL,concept
5892247377,Azure,cloud
5892247377,SQL,database
5892247377,Python,language
5892247377,Machine Learning,concept
5905433906,Azure,cloud
5905433906,Spark,big_data
5905433906,NumPy,library
5905433906,Python,language
5905433906,Pandas,library
5905433906,Statistics,concept
5877845355,Azure,cloud
5877845355,SQL,database
5877845355,Communication,soft_skill
5877845355,GCP,cloud
5877845355,Tableau,bi_tool
5877845355,AWS,cloud
5877845355,Power BI,bi_tool
5877845355,Python,language
5879141758,Python,language
5879141758,Machine Learning,concept
5879141758,Statistics,concept
5649491292,Statistics,concept
2853928316,Machine Learning,concept
2853928316,Statistics,concept
5897480525,Machine Learning,concept
5902917273,Machine Learning,concept
5902917273,Statistics,concept
5902919112,Machine Learning,concept
5902919112,Statistics,concept
5503837489,Statistics,concept
5605916594,SQL,database
5605916594,Tableau,bi_tool
5605916594,Excel,spreadsheet
5605916594,Power BI,bi_tool
5605916594,Python,language
5605916594,Machine Learning,concept
5605916594,Statistics,concept
5890813203,Machine Learning,concept
5890813203,Statistics,concept
5889515801,ETL,concept
5868119701,Machine Learning,concept
5868119701,Python,language
5868119701,SQL,database
5868119701,Statistics,concept
5879139721,Machine Learning,concept
5879139721,Statistics,concept
5902913883,Statistics,concept
4906138065,Azure,cloud
4906138065,SQL,database
4906138065,Communication,soft_skill
4906138065,Python,language
4906138065,Statistics,concept
2658063034,Machine Learning,concept
5900355891,Machine Learning,concept
5900355891,Statistics,concept
5890240634,ETL,concept
5890240637,ETL,concept
5860541024,Machine Learning,concept
5789403228,Machine Learning,concept
5731756618,Machine Learning,concept
5861793734,Python,language
5861793734,Machine Learning,concept
5861793734,Spark,big_data
5861793734,Statistics,concept
5856975608,Machine Learning,concept
5890776056,Python,language
5890776056,SQL,database
5890776056,Machine Learning,concept
4812110676,Python,language
5736159370,Machine Learning,concept
4344578463,Machine Learning,concept
5904037698,Statistics,concept
4097421025,Machine Learning,concept
5356157969,ETL,concept
5356157969,AWS,cloud
5356157969,Azure,cloud
5285157651,Spark,big_data
5285157651,R,language
5285157651,Python,language
5285157651,Statistics,concept
5285157651,SAS,language
5903249056,Statistics,concept
4801585294,Machine Learning,concept
5860540413,Machine Learning,concept
5889598112,Machine Learning,concept
2449398761,ETL,concept
2449398761,Machine Learning,concept
5778260330,Machine Learning,concept
5778260330,Statistics,concept
5845820314,Communication,soft_skill
5896287303,Machine Learning,concept
5896287303,GCP,cloud
5896287303,AWS,cloud
5503837537,ETL,concept
5503837537,Machine Learning,concept
5632840233,Python,language
5851146610,Communication,soft_skill
5763830260,Machine Learning,concept
5763830260,Communication,soft_skill
5902987714,Python,language
5116935116,Machine Learning,concept
5867235947,Machine Learning,concept
5867235947,Statistics,concept
5438278370,Python,language
5438278370,Machine Learning,concept
5438278371,Python,language
5438278371,Machine Learning,concept
5744382100,Python,language
5744382100,SQL,database
5854444531,Statistics,concept
5866126690,Machine Learning,concept
5879551558,Machine Learning,concept
5879551558,Communication,soft_skill
5402580555,Communication,soft_skill
2742136167,Communication,soft_skill
2742136167,Statistics,concept
5890809031,Communication,soft_skill
5904151464,Statistics,concept
2149343805,Machine Learning,concept
1593960693,Machine Learning,concept
1593960693,Statistics,concept
5741595667,Machine Learning,concept
5741595667,Communication,soft_skill
5860540333,Machine Learning,concept
5860540333,Communication,soft_skill
5791380917,Machine Learning,concept
5791443953,Machine Learning,concept
5793785118,Machine Learning,concept
5902987726,Machine Learning,concept
5902987726,Statistics,concept
5879551958,Machine Learning,concept
5848361190,Statistics,concept
5848443482,Statistics,concept
5854877524,Machine Learning,concept
5882499531,Machine Learning,concept
5902987697,Machine Learning,concept
5114699168,Machine Learning,concept
5114699168,Statistics,concept
5882764814,Machine Learning,concept
5882275122,Machine Learning,concept
5804445389,Communication,soft_skill
5845820354,Machine Learning,concept
5845820354,Communication,soft_skill
5850376720,Communication,soft_skill
5850376720,Machine Learning,concept
5850376720,Statistics,concept
4992020365,Machine Learning,concept
1161627550,Python,language
1161627550,Machine Learning,concept
1161627550,Statistics,concept
5867223848,Machine Learning,concept
5867223848,Statistics,concept
3262155145,Python,language
3262155145,Machine Learning,concept
4322836500,ETL,concept
5779494646,Machine Learning,concept
5904961150,Statistics,concept
1171507998,Machine Learning,concept
5314054010,Python,language
5314054010,Machine Learning,concept
5314054010,Pandas,library
5314054010,NumPy,library
5831557802,Machine Learning,concept
3468845956,Python,language
3468845956,Spark,big_data
3468845956,Statistics,concept
5455048908,Machine Learning,concept
3162283421,Machine Learning,concept
5878699163,Machine Learning,concept
5833584581,Excel,spreadsheet
5871273547,Azure,cloud
5871273547,GCP,cloud
5871273547,AWS,cloud
5871273547,Python,language
5871273547,Machine Learning,concept
2042125116,Machine Learning,concept
5902920008,Python,language
5902920008,R,language
5902920008,Spark,big_data
5894082192,Machine Learning,concept
5822428496,Communication,soft_skill
5870748779,Communication,soft_skill
5903790381,Machine Learning,concept
3873655821,Machine Learning,concept
3873655821,Statistics,concept
5678281212,Statistics,concept
5329696708,Machine Learning,concept
5830636312,Communication,soft_skill
4988851170,Python,language
4988851170,SQL,database
4988851170,Statistics,concept
5850380175,Python,language
5850380175,AWS,cloud
5850380175,Snowflake,cloud
5893571718,Azure,cloud
5893571718,Python,language
5893571718,AWS,cloud
5893571718,GCP,cloud
5881109320,ETL,concept
5881109320,Communication,soft_skill
5882275030,ETL,concept
5882275030,Communication,soft_skill
5410820916,Spark,big_data
5410820916,R,language
5410820916,Python,language
5410820916,Statistics,concept
5410820916,SAS,language
5893873880,Machine Learning,concept
5905889787,Python,language
5905889787,SQL,database
5905889787,R,language
5905889787,Statistics,concept
5843169316,Communication,soft_skill
5858411535,Python,language
4801632227,Python,language
4801632227,R,language
3138985604,Machine Learning,concept
3138985604,Statistics,concept
5886389000,Machine Learning,concept
5877280823,ETL,concept
5877280823,Communication,soft_skill
5905915301,Communication,soft_skill
1728459438,Machine Learning,concept
5655221698,Azure,cloud
5655221698,SQL,database
5655221698,Spark,big_data
5655221698,Python,language
5655221698,Machine Learning,concept
1155089216,Statistics,concept
5869814140,Python,language
5869814140,Machine Learning,concept
5837767370,ETL,concept
5730662231,Statistics,concept
5818242108,Python,language
5818242108,Machine Learning,concept
5818242108,Communication,soft_skill
5818242108,GCP,cloud
5778247239,Statistics,concept
5554434340,Machine Learning,concept
5891582176,Python,language
5891582176,Machine Learning,concept
5761802636,Python,language
5761802636,Machine Learning,concept
5761802636,R,language
5761802636,Statistics,concept
5882778695,Machine Learning,concept
5849697746,Communication,soft_skill
5849697746,Statistics,concept
5878657711,ETL,concept
5878284568,ETL,concept
5891905558,Python,language
5891905558,Machine Learning,concept
5850627365,Communication,soft_skill
5850627365,Statistics,concept
5850627394,Communication,soft_skill
5850627394,Statistics,concept
5892383973,Machine Learning,concept
5878058997,ETL,concept
5892384333,Machine Learning,concept
5227713753,Power BI,bi_tool
5227713753,Python,language
4344577998,Python,language
4344577998,SQL,database
4344577998,Machine Learning,concept
4344577998,Communication,soft_skill
5832801236,Machine Learning,concept
5832801245,ETL,concept
5831405500,ETL,concept
5831405500,Communication,soft_skill
5809184558,Excel,spreadsheet
5809184558,AWS,cloud
5809184558,ETL,concept
5861792734,Python,language
5861792734,Machine Learning,concept
5861792759,Python,language
5861792759,Machine Learning,concept
5861792728,Python,language
5861792728,Machine Learning,concept
5863635807,Power BI,bi_tool
5879146833,Machine Learning,concept
5880853799,Machine Learning,concept
5867251470,Python,language
5867251470,Statistics,concept
5793787825,Power BI,bi_tool
5793787825,Azure,cloud
5793787825,ETL,concept
5808699388,Statistics,concept
5835340734,Communication,soft_skill
5875391046,Machine Learning,concept
5875391046,Statistics,concept
5728268050,Machine Learning,concept
5831405412,Machine Learning,concept
5753504310,Machine Learning,concept
5897176784,Machine Learning,concept
5413749157,Python,language
5413749157,Machine Learning,concept
5413749157,AWS,cloud
5823795694,Machine Learning,concept
5899870572,Machine Learning,concept
5900356110,Machine Learning,concept
5885687726,Machine Learning,concept
5887909289,Machine Learning,concept
5887229420,Machine Learning,concept
5878707047,Machine Learning,concept
5481806661,Machine Learning,concept
5769824795,Machine Learning,concept
5843997710,Machine Learning,concept
5900529653,Machine Learning,concept
5891901195,Python,language
5891901195,Machine Learning,concept
5704308513,Spark,big_data
5704308513,R,language
5704308513,NumPy,library
5704308513,Python,language
5704308513,Machine Learning,concept
5704308513,Pandas,library
5845820746,Machine Learning,concept
5616903485,ETL,concept
5616903485,Machine Learning,concept
5616903485,AWS,cloud
5686922931,Machine Learning,concept
5889580953,Machine Learning,concept
5849315350,Machine Learning,concept
5878713081,Machine Learning,concept
4801504683,Python,language
4801504683,Machine Learning,concept
4801504683,R,language
4801504683,AWS,cloud
5179435240,Machine Learning,concept
5889517261,Machine Learning,concept
5892683576,Machine Learning,concept
5734812487,Machine Learning,concept
5857935523,Machine Learning,concept
5904773429,Machine Learning,concept
5831869713,Machine Learning,concept
5843191484,Machine Learning,concept
5834359485,Machine Learning,concept
5796583840,Machine Learning,concept
5796583843,Machine Learning,concept
5878703285,Machine Learning,concept
5796572612,Machine Learning,concept
5366538597,Machine Learning,concept
5793271729,Machine Learning,concept
5905910419,Python,language
5905910419,Machine Learning,concept
5696996342,Machine Learning,concept
5897955078,Python,language
5897955078,Machine Learning,concept
5885997417,Excel,spreadsheet
5885997417,Machine Learning,concept
5889563834,Excel,spreadsheet
5889563834,Machine Learning,concept
5888770765,Excel,spreadsheet
5888770765,Machine Learning,concept
5888770766,Excel,spreadsheet
5888770766,Machine Learning,concept
5797640150,Machine Learning,concept
5797640147,Machine Learning,concept
5785772327,Machine Learning,concept
5872785651,Machine Learning,concept
5801785686,Machine Learning,concept
5902942187,Machine Learning,concept
5902633854,Machine Learning,concept
5653477201,Machine Learning,concept
5653477201,GCP,cloud
5753069613,Azure,cloud
5753069613,Machine Learning,concept
5753069613,Communication,soft_skill
5753069613,AWS,cloud
5850380071,Machine Learning,concept
5894233473,Communication,soft_skill
5897308743,Machine Learning,concept
5879140935,Python,language
5879140935,Machine Learning,concept
5879140935,Statistics,concept
5636067733,Machine Learning,concept
5636067733,Statistics,concept
5897302314,Machine Learning,concept
1954497907,Machine Learning,concept
1954497907,Statistics,concept
5880858980,ETL,concept
5880858980,Python,language
5880858980,Machine Learning,concept
5897259522,Machine Learning,concept
5665619449,Machine Learning,concept
3358992099,Machine Learning,concept
5899536027,Python,language
5899536027,Machine Learning,concept
5009919266,Machine Learning,concept
5009919266,Statistics,concept
5829886533,ETL,concept
5829886533,Machine Learning,concept
5829886506,ETL,concept
5829886506,Machine Learning,concept
5829886510,ETL,concept
5829886510,Machine Learning,concept
5829886520,ETL,concept
5829886520,Machine Learning,concept
5754684971,Machine Learning,concept
5866083997,Machine Learning,concept
5906641063,Machine Learning,concept
5678276445,Machine Learning,concept
5742044772,Machine Learning,concept
5868118298,Machine Learning,concept
5868118298,Statistics,concept
5899962479,Machine Learning,concept
5899962479,Communication,soft_skill
5652024294,Machine Learning,concept
5850375687,Machine Learning,concept
5808699287,Machine Learning,concept
5808699287,R,language
5808699287,Statistics,concept
5808699287,Snowflake,cloud
5814250783,Machine Learning,concept
5814250783,Statistics,concept
5900003647,Machine Learning,concept
5900003647,Pandas,library
5900003647,NumPy,library
5879144060,Machine Learning,concept
2853928276,Python,language
2853928276,Machine Learning,concept
2853928276,AWS,cloud
5708033064,Machine Learning,concept
5785997017,Machine Learning,concept
5839221102,Python,language
5905661108,Machine Learning,concept
4801546445,Machine Learning,concept
5836575965,Communication,soft_skill
5836575965,GCP,cloud
5836575965,NumPy,library
5836575965,Python,language
5836575965,Machine Learning,concept
5836575965,Pandas,library
5836575965,Statistics,concept
5139737061,Machine Learning,concept
5877844163,Machine Learning,concept
5727175619,Machine Learning,concept
5897066067,Machine Learning,concept
5905661099,Machine Learning,concept
5845820397,Machine Learning,concept
5845820397,Statistics,concept
5906993719,Machine Learning,concept
5866936875,Machine Learning,concept
5866936875,Spark,big_data
5866936875,AWS,cloud
5906872035,Machine Learning,concept
1161626890,Machine Learning,concept
5901873077,Python,language
5901873077,Machine Learning,concept
5868113555,Python,language
5868113555,Machine Learning,concept
5905085224,Machine Learning,concept
5875718877,Machine Learning,concept
5901762284,Machine Learning,concept
2577819518,Machine Learning,concept
5545413836,Machine Learning,concept
5545413836,Communication,soft_skill
5878704904,Machine Learning,concept
5878704904,Statistics,concept
5751594957,Machine Learning,concept
5751594957,Statistics,concept
4861071819,Machine Learning,concept
5889570222,Machine Learning,concept
4755734491,Machine Learning,concept
5851153115,Machine Learning,concept
5750256864,Machine Learning,concept
5750256864,Statistics,concept
5903790590,Machine Learning,concept
5808699383,Python,language
5808699383,Machine Learning,concept
5808699383,Statistics,concept
5262408147,Machine Learning,concept
5262408147,AWS,cloud
5854877584,Azure,cloud
5854877584,Python,language
5854877584,Machine Learning,concept
5095985321,Machine Learning,concept
5787643373,SQL,database
5787643373,Machine Learning,concept
5787643373,Statistics,concept
5787643373,SAS,language
5787643373,VBA,language
5895065961,Machine Learning,concept
5813491339,Azure,cloud
5813491339,Python,language
5813491339,Machine Learning,concept
2179591169,Machine Learning,concept
5845820358,Azure,cloud
5845820358,GCP,cloud
5845820358,Snowflake,cloud
5845820358,AWS,cloud
5845820358,Python,language
5845820358,Machine Learning,concept
5875084309,Python,language
5875084309,Machine Learning,concept
5875084309,AWS,cloud
5893833818,Python,language
5893833818,Machine Learning,concept
5893833818,R,language
5513287215,Azure,cloud
5513287215,Python,language
5513287215,Machine Learning,concept
5513287215,GCP,cloud
5850376329,Python,language
5850376329,Machine Learning,concept
5842889651,Machine Learning,concept
5785925156,Machine Learning,concept
5851857413,Python,language
5851857413,Machine Learning,concept
5851857413,Pandas,library
5851857413,NumPy,library
5826314083,Machine Learning,concept
5826314083,AWS,cloud
5822313674,Python,language
5822313674,Machine Learning,concept
2214919879,Azure,cloud
2214919879,Python,language
2214919879,Machine Learning,concept
5786025557,ETL,concept
5786025557,Machine Learning,concept
5890048284,Communication,soft_skill
4514375957,Machine Learning,concept
5893831577,Machine Learning,concept
5893831577,Statistics,concept
5830318583,Python,language
5830318583,Machine Learning,concept
2546106005,Machine Learning,concept
5847672071,Azure,cloud
5847672071,Python,language
5847672071,Machine Learning,concept
5847672071,AWS,cloud
5882762864,Machine Learning,concept
5896287293,Machine Learning,concept
5896287293,GCP,cloud
5896287293,AWS,cloud
5899028885,Machine Learning,concept
5859124971,Machine Learning,concept
5837855096,Machine Learning,concept
5882499669,Machine Learning,concept
5705456906,Machine Learning,concept
5705456906,Communication,soft_skill
5860534604,Machine Learning,concept
5858138171,Machine Learning,concept
5861792448,Machine Learning,concept
5819712174,SQL,database
5819712174,Spark,big_data
5819712174,AWS,cloud
5819712174,Python,language
5819712174,Machine Learning,concept
5090173003,ETL,concept
5090173003,Machine Learning,concept
5905893675,Machine Learning,concept
5905893675,Statistics,concept
5886981855,Machine Learning,concept
5400948252,Python,language
5400948252,Machine Learning,concept
5400948252,Pandas,library
5400948252,NumPy,library
5623893825,Machine Learning,concept
1171509133,Machine Learning,concept
5728281154,Machine Learning,concept
5728281154,Statistics,concept
5871275326,ETL,concept
5871275326,Python,language
5871275326,Machine Learning,concept
5708033029,Azure,cloud
5708033029,Machine Learning,concept
5694240446,Azure,cloud
5694240446,Python,language
1161627472,Machine Learning,concept
5850376300,Machine Learning,concept
5850376358,Machine Learning,concept
5878627482,Machine Learning,concept
5767590952,Machine Learning,concept
5902287267,Python,language
5850378604,Machine Learning,concept
5850378606,Machine Learning,concept
5850378612,Machine Learning,concept
5856196854,Python,language
5856196854,Machine Learning,concept
5818241884,Python,language
5818241884,Machine Learning,concept
5854880195,Python,language
5854880195,Machine Learning,concept
5856196684,Python,language
5856196684,Machine Learning,concept
5856197005,Python,language
5856197005,Machine Learning,concept
5856197768,Python,language
5856197768,Machine Learning,concept
5905926100,Statistics,concept
5750082566,Machine Learning,concept
5750082566,Communication,soft_skill
5808699362,Machine Learning,concept
5869225305,Machine Learning,concept
5869225305,Spark,big_data
5869225305,AWS,cloud
5871529975,Machine Learning,concept
5871529975,Spark,big_data
5871529975,AWS,cloud
5808699267,Python,language
5808699267,Machine Learning,concept
5899028856,Machine Learning,concept
5905897173,Machine Learning,concept
5885446812,Machine Learning,concept
5540675681,Azure,cloud
5540675681,GCP,cloud
5540675681,AWS,cloud
5540675681,NumPy,library
5540675681,Python,language
5540675681,Machine Learning,concept
5540675681,Pandas,library
5540675681,Statistics,concept
5828584330,Azure,cloud
5828584330,Python,language
5828584330,Machine Learning,concept
5861856089,Python,language
5861856089,Machine Learning,concept
5861856089,Pandas,library
5861856089,NumPy,library
5816826763,Python,language
5816826763,Machine Learning,concept
5598428036,Machine Learning,concept
5831396218,Machine Learning,concept
5831396218,Communication,soft_skill
5850380054,Machine Learning,concept
5859117816,Machine Learning,concept
5903802892,Machine Learning,concept
5903802892,Statistics,concept
5879140963,Python,language
5879140963,Machine Learning,concept
5879140978,Python,language
5879140978,Machine Learning,concept
5879140979,Python,language
5879140979,Machine Learning,concept
2419590356,Machine Learning,concept
5899835031,Machine Learning,concept
5899835031,Statistics,concept
5789390104,Python,language
5789390104,Machine Learning,concept
5856196794,Azure,cloud
5833595168,Machine Learning,concept
5649491294,Machine Learning,concept
4514376150,Machine Learning,concept
2509165192,Machine Learning,concept
5845820409,Machine Learning,concept
5856167884,Machine Learning,concept
1950335408,Machine Learning,concept
5697317713,Machine Learning,concept
5765323155,Machine Learning,concept
5808699350,Python,language
5808699350,Machine Learning,concept
5889521499,Machine Learning,concept
5849135123,Python,language
5849135123,Machine Learning,concept
5850371003,Machine Learning,concept
5850371004,Machine Learning,concept
4216428831,Machine Learning,concept
5811393237,Machine Learning,concept
5846909487,Machine Learning,concept
5850376288,Machine Learning,concept
5850376288,Statistics,concept
5878284870,Communication,soft_skill
5878284870,Machine Learning,concept
5878284870,Statistics,concept
5868702385,Python,language
5868702385,Machine Learning,concept
5868702385,Pandas,library
5868702385,NumPy,library
5895247735,ETL,concept
5895247735,Machine Learning,concept
5895247735,Statistics,concept
5882244468,Machine Learning,concept
5758223785,Python,language
5758223785,SQL,database
5758223785,Machine Learning,concept
1171508092,Machine Learning,concept
1552715083,Machine Learning,concept
1552715083,AWS,cloud
4052660381,Spark,big_data
4052660381,R,language
4052660381,Python,language
4052660381,Machine Learning,concept
4052660381,Statistics,concept
5898164877,Machine Learning,concept
5647594270,Machine Learning,concept
5647594270,Communication,soft_skill
4509612016,Machine Learning,concept
5513212912,Python,language
5513212912,Machine Learning,concept
5513212912,R,language
5506162368,Machine Learning,concept
5506162368,AWS,cloud
5004958476,Python,language
5004958476,Machine Learning,concept
3505664380,Azure,cloud
3505664380,Machine Learning,concept
5897038434,Machine Learning,concept
5529516680,Azure,cloud
5529516680,Python,language
5529516680,Machine Learning,concept
5529516680,AWS,cloud
5833341568,ETL,concept
5833341568,Machine Learning,concept
5839221136,Machine Learning,concept
5759078255,Machine Learning,concept
5729580740,Machine Learning,concept
1825225045,Azure,cloud
1825225045,Python,language
1825225045,Machine Learning,concept
5877828770,Machine Learning,concept
4984292441,Machine Learning,concept
4984292441,GCP,cloud
5111436660,Python,language
5111436660,Machine Learning,concept
5111436660,Pandas,library
5111436660,NumPy,library
5588939147,Python,language
5588939147,Machine Learning,concept
5877845379,ETL,concept
5877845379,Azure,cloud
5877845379,SQL,database
5877845379,Spark,big_data
5877845379,GCP,cloud
5877845379,AWS,cloud
5877845379,Python,language
5877845379,Machine Learning,concept
5877845373,ETL,concept
5877845373,Azure,cloud
5877845373,SQL,database
5877845373,Spark,big_data
5877845373,GCP,cloud
5877845373,AWS,cloud
5877845373,Python,language
5877845373,Machine Learning,concept
5877845377,ETL,concept
5877845377,Azure,cloud
5877845377,SQL,database
5877845377,Spark,big_data
5877845377,GCP,cloud
5877845377,AWS,cloud
5877845377,Python,language
5877845377,Machine Learning,concept
5808699308,Python,language
5904038459,Machine Learning,concept
4608709585,Machine Learning,concept
5828603092,Machine Learning,concept
5159162084,Python,language
5159162084,AWS,cloud
5159162084,Spark,big_data
2853928234,ETL,concept
4514376761,ETL,concept
4514376761,Communication,soft_skill
4344577552,ETL,concept
2549479751,ETL,concept
4344577880,Python,language
4344577880,AWS,cloud
5833580382,ETL,concept
5833580382,SQL,database
5833580382,Spark,big_data
5833580382,NumPy,library
5833580382,Python,language
5833580382,Pandas,library
5871278956,Communication,soft_skill
5211779114,SQL,database
5849135131,ETL,concept
5849135131,SQL,database
5849135131,Snowflake,cloud
5871275319,Python,language
5871275319,AWS,cloud
5754720694,ETL,concept
5902168895,ETL,concept
5902168895,SQL,database
1171506822,GCP,cloud
2577818980,ETL,concept
5857744623,Python,language
5857744623,AWS,cloud
5857744623,Communication,soft_skill
5850370890,ETL,concept
5850370890,Python,language
5850370890,SQL,database
1498738423,Power BI,bi_tool
1498738423,SQL,database
1498738423,Tableau,bi_tool
4693638115,Excel,spreadsheet
4693638115,Azure,cloud
5015516185,Python,language
5850380224,ETL,concept
5850380224,Spark,big_data
5850380224,GCP,cloud
5504054787,ETL,concept
5504054787,Python,language
5399247041,ETL,concept
2292874955,Azure,cloud
2292874955,SQL,database
5842589877,ETL,concept
5842589877,SQL,database
5842589877,Azure,cloud
3138985402,ETL,concept
3138985402,Python,language
5854440612,ETL,concept
5854440612,SQL,database
5854440612,Azure,cloud
4992020478,Machine Learning,concept
4344577640,AWS,cloud
4344577640,Spark,big_data
4629274233,ETL,concept
5868118684,ETL,concept
4344577343,Python,language
4344577343,AWS,cloud
4344577343,Spark,big_data
4344577343,Snowflake,cloud
1541410750,Python,language
1541410750,AWS,cloud
5879562267,ETL,concept
5879562267,Python,language
5879562267,SQL,database
5877295959,ETL,concept
5854211591,Machine Learning,concept
5854211591,Communication,soft_skill
5583610526,Python,language
5583610526,SQL,database
5583610526,GCP,cloud
5211779209,ETL,concept
5868113371,Machine Learning,concept
5868113371,Communication,soft_skill
5879146836,ETL,concept
5879146836,Python,language
5879146836,SQL,database
5879146836,Spark,big_data
5879146851,ETL,concept
5879146851,Python,language
5879146851,SQL,database
5879146851,Spark,big_data
2478113034,ETL,concept
1155089164,Python,language
1155089164,Machine Learning,concept
1155089164,Pandas,library
2115051617,AWS,cloud
2115051617,GCP,cloud
2177265227,Python,language
2177265227,AWS,cloud
2177265227,Spark,big_data
2177265227,Snowflake,cloud
1733428571,Python,language
1733428571,Spark,big_data
5616947405,ETL,concept
5616947405,SQL,database
5616947405,Azure,cloud
5063638285,ETL,concept
5063638285,Azure,cloud
5063638285,SQL,database
5063638285,Spark,big_data
5063638285,GCP,cloud
5063638285,AWS,cloud
5063638285,Python,language
1776219124,Spark,big_data
4344578462,Spark,big_data
3801594154,ETL,concept
5386169762,ETL,concept
5386169762,Azure,cloud
5386169762,SQL,database
5386169762,AWS,cloud
5386169762,Python,language
5294954321,Spark,big_data
5294954321,GCP,cloud
5211779075,SQL,database
5211779075,Spark,big_data
5211779075,Communication,soft_skill
5211779075,Snowflake,cloud
5211779075,AWS,cloud
5211779075,Python,language
4155042811,Azure,cloud
2921027355,Python,language
2921027355,SQL,database
2921027355,Spark,big_data
2921027355,Communication,soft_skill
2526321575,Azure,cloud
2526321575,AWS,cloud
2475263716,ETL,concept
2475263716,Spark,big_data
2475263716,NumPy,library
2475263716,Machine Learning,concept
2475263716,Pandas,library
2349832168,SQL,database
2349832168,Spark,big_data
2349832168,GCP,cloud
2349832168,AWS,cloud
2349832168,Python,language
2509165215,Python,language
2509165215,AWS,cloud
2509165215,GCP,cloud
2577819034,ETL,concept
2577819034,SQL,database
2921027388,Spark,big_data
3025811371,ETL,concept
3025811371,Azure,cloud
3025811371,SQL,database
3025811371,Spark,big_data
3025811371,AWS,cloud
3025811371,Python,language
1171507432,ETL,concept
1171507432,SQL,database
3277686438,ETL,concept
3214413062,ETL,concept
3214413062,Python,language
3214413062,AWS,cloud
3214413062,Spark,big_data
3214413065,Spark,big_data
3151738852,Azure,cloud
3151738852,SQL,database
3151738852,Spark,big_data
3151738852,Snowflake,cloud
3151738852,Python,language
4265809951,ETL,concept
4265809951,Python,language
4265809951,Pandas,library
4265809951,NumPy,library
3115911542,Azure,cloud
3115911542,SQL,database
3115911542,Spark,big_data
3115911542,AWS,cloud
3115911542,Python,language
2542439538,ETL,concept
2542439538,SQL,database
2542439538,Spark,big_data
2542439538,GCP,cloud
2542439538,AWS,cloud
2542439538,Python,language
2658063391,Azure,cloud
2658063391,AWS,cloud
2658063391,Spark,big_data
2658063391,GCP,cloud
2605401494,ETL,concept
2605401494,SQL,database
2605401494,NumPy,library
2605401494,Python,language
2605401494,Pandas,library
2292880520,Machine Learning,concept
2288271734,SQL,database
2288271734,Spark,big_data
5778222720,Communication,soft_skill
5438666785,ETL,concept
5438666785,Azure,cloud
5438666785,Spark,big_data
5438666785,Communication,soft_skill
5709697606,ETL,concept
5709697606,SQL,database
5709697606,Spark,big_data
5709697606,Python,language
5709697606,Pandas,library
5831403568,ETL,concept
5831403568,Azure,cloud
5831403568,SQL,database
5831403568,GCP,cloud
5831403568,AWS,cloud
5844297920,ETL,concept
5844297920,SQL,database
5844297920,AWS,cloud
5850377225,ETL,concept
5850377225,Python,language
5850377225,SQL,database
5850377225,Azure,cloud
5850377199,ETL,concept
5850377199,Python,language
5850377199,SQL,database
5850377199,Azure,cloud
5850377224,ETL,concept
5850377224,Python,language
5850377224,SQL,database
5850377224,Azure,cloud
5850371229,ETL,concept
5850371229,Python,language
5850371229,Azure,cloud
5850371229,Spark,big_data
5858131177,Spark,big_data
5842589864,Python,language
5842589864,Communication,soft_skill
5861792787,AWS,cloud
5869826147,ETL,concept
5869826147,AWS,cloud
5869826141,ETL,concept
5869826141,AWS,cloud
5869826130,ETL,concept
5869826130,AWS,cloud
5871276049,ETL,concept
5871276049,Python,language
5871276049,SQL,database
5871276049,Azure,cloud
5871276010,ETL,concept
5871276010,Python,language
5871276010,SQL,database
5871276010,Azure,cloud
5871276015,ETL,concept
5871276015,Python,language
5871276015,SQL,database
5871276015,Azure,cloud
5871276041,ETL,concept
5871276041,Python,language
5871276041,SQL,database
5871276041,Azure,cloud
4686707274,ETL,concept
4686707274,SQL,database
4686707274,Communication,soft_skill
5887707010,ETL,concept
5507966693,Communication,soft_skill
5453643598,Azure,cloud
5453643598,SQL,database
5453643598,Spark,big_data
5453643598,Communication,soft_skill
5453643598,Python,language
5903790197,Python,language
5903790197,SQL,database
5903790197,Spark,big_data
5854850563,ETL,concept
5854850563,SQL,database
5854850563,Spark,big_data
5902067791,ETL,concept
5902067791,SQL,database
5902067791,Spark,big_data
5902067791,GCP,cloud
5902067757,ETL,concept
5902067757,SQL,database
5902067757,Spark,big_data
5902067757,GCP,cloud
5902067792,ETL,concept
5902067792,SQL,database
5902067792,Spark,big_data
5902067792,GCP,cloud
5902067752,ETL,concept
5902067752,SQL,database
5902067752,Spark,big_data
5902067752,GCP,cloud
5902067794,ETL,concept
5902067794,SQL,database
5902067794,Spark,big_data
5902067794,GCP,cloud
5902067796,ETL,concept
5902067796,SQL,database
5902067796,Spark,big_data
5902067796,GCP,cloud
5902067739,ETL,concept
5902067739,SQL,database
5902067739,Spark,big_data
5902067739,GCP,cloud
5902067799,ETL,concept
5902067799,SQL,database
5902067799,Spark,big_data
5902067799,GCP,cloud
5902067764,ETL,concept
5902067764,SQL,database
5902067764,Spark,big_data
5902067764,GCP,cloud
5902067810,ETL,concept
5902067810,SQL,database
5902067810,Spark,big_data
5902067810,GCP,cloud
5902067784,ETL,concept
5902067784,SQL,database
5902067784,Spark,big_data
5902067784,GCP,cloud
5902067778,ETL,concept
5902067778,SQL,database
5902067778,Spark,big_data
5902067778,GCP,cloud
5902067758,ETL,concept
5902067758,SQL,database
5902067758,Spark,big_data
5902067758,GCP,cloud
5857993087,ETL,concept
5857993087,Azure,cloud
5857993087,SQL,database
5857993087,Spark,big_data
5857993087,GCP,cloud
5857993087,Snowflake,cloud
5857993087,AWS,cloud
5902287085,ETL,concept
5902287085,Python,language
5902287085,SQL,database
5902287085,AWS,cloud
5904171684,ETL,concept
5904171684,SQL,database
5904171684,Spark,big_data
5888612094,ETL,concept
5888612094,SQL,database
5868927829,ETL,concept
5868927829,Azure,cloud
5868927829,SQL,database
5868927829,Spark,big_data
5868927829,Snowflake,cloud
5899962076,ETL,concept
5899962076,Machine Learning,concept
5899962076,Communication,soft_skill
5653477208,ETL,concept
5906334193,ETL,concept
5906334193,Azure,cloud
5727948983,ETL,concept
5727948983,Communication,soft_skill
5836443738,GCP,cloud
5895875081,ETL,concept
5895875081,GCP,cloud
5895535123,ETL,concept
5895535123,AWS,cloud
5895535123,Communication,soft_skill
5895535123,GCP,cloud
5868519421,ETL,concept
5868519421,Python,language
5868519421,Spark,big_data
5903437152,ETL,concept
5903437152,Python,language
5903437152,SQL,database
5903437152,GCP,cloud
5894184236,ETL,concept
5894184236,Machine Learning,concept
5903064043,ETL,concept
5903064043,SQL,database
5903064043,Communication,soft_skill
5875642545,Azure,cloud
5899029295,ETL,concept
5899029295,Machine Learning,concept
5899029295,AWS,cloud
5893188340,ETL,concept
5893188340,GCP,cloud
5902631716,Azure,cloud
5902631717,Azure,cloud
5902631722,Azure,cloud
5902631712,Azure,cloud
5780430025,ETL,concept
5749361262,Communication,soft_skill
5739797518,Python,language
5886982123,ETL,concept
5886982123,SQL,database
5886982123,Azure,cloud
5904037197,ETL,concept
5507728761,ETL,concept
5507728761,SQL,database
5507728761,Spark,big_data
5507728761,Azure,cloud
1975883707,ETL,concept
1975883707,Azure,cloud
1975883707,SQL,database
1975883707,Spark,big_data
1975883707,Python,language
5895371922,ETL,concept
5895371922,SQL,database
5895371922,Spark,big_data
5895371922,Communication,soft_skill
5823127151,ETL,concept
5823127151,Spark,big_data
5423085420,Python,language
5423085420,SQL,database
5423085420,Communication,soft_skill
5423085420,AWS,cloud
5895069277,ETL,concept
5895069277,SQL,database
5895069277,Spark,big_data
5895069277,GCP,cloud
5895069277,Python,language
5879140991,ETL,concept
5899555533,ETL,concept
5899555533,SQL,database
5899555533,Spark,big_data
5899555533,GCP,cloud
5899555533,Python,language
5903326392,Python,language
5903326392,SQL,database
5903326392,Spark,big_data
4713078948,ETL,concept
4713078948,Python,language
4713078948,SQL,database
4713078948,Communication,soft_skill
5879140904,Communication,soft_skill
5879140904,Snowflake,cloud
5518596985,ETL,concept
5518596985,SQL,database
5672805754,ETL,concept
5857743169,ETL,concept
5857743169,GCP,cloud
5756095177,ETL,concept
5756095177,Spark,big_data
5903777270,ETL,concept
5903777270,SQL,database
5903777270,GCP,cloud
5656680820,Communication,soft_skill
5904030366,ETL,concept
5905914996,ETL,concept
5518596933,ETL,concept
5518596933,SQL,database
5905909525,Azure,cloud
5525009707,ETL,concept
4514375752,ETL,concept
4514375752,GCP,cloud
5808698606,ETL,concept
5750260045,ETL,concept
5750260045,SQL,database
5750260045,Spark,big_data
5750260045,GCP,cloud
5750260045,R,language
5750260045,Python,language
5828882853,ETL,concept
5828882853,Azure,cloud
5885970310,ETL,concept
5885970310,Python,language
5885970310,SQL,database
5885970310,GCP,cloud
5727100547,ETL,concept
5727100547,Machine Learning,concept
5859121303,ETL,concept
5895069278,Python,language
5895069278,SQL,database
5895069278,Spark,big_data
5895069278,GCP,cloud
5801685311,ETL,concept
5540737759,Azure,cloud
5211779083,ETL,concept
5211779083,Python,language
5211779083,AWS,cloud
5768334679,ETL,concept
5768334679,Azure,cloud
5768334679,Spark,big_data
5823128210,ETL,concept
5823128210,Azure,cloud
5850370683,Python,language
5829195614,R,language
5518597037,SQL,database
5843021049,ETL,concept
5843021049,Spark,big_data
5843021049,GCP,cloud
5301434832,ETL,concept
5763831269,ETL,concept
5763831269,SQL,database
5763831269,Spark,big_data
5902920466,ETL,concept
5861792595,Communication,soft_skill
5811366422,ETL,concept
5388189768,ETL,concept
5388189768,Azure,cloud
5856977465,ETL,concept
5069577209,ETL,concept
5069577209,SQL,database
5069577209,GCP,cloud
5069577209,AWS,cloud
5069577209,NumPy,library
5069577209,Looker,bi_tool
5069577209,Python,language
5069577209,Pandas,library
5860548486,Communication,soft_skill
5834742289,ETL,concept
5834742289,Python,language
5834742289,Spark,big_data
5850382421,ETL,concept
5850382421,Azure,cloud
5883753878,ETL,concept
5883753878,Python,language
5883753878,SQL,database
5883753878,Spark,big_data
5727247219,ETL,concept
5727247219,Azure,cloud
5849690197,ETL,concept
5849690197,Azure,cloud
5849690197,Spark,big_data
5899844554,Azure,cloud
5899844554,SQL,database
5899844554,Spark,big_data
5899844554,AWS,cloud
5899844554,Python,language
5155774178,GCP,cloud
5518596914,Azure,cloud
5518596914,SQL,database
5518596914,AWS,cloud
5871273567,ETL,concept
5871273567,Azure,cloud
5844350958,Azure,cloud
5844350958,SQL,database
5844350958,Spark,big_data
3300501326,Python,language
5870448999,ETL,concept
5870448999,Python,language
5870448999,GCP,cloud
5899838078,ETL,concept
5899838078,Python,language
5899838078,AWS,cloud
5899838078,Spark,big_data
5750915662,ETL,concept
5750915662,Communication,soft_skill
5854880435,AWS,cloud
5467028049,ETL,concept
5467028049,Spark,big_data
5897783820,ETL,concept
5897783820,Python,language
5897783820,SQL,database
5777486804,SQL,database
5777486804,Spark,big_data
5777486804,Communication,soft_skill
5777486804,AWS,cloud
5842589842,ETL,concept
5842589842,SQL,database
5842589842,Spark,big_data
5903558932,ETL,concept
5903558932,GCP,cloud
5903558943,ETL,concept
5903558943,GCP,cloud
5823127725,Azure,cloud
5823127725,Python,language
5823127725,Spark,big_data
5861219653,ETL,concept
5861219653,Azure,cloud
5388191626,ETL,concept
5388191626,GCP,cloud
5416720120,ETL,concept
5901729339,ETL,concept
3675927995,Python,language
3675927995,AWS,cloud
3675927995,Spark,big_data
3675927995,Snowflake,cloud
5891894412,ETL,concept
5442082882,ETL,concept
5442082882,Python,language
5442082882,Spark,big_data
2880510404,ETL,concept
2880510404,SQL,database
2880510404,Spark,big_data
2880510404,AWS,cloud
2880510404,Python,language
5832794122,ETL,concept
5832794122,Azure,cloud
5832794122,Snowflake,cloud
5880859017,SQL,database
5869962298,ETL,concept
5869962298,Azure,cloud
5869962298,SQL,database
5869962298,Spark,big_data
5869962298,Snowflake,cloud
5784291399,Python,language
5794585384,Python,language
5794753315,Python,language
5796208491,ETL,concept
5796208491,Azure,cloud
5754191027,ETL,concept
5754191027,SQL,database
5754191027,Spark,big_data
5754191027,GCP,cloud
5754191027,Python,language
5773363632,ETL,concept
5773363632,Azure,cloud
5830104000,ETL,concept
5830104000,Snowflake,cloud
5627352900,ETL,concept
5627352900,Azure,cloud
5879143544,Python,language
5879143544,SQL,database
5833595558,Power BI,bi_tool
5833595558,SQL,database
5833595558,ETL,concept
2901510975,SQL,database
5811389435,ETL,concept
5811389435,Python,language
5811389435,SQL,database
5811389435,Communication,soft_skill
5202716466,ETL,concept
5202716466,SQL,database
5202716466,Spark,big_data
5202716466,AWS,cloud
4199773272,SQL,database
4686706378,SQL,database
5892383966,ETL,concept
5892383966,SQL,database
5827200347,Python,language
5827200347,SQL,database
5827200347,GCP,cloud
4547502557,Python,language
4547502557,SQL,database
3552823059,Excel,spreadsheet
3552823059,SQL,database
3552823059,VBA,language
5260792637,ETL,concept
3409850388,SQL,database
5845820725,GCP,cloud
5850382373,ETL,concept
5850382373,SQL,database
5850382373,Azure,cloud
5845820676,AWS,cloud
5845820676,GCP,cloud
5905908370,SQL,database
5904171708,SQL,database
5895371630,R,language
5097870981,Communication,soft_skill
5097870950,Communication,soft_skill
5903325944,SQL,database
5903325944,Communication,soft_skill
5103581663,SQL,database
1340042012,Statistics,concept
5861229084,ETL,concept
5861229084,SQL,database
5869814073,SQL,database
5837788335,AWS,cloud
5836835637,Azure,cloud
5836835637,SQL,database
5836835637,GCP,cloud
5836835637,AWS,cloud
5786404952,ETL,concept
5786404952,SQL,database
2520035243,SQL,database
2520035243,R,language
2520035243,Communication,soft_skill
2478113653,Communication,soft_skill
5861792836,Communication,soft_skill
5902918002,Communication,soft_skill
5859117974,ETL,concept
5859117974,SQL,database
5859117974,AWS,cloud
4358466349,SQL,database
5856959843,ETL,concept
5856959843,SQL,database
5856959843,Spark,big_data
5856959843,AWS,cloud
5856959843,Python,language
3300501323,SQL,database
3300501323,Communication,soft_skill
5871529458,SQL,database
5879141030,ETL,concept
5888093519,SQL,database
2956624278,SQL,database
3576196638,SQL,database
5889559845,SQL,database
5393758729,ETL,concept
5393758729,Snowflake,cloud
5727271322,ETL,concept
5882729515,SQL,database
5515488356,Python,language
5515488356,SQL,database
5906872074,SQL,database
2133622541,SQL,database
5898489969,SQL,database
5866927185,AWS,cloud
5897176740,SQL,database
5835184990,SQL,database
5849116110,Python,language
5849116110,SQL,database
5841716191,Azure,cloud
5841716191,SQL,database
5842589939,Python,language
5842589939,SQL,database
5842589939,AWS,cloud
5831402424,SQL,database
5831402424,Communication,soft_skill
5877293761,SQL,database
5882781344,ETL,concept
5882781344,SQL,database
5486119746,SQL,database
5486119746,AWS,cloud
5326537183,ETL,concept
5326537183,Python,language
5326537183,SQL,database
5326537183,GCP,cloud
5796081499,ETL,concept
5796081499,SQL,database
5796081499,Spark,big_data
5796081499,AWS,cloud
5879143587,SQL,database
5903326036,Communication,soft_skill
5903326036,Snowflake,cloud
5861794220,Communication,soft_skill
5818048425,ETL,concept
5818048425,SQL,database
5818048425,Snowflake,cloud
5895661946,SQL,database
5213471788,Python,language
5213471788,SQL,database
5877844160,Azure,cloud
5877844160,SQL,database
5877844160,AWS,cloud
2461074506,SQL,database
2461074506,R,language
5845820720,SQL,database
5882275136,SQL,database
5588223666,ETL,concept
5588223666,SQL,database
5871788254,SQL,database
5876486228,SQL,database
5871278980,ETL,concept
5871278980,Communication,soft_skill
2406633027,SQL,database
4826018008,SQL,database
5842389497,SQL,database
4344578119,SQL,database
5899281333,SQL,database
1171507877,SQL,database
5794003336,ETL,concept
5794003336,SQL,database
3151737159,SQL,database
2282768945,SQL,database
2282768945,AWS,cloud
5831402908,ETL,concept
5831402908,Azure,cloud
4992020432,SQL,database
5832794045,ETL,concept
5832794045,SQL,database
5832794045,Azure,cloud
5832794045,AWS,cloud
5811916876,SQL,database
5811916860,SQL,database
4686702199,SQL,database
5211779082,SQL,database
2384737378,SQL,database
3502540338,SQL,database
3502540338,Statistics,concept
5827200403,Python,language
5827200403,SQL,database
5871274961,SQL,database
5831849441,Snowflake,cloud
5848361767,ETL,concept
5848361767,Python,language
5848361767,SQL,database
5848361767,Snowflake,cloud
5890796437,Python,language
5905434194,SQL,database
3214413066,SQL,database
3214413066,Communication,soft_skill
5857745849,SQL,database
5827200402,Python,language
5827200402,SQL,database
5827200402,GCP,cloud
5812877704,ETL,concept
5812877704,SQL,database
5812877704,Azure,cloud
3058568856,Excel,spreadsheet
3058568856,VBA,language
5211779079,SQL,database
5850382386,Azure,cloud
5850382386,SQL,database
5850382386,AWS,cloud
5841133073,ETL,concept
5841133073,SQL,database
5841133073,Azure,cloud
5903437188,SQL,database
2586102351,SQL,database
5851153092,SQL,database
5829884962,Python,language
5850375734,SQL,database
5899327358,SQL,database
5840381145,SQL,database
5895350726,SQL,database
5900718859,Communication,soft_skill
5869163470,SQL,database
5727273960,SQL,database
5691816386,SQL,database
5861795037,SQL,database
5861795037,Spark,big_data
4567076145,SQL,database
5869818740,SQL,database
5896122781,ETL,concept
5896122781,Azure,cloud
4590721897,Power BI,bi_tool
4590721897,Communication,soft_skill
2965124996,SQL,database
5856196749,ETL,concept
5856196749,Python,language
3162283431,Communication,soft_skill
2861255786,SQL,database
5906234997,ETL,concept
5906234997,SQL,database
5899555535,SQL,database
5706198404,Communication,soft_skill
5877232357,Snowflake,cloud
5904043138,Python,language
5826666762,Azure,cloud
5826666762,SQL,database
5883278700,ETL,concept
5883278700,SQL,database
5888771396,SQL,database
3433222364,Python,language
3433222364,SQL,database
5831405301,SQL,database
5850379721,ETL,concept
5902913199,Azure,cloud
5902913199,ETL,concept
5902913199,SQL,database
5902913199,Spark,big_data
5902913199,Power BI,bi_tool
5902913199,Python,language
5830518281,Power BI,bi_tool
5830518281,SQL,database
5900356025,SQL,database
5220800156,SQL,database
5832801750,Communication,soft_skill
4514376401,SQL,database
5832798353,SQL,database
5227627157,SQL,database
5830612516,ETL,concept
5830612516,Python,language
5830612516,SQL,database
5830612516,AWS,cloud
5211779026,ETL,concept
5211779026,Python,language
5211779026,SQL,database
2586102241,SQL,database
5870445900,SQL,database
5333342110,SQL,database
1540752757,SQL,database
5819667508,Azure,cloud
5819667508,SQL,database
5819667508,AWS,cloud
5727277095,ETL,concept
5727277095,SQL,database
5851865202,SQL,database
5834376745,Power BI,bi_tool
5834376745,SQL,database
5836837799,Snowflake,cloud
5867222996,SQL,database
5876698343,ETL,concept
5876698343,SQL,database
5779392400,Python,language
5779392400,GCP,cloud
5904041686,Azure,cloud
5904041686,SQL,database
5904041686,Snowflake,cloud
5903295474,SQL,database
5904151420,SQL,database
5898655763,AWS,cloud
5861236977,ETL,concept
5861236977,SQL,database
5861236977,GCP,cloud
5861236977,Python,language
5861236977,SAS,language
5890766764,ETL,concept
5890766764,SQL,database
5890766764,GCP,cloud
5890766764,Python,language
5890766764,SAS,language
5830147674,SQL,database
5830147676,SQL,database
5806680480,SQL,database
5879140747,SQL,database
5879140747,Communication,soft_skill
5879562198,SQL,database
5879562198,GCP,cloud
5890494489,Azure,cloud
5890494489,SQL,database
5890494489,AWS,cloud
5896662981,Azure,cloud
5896662981,SQL,database
5896662981,AWS,cloud
5895069270,Azure,cloud
5895069270,SQL,database
5895069270,AWS,cloud
3532568436,SQL,database
5765263964,SQL,database
5871280615,ETL,concept
5871280615,SQL,database
5871280615,Snowflake,cloud
5904539580,Azure,cloud
5904539580,SQL,database
5765052224,SQL,database
5850375403,SQL,database
5852584555,ETL,concept
5852584555,SQL,database
5852584555,Spark,big_data
5852584555,Snowflake,cloud
5852584555,Python,language
2128686807,Azure,cloud
2128686807,SQL,database
5708548293,Communication,soft_skill
5765899230,AWS,cloud
5765899230,Snowflake,cloud
5871788417,ETL,concept
5871788417,SQL,database
5890791506,ETL,concept
5890791506,SQL,database
5900529675,Azure,cloud
5902168952,AWS,cloud
5902168952,Snowflake,cloud
5839598575,SQL,database
2406636411,SQL,database
2406636411,Communication,soft_skill
5867251092,ETL,concept
5867251092,SQL,database
5632801451,Excel,spreadsheet
5868421637,SQL,database
1801113013,Python,language
1801113013,AWS,cloud
1801113013,Spark,big_data
1801113013,Communication,soft_skill
5851865157,SQL,database
5861218609,ETL,concept
5861218609,SQL,database
5861218609,GCP,cloud
5861218609,Python,language
5861218609,SAS,language
5615744101,Python,language
5615744101,SQL,database
5615744101,AWS,cloud
5861792763,SQL,database
5750260034,SQL,database
5906872118,SQL,database
1498671109,Azure,cloud
1498671109,SQL,database
1498671109,AWS,cloud
5770241428,ETL,concept
5770241428,Python,language
5768601825,ETL,concept
5768601825,Python,language
5881876838,Communication,soft_skill
4815646449,Statistics,concept
5879899320,Communication,soft_skill
5879899320,Machine Learning,concept
5879899320,Statistics,concept
5895349103,ETL,concept
5895349103,Communication,soft_skill
5902909666,ETL,concept
5876698693,ETL,concept
5890814759,Machine Learning,concept
5440758362,SQL,database
5440758362,Spark,big_data
5440758362,Communication,soft_skill
5440758362,Tableau,bi_tool
5440758362,Python,language
5852588367,Azure,cloud
5882771433,Communication,soft_skill
5889551323,ETL,concept
5889551323,SQL,database
5889551323,Spark,big_data
5889551323,Communication,soft_skill
5889551323,GCP,cloud
5889551323,Snowflake,cloud
5889551323,AWS,cloud
5889551323,Python,language
5858381780,Statistics,concept
5859419891,Statistics,concept
5875071746,Machine Learning,concept
5856952612,Communication,soft_skill
5907461759,Communication,soft_skill
5887944977,Communication,soft_skill
5878629526,Machine Learning,concept
5878629526,Statistics,concept
5838098530,Statistics,concept
5840370168,Statistics,concept
5839578997,Statistics,concept
5843156378,AWS,cloud
5723833494,AWS,cloud
5738534803,AWS,cloud
5882759990,Azure,cloud
5882759990,AWS,cloud
5861795982,Communication,soft_skill
5792260046,Communication,soft_skill
5878684005,Communication,soft_skill
5793784990,Communication,soft_skill
5876645039,AWS,cloud
5899028921,Communication,soft_skill
5899028913,Communication,soft_skill
5904503138,Python,language
5904503138,SQL,database
5904503138,Spark,big_data
5898655956,ETL,concept
5898655956,Python,language
5898655956,SQL,database
5898655956,AWS,cloud
5714491538,Communication,soft_skill
5714491538,Tableau,bi_tool
5868096693,Python,language
5868096693,AWS,cloud
5877488930,Machine Learning,concept
5897259493,Communication,soft_skill
5897302149,Excel,spreadsheet
5897302149,SQL,database
5336689189,Power BI,bi_tool
5336689189,Machine Learning,concept
5336689189,Statistics,concept
5336689189,Tableau,bi_tool
5828883118,Excel,spreadsheet
5828883118,Power BI,bi_tool
5871275567,ETL,concept
5871275567,SQL,database
5871275567,Azure,cloud
5843190288,Communication,soft_skill
5697560164,Communication,soft_skill
5903249069,Machine Learning,concept
5903249069,Python,language
5903249069,SQL,database
5903249069,Statistics,concept
5903790481,Excel,spreadsheet
5903790463,Machine Learning,concept
5903790463,Python,language
5903790463,SQL,database
5903790463,Statistics,concept
5902987692,Machine Learning,concept
5902987692,Statistics,concept
5832800265,ETL,concept
5832800265,Python,language
5832800265,SQL,database
5832800265,Spark,big_data
5743891903,SQL,database
5743891903,Snowflake,cloud
5743891903,Python,language
5743891903,Machine Learning,concept
5743891903,Statistics,concept
5895268291,Azure,cloud
5875724399,ETL,concept
5875724399,Azure,cloud
5858121083,Communication,soft_skill
5857747748,Communication,soft_skill
5866552758,Excel,spreadsheet
5902987611,Machine Learning,concept
5902987611,Python,language
5902987611,SQL,database
5902987611,Statistics,concept
5868927813,Communication,soft_skill
5899844341,Excel,spreadsheet
5899844341,SQL,database
5899844341,Tableau,bi_tool
5707438780,VBA,language
4815661247,VBA,language
5879146464,Snowflake,cloud
5850380161,Python,language
5850380161,SQL,database
5850380161,Snowflake,cloud
5850380279,Python,language
5850380279,SQL,database
5850380279,Snowflake,cloud
5870769272,Power BI,bi_tool
5870769272,SQL,database
5870769272,Communication,soft_skill
5872825764,Communication,soft_skill
5879934918,Excel,spreadsheet
5879934918,Statistics,concept
2877591643,SQL,database
5850375324,Python,language
2814879481,Python,language
5850371054,SQL,database
5859121739,Communication,soft_skill
5872090667,AWS,cloud
5850375323,Python,language
5857745898,AWS,cloud
4686703087,Python,language
5871529991,AWS,cloud
5576203183,Python,language
5875721664,AWS,cloud
5875289091,AWS,cloud
5798846107,SQL,database
5798846107,Communication,soft_skill
5848413630,Machine Learning,concept
5847843080,Machine Learning,concept
5859428518,Communication,soft_skill
4686704078,Python,language
5351600278,AWS,cloud
2197906045,SQL,database
5832800860,SQL,database
5832800880,SQL,database
4686699829,Python,language
4686699829,SQL,database
4686699829,Communication,soft_skill
5640957865,Python,language
5688212584,Communication,soft_skill
5054286449,Python,language
5054286449,SQL,database
3546812564,Communication,soft_skill
5897067286,Python,language
5807473089,ETL,concept
3787824106,SQL,database
5513865523,Python,language
5708610539,Communication,soft_skill
5814996276,SQL,database
5890487180,Machine Learning,concept
5463475016,Communication,soft_skill
5859124314,Communication,soft_skill
5832797814,Communication,soft_skill
5832797801,Communication,soft_skill
5832797795,Communication,soft_skill
5832797802,Communication,soft_skill
5832797809,Communication,soft_skill
5832797811,Communication,soft_skill
5832797821,Communication,soft_skill
5802318588,R,language
5802318582,R,language
5814996053,R,language
5814996040,R,language
5897056328,Communication,soft_skill
2274070370,SQL,database
5876479981,Machine Learning,concept
5897042077,Communication,soft_skill
1898131077,Python,language
1898131077,SQL,database
1898131077,GCP,cloud
1495847157,Python,language
1171508891,SQL,database
1155089213,Azure,cloud
5453128982,Communication,soft_skill
2171039159,Communication,soft_skill
5709154924,SQL,database
5032506912,AWS,cloud
4145042732,SQL,database
4646027636,SQL,database
4646027636,AWS,cloud
4199833570,Python,language
3790550547,SQL,database
3081710790,Python,language
1442022977,Azure,cloud
1442022977,SQL,database
1442022977,Spark,big_data
1442022977,GCP,cloud
1442022977,AWS,cloud
2742136032,Communication,soft_skill
2921027177,Spark,big_data
2890608742,AWS,cloud
2833106390,SQL,database
4137551960,Python,language
2877593906,Python,language
2877593906,Communication,soft_skill
3044590127,Communication,soft_skill
2403881251,Python,language
2403881251,SQL,database
2403881251,AWS,cloud
5810716575,ETL,concept
5810716575,Python,language
5810716575,SQL,database
5810716575,Snowflake,cloud
5846562140,Machine Learning,concept
5850380174,Python,language
5850380219,Python,language
5854846501,Communication,soft_skill
5850376328,Python,language
5831396207,Azure,cloud
5831396207,R,language
5859122259,Python,language
5845794185,Python,language
5845794185,AWS,cloud
5850380157,Python,language
5861792778,AWS,cloud
5708648928,Azure,cloud
5873994546,AWS,cloud
5879146752,SQL,database
5845794188,ETL,concept
5845794188,Python,language
5845794188,SQL,database
5845794188,AWS,cloud
5899837926,ETL,concept
5750923510,SQL,database
5762868489,SQL,database
4686701512,Communication,soft_skill
5767118536,R,language
5904970914,Communication,soft_skill
3373515877,Communication,soft_skill
5842389495,Python,language
5839871081,Python,language
5739089272,Python,language
5758205779,AWS,cloud
5831405316,Communication,soft_skill
5686427022,Communication,soft_skill
5898474256,Excel,spreadsheet
5898178897,Excel,spreadsheet
5868117987,Python,language
5868117987,SQL,database
5859755478,Python,language
5808698575,Python,language
5897039361,AWS,cloud
5897041156,AWS,cloud
5896366439,AWS,cloud
5896366388,AWS,cloud
5895354441,AWS,cloud
5897067016,AWS,cloud
5896366420,AWS,cloud
5896366402,AWS,cloud
5805336563,Azure,cloud
5805336563,AWS,cloud
5260854252,Python,language
4375862621,Python,language
5819656386,Python,language
5819656386,SQL,database
2797875614,Python,language
2797875614,Communication,soft_skill
4282894286,Python,language
4282894286,SQL,database
4282894286,Communication,soft_skill
4282894286,AWS,cloud
5506666843,Python,language
5506666843,GCP,cloud
5674551819,Python,language
5674551819,AWS,cloud
5876478792,Python,language
4868885306,Python,language
4344578310,Azure,cloud
4344578310,Python,language
4344578310,AWS,cloud
4344578310,GCP,cloud
2853928235,Python,language
2853928235,Communication,soft_skill
5857747954,Azure,cloud
5857747954,Python,language
5857747954,AWS,cloud
5857747954,GCP,cloud
5664858060,Python,language
5889503177,ETL,concept
5889503177,Python,language
2940980689,Python,language
2940980689,Communication,soft_skill
5644522088,Python,language
5644522088,SQL,database
5644522088,Pandas,library
5644522088,AWS,cloud
4344577802,Python,language
4344578243,SQL,database
4344578243,NumPy,library
4344578243,Python,language
4344578243,Machine Learning,concept
4344578243,Pandas,library
4095534661,Python,language
4095534661,SQL,database
4095534661,AWS,cloud
5494681098,SQL,database
5494681098,NumPy,library
5494681098,Python,language
5494681098,Machine Learning,concept
5494681098,Pandas,library
5317457681,Python,language
5317457681,SQL,database
3081709804,Python,language
2500156501,Python,language
4344577871,Python,language
4344577871,SQL,database
4038700508,Python,language
2809242631,Python,language
2853927931,Python,language
2016694961,Python,language
3262154865,Python,language
3262154865,Communication,soft_skill
3370424251,Python,language
3370424251,SQL,database
2577819338,Python,language
1455831792,Python,language
1455831792,SQL,database
1455831792,Communication,soft_skill
3719715954,Python,language
3142255709,Python,language
3722444600,Python,language
2297737316,Python,language
3702888737,Python,language
4408711707,Python,language
4176492504,Python,language
4176492504,AWS,cloud
5850380242,Python,language
5850380242,SQL,database
5854879354,SQL,database
5854879354,NumPy,library
5854879354,Power BI,bi_tool
5854879354,Python,language
5854879354,Pandas,library
5861793840,Python,language
5861793840,SQL,database
5861793840,AWS,cloud
5861793835,Python,language
5861793835,SQL,database
5861793835,AWS,cloud
5861793832,Python,language
5861793832,SQL,database
5861793832,AWS,cloud
5863635745,Python,language
5863635745,Machine Learning,concept
5871271797,Python,language
5876480925,Python,language
5876480925,AWS,cloud
5727112792,Python,language
5727112792,SQL,database
5905921522,Python,language
5883377933,Python,language
5867446936,Azure,cloud
5867446936,Python,language
5867446936,SQL,database
5877385415,Python,language
5877385415,AWS,cloud
5877385415,Spark,big_data
4509611767,Python,language
4509611767,AWS,cloud
5899301314,Azure,cloud
5899301314,Python,language
5298821368,Python,language
5298821368,SQL,database
4344577658,Python,language
2384737322,Python,language
5881147587,Python,language
5881147587,AWS,cloud
4801555261,Python,language
5878284548,Python,language
5878284548,AWS,cloud
5878284548,Spark,big_data
5878284552,Python,language
5878284552,AWS,cloud
5878284552,Spark,big_data
3101582626,Python,language
3101582626,Communication,soft_skill
5416884012,Python,language
4105618266,Python,language
5837798198,Python,language
5333342069,Python,language
5294954887,Python,language
5294954887,SQL,database
3900305373,Python,language
2870614542,Python,language
5882763458,Python,language
5879546543,Python,language
5879546543,Machine Learning,concept
5879546543,Spark,big_data
4992020410,Python,language
4992020410,SQL,database
5793298382,Python,language
5793298382,Machine Learning,concept
1801113074,Python,language
4815646359,Python,language
5859123880,Python,language
5859123880,AWS,cloud
5881160995,Python,language
5404307307,Python,language
5404307307,GCP,cloud
5814509731,Python,language
5468959500,ETL,concept
5468959500,Python,language
1181008444,Python,language
5877848793,Python,language
5877848793,SQL,database
5831401065,Python,language
5831401065,Machine Learning,concept
5831401065,Pandas,library
5831401065,NumPy,library
5513865507,Python,language
5569494491,Azure,cloud
5569494491,SQL,database
5569494491,AWS,cloud
5569494491,NumPy,library
5569494491,Python,language
5569494491,Pandas,library
1513753345,Python,language
1756230340,Python,language
1878006934,Python,language
4216428618,Python,language
5411469494,Python,language
3762844961,Python,language
3762844961,Machine Learning,concept
5184352774,Python,language
5184352774,SQL,database
2761646876,Python,language
2761646876,R,language
2761646876,Spark,big_data
5850377127,Python,language
5850377127,SQL,database
5850377127,AWS,cloud
5850377070,Python,language
5850377070,SQL,database
5850377070,AWS,cloud
5805534992,Python,language
5850377088,Python,language
5850377088,SQL,database
5850377088,AWS,cloud
5869961947,Python,language
5869961947,SQL,database
5728392480,Python,language
5897949464,Python,language
5842764424,Python,language
5896630988,Python,language
5896630988,AWS,cloud
5768191028,Python,language
5726567341,Python,language
5726567355,Python,language
5727089273,Python,language
5727089273,Communication,soft_skill
5671080668,Python,language
5694220891,Python,language
5369756013,Python,language
5832075325,Python,language
5463954788,Python,language
5727148054,Python,language
5727148054,Machine Learning,concept
5727080791,Python,language
5727080791,AWS,cloud
5727080791,Pandas,library
5727080791,NumPy,library
5813706196,Python,language
5885447245,Python,language
5885447245,AWS,cloud
5899549859,Azure,cloud
5899549859,Python,language
5900713668,Python,language
5852342298,Python,language
5852342298,AWS,cloud
5852342298,R,language
5879144579,Python,language
5879144579,Communication,soft_skill
5857745692,Python,language
4664657513,Python,language
4664657513,AWS,cloud
5902910931,Python,language
5873163905,Python,language
5873183404,Python,language
5873183404,AWS,cloud
5867228585,Python,language
5795125101,Python,language
1331745668,Python,language
1331745668,SQL,database
1331745668,GCP,cloud
1331745668,AWS,cloud
1485687295,Python,language
1485687295,SQL,database
3087302234,Python,language
1155089801,Python,language
1155089801,SQL,database
3290772337,Azure,cloud
3290772337,Python,language
3290772337,SQL,database
1155088834,Python,language
5856196837,Python,language
5869177862,Python,language
5848361107,ETL,concept
5848361107,Python,language
5848361107,Snowflake,cloud
5902729833,Python,language
5902729833,SQL,database
5804417906,Python,language
5804417906,SQL,database
5846723582,Python,language
5901872731,Python,language
5432043419,Python,language
5615275672,Python,language
5615275672,SQL,database
5385850250,Python,language
5888551545,Python,language
1171508010,Python,language
5333342149,Python,language
5333342149,SQL,database
5883278517,Python,language
4514376301,Python,language
5860806527,Python,language
5860806527,AWS,cloud
5902920655,Python,language
5887229817,Python,language
5470431075,Python,language
2509165096,Python,language
1584344247,Python,language
5727276587,Python,language
5813414282,Python,language
5813414269,Python,language
2109435664,Python,language
2109435664,Machine Learning,concept
2109435664,AWS,cloud
5899028943,Azure,cloud
5899028943,Python,language
5898568127,ETL,concept
5898568127,Python,language
5898568127,Spark,big_data
5897993763,Python,language
5897993763,Spark,big_data
5906234876,Python,language
5906234876,Spark,big_data
5211779252,Python,language
5247440961,Python,language
5247440961,AWS,cloud
5878711857,Python,language
5890074057,Python,language
3759915987,Python,language
5462341020,Python,language
5605949877,Python,language
5831867073,Python,language
5907461484,ETL,concept
5907461484,Python,language
5718172054,Python,language
5897259812,Python,language
2081900043,Python,language
5856196986,Python,language
5856196986,Communication,soft_skill
5664889476,Python,language
5727140245,Python,language
4840859579,Azure,cloud
4840859579,SQL,database
4840859579,GCP,cloud
4840859579,AWS,cloud
4840859579,Python,language
4394994792,Python,language
4394994792,SQL,database
4917260446,Python,language
4917260446,AWS,cloud
3087300498,Python,language
3087300498,SQL,database
3104612827,Python,language
3104612827,SQL,database
5440456443,Python,language
5440456443,AWS,cloud
5440456443,Communication,soft_skill
5889568730,Python,language
2509165324,Azure,cloud
2509165324,Python,language
2509165324,SQL,database
2509165324,AWS,cloud
5903326051,ETL,concept
5903326051,Python,language
5903326051,Spark,big_data
5787826323,Python,language
5787826323,SQL,database
5376862333,Python,language
5376862333,SQL,database
5376862333,R,language
5841133058,Python,language
4981880603,Python,language
5828611051,Python,language
5888744703,ETL,concept
5888744703,Python,language
5888744703,Spark,big_data
4589548902,Python,language
4589548902,Communication,soft_skill
5903325899,Python,language
2077170669,Python,language
5907467440,Python,language
5907467440,AWS,cloud
2890608889,Python,language
2890608889,Pandas,library
2890608889,NumPy,library
5849691614,Python,language
5850376341,Python,language
5850376341,Communication,soft_skill
5897788382,Python,language
5895058557,ETL,concept
5895058557,Python,language
5895058557,Spark,big_data
5895058557,Snowflake,cloud
1931353587,Python,language
1931353587,SQL,database
5141411019,Python,language
2927155967,Python,language
2927155967,Communication,soft_skill
4967834432,Python,language
5071201837,Python,language
5071201837,SQL,database
4623935189,ETL,concept
4623935189,SQL,database
4623935189,AWS,cloud
4623935189,Python,language
4623935189,Pandas,library
5856197671,ETL,concept
5856197671,Python,language
5856197671,Spark,big_data
5899536069,Python,language
5899536069,SQL,database
5727242647,Python,language
5856197391,Python,language
1171508718,Python,language
1171508718,Machine Learning,concept
5347327415,Python,language
1735875543,Python,language
5879143546,Python,language
5879143546,AWS,cloud
5211779119,Python,language
5904151545,Python,language
5904151545,SQL,database
5879546565,Python,language
5879546565,SQL,database
2042125602,Python,language
5906945743,Python,language
5659958829,Python,language
4845636785,Python,language
4992020274,Python,language
4992020274,AWS,cloud
5867248993,Python,language
2416137653,Python,language
2416137653,Communication,soft_skill
5413470320,SQL,database
5413470320,Spark,big_data
5413470320,AWS,cloud
5413470320,Power BI,bi_tool
5413470320,Python,language
5867253843,Python,language
1171509168,Python,language
1171509168,AWS,cloud
5664889912,Python,language
5664889912,SQL,database
5664889912,GCP,cloud
5664889912,AWS,cloud
1765114234,Python,language
5266516619,Python,language
5266516619,SQL,database
5266516619,NumPy,library
5266516619,Communication,soft_skill
4344577333,Python,language
4344577333,AWS,cloud
5503838369,Python,language
2853928212,Python,language
2853928212,AWS,cloud
3576196754,Python,language
2514505941,Python,language
2907258971,Python,language
3066949096,Python,language
3066949096,AWS,cloud
3262155093,Python,language
3262154864,Python,language
2761646940,Python,language
2406636520,Python,language
2406636520,AWS,cloud
2873511794,Python,language
2873511794,Statistics,concept
3053605391,Azure,cloud
3053605391,Python,language
3053605391,AWS,cloud
5731637051,Python,language
5834758580,Python,language
5850376443,Python,language
5856196477,Python,language
5856196477,AWS,cloud
5856197125,Python,language
5856197125,Spark,big_data
5856196676,Azure,cloud
5856196676,Python,language
5856197798,Python,language
5856197798,AWS,cloud
5856197483,Python,language
5879146875,Python,language
5884512258,Azure,cloud
5884512258,Python,language
5889554497,Python,language
5889554497,AWS,cloud
5727281017,Python,language
5727281017,SQL,database
5364759466,Python,language
4667438937,Python,language
4667438937,SQL,database
5878058449,Python,language
5771048768,Python,language
5548685898,Python,language
5869605179,Python,language
5872555903,Python,language
5896068614,Python,language
5877828756,Python,language
5877828756,Pandas,library
5877828756,NumPy,library
5831365403,ETL,concept
5831365403,Python,language
5831365403,Spark,big_data
5645814060,Python,language
5645814060,SQL,database
5873991232,Python,language
2795055509,Python,language
2795055509,SAS,language
4801576848,Python,language
4801576848,R,language
5903325776,Python,language
5368364332,Python,language
5335388347,Python,language
3362894497,Python,language
4801503827,Python,language
4801503827,SQL,database
5859588543,Python,language
5859588543,AWS,cloud
5732146909,Python,language
5831404707,Azure,cloud
5831404707,Python,language
5831404707,AWS,cloud
5831404707,GCP,cloud
5727203612,Python,language
5727203612,Spark,big_data
3468846628,Python,language
3468846628,SQL,database
1171507374,Python,language
3178158472,Python,language
2563330898,Python,language
5856196998,ETL,concept
5856196998,Python,language
5856196998,Communication,soft_skill
2782429844,Python,language
2782429844,SQL,database
2261321974,Python,language
2782429390,Python,language
2782429390,SQL,database
3262155029,Python,language
3468844271,Python,language
1464995161,Python,language
1464995161,SQL,database
4795892724,Python,language
4795892724,SQL,database
5730134018,Python,language
5730134018,Communication,soft_skill
5875071090,Python,language
5875071090,Machine Learning,concept
5890486934,Python,language
5516741121,Python,language
5516741121,AWS,cloud
5875736370,Azure,cloud
5875736370,Python,language
5873769779,Azure,cloud
5873769779,Python,language
5904031686,Python,language
5904031686,AWS,cloud
5805875222,Python,language
5709223955,Python,language
5721783412,Python,language
5752150799,Python,language
5885452287,Python,language
5040810815,Python,language
5222699272,Python,language
5222699272,SQL,database
5880855481,Python,language
5880855481,SQL,database
5216187115,Python,language
5216187115,SQL,database
5216187118,Python,language
5216187118,SQL,database
5805535691,Python,language
5805535691,SQL,database
3175702617,Python,language
5812187923,Python,language
2706556446,Python,language
5876947338,Python,language
5692845099,Python,language
5635806406,Python,language
5635806406,Communication,soft_skill
3471937814,Python,language
3287972335,Python,language
2133622627,Python,language
5482747792,Python,language
5202716442,ETL,concept
5202716442,Python,language
2792651948,Python,language
1529270798,Python,language
1693676724,Python,language
1693676724,SQL,database
1693676724,AWS,cloud
1636152878,Python,language
5329700898,Python,language
5329702164,Python,language
5831401025,Python,language
5831401025,Pandas,library
5465908419,Python,language
5901872259,Python,language
5836780904,Python,language
5899029253,Python,language
5899029253,AWS,cloud
5901873492,Python,language
5901873492,SQL,database
5878716517,Python,language
5898568175,Python,language
5898568175,Machine Learning,concept
5899028817,Python,language
5889347881,Python,language
5837592489,Python,language
5837592489,Machine Learning,concept
5856196691,Python,language
5899140438,Python,language
5899140438,Machine Learning,concept
5856197666,Python,language
5856197666,AWS,cloud
2509165030,Python,language
5834388770,Python,language
5211779113,Python,language
5856195765,Python,language
5856195765,AWS,cloud
5654666562,Python,language
4023134712,Python,language
4893287304,Python,language
4893287304,AWS,cloud
5416719995,Python,language
5877295861,Azure,cloud
5877295861,Python,language
4767001638,Python,language
4166875234,Python,language
5866126718,Python,language
5866126718,SQL,database
5829888659,Python,language
5829888659,AWS,cloud
5773093569,Python,language
5773093569,Machine Learning,concept
5902739707,Python,language
5359559214,Azure,cloud
5359559214,Python,language
5359559214,SQL,database
3845119292,Python,language
3845119292,SQL,database
3845119292,AWS,cloud
3436022065,Python,language
3436022065,SQL,database
3436022065,GCP,cloud
3436022065,AWS,cloud
2800170778,Python,language
5880590860,Python,language
5902739655,Python,language
3447826016,Python,language
3447826016,Communication,soft_skill
5905906553,Azure,cloud
5905906553,Python,language
5727276349,Python,language
5896369519,Azure,cloud
5896369519,Python,language
5878060873,Azure,cloud
5878060873,Python,language
5878060883,Azure,cloud
5878060883,Python,language
4866308033,Python,language
4547502395,Python,language
4547502395,Machine Learning,concept
5539167609,Azure,cloud
5539167609,Python,language
5539167609,SQL,database
5006723441,Python,language
2800170839,Python,language
5730767257,Python,language
5891404850,Python,language
1164543124,Python,language
5637396045,Python,language
5637396045,AWS,cloud
5871274797,Python,language
2758889489,Python,language
5211779240,Azure,cloud
5211779240,SQL,database
5211779240,Spark,big_data
5211779240,GCP,cloud
5211779240,AWS,cloud
5211779240,Python,language
5648280671,Python,language
5648280671,AWS,cloud
5870445708,Python,language
5781957626,Python,language
4199773278,Python,language
2735207255,Python,language
5897949498,Python,language
4782576713,Python,language
1831361742,Python,language
1723473500,Python,language
1723473500,SQL,database
5632840256,Python,language
3916200849,ETL,concept
3916200849,Python,language
3916200849,SQL,database
4309750166,Python,language
5442082865,Python,language
5442082865,SQL,database
5208232420,Python,language
5208232420,AWS,cloud
2315786463,Python,language
3175702627,Python,language
3175702627,SQL,database
4316768852,Python,language
4316768852,Communication,soft_skill
4316768852,GCP,cloud
5573165353,Python,language
5823811435,Python,language
5856197156,ETL,concept
5856197156,Python,language
5856197156,Spark,big_data
5856197156,Communication,soft_skill
5856197134,Python,language
5856197134,Spark,big_data
5856197134,Communication,soft_skill
5850372037,Python,language
5864812866,Azure,cloud
5864812866,Python,language
5864812866,Machine Learning,concept
5864812866,AWS,cloud
5876480808,Python,language
5889574881,Python,language
5902720660,Python,language
5856957523,Azure,cloud
5856957523,Python,language
5856957523,GCP,cloud
5795125061,ETL,concept
5795125061,Python,language
5795125061,Machine Learning,concept
5795125061,Spark,big_data
5640955002,Python,language
5808698722,Python,language
5808698722,Spark,big_data
4415397255,Python,language
4415397255,SQL,database
5859426403,Python,language
5878058429,Python,language
5889348094,Python,language
5889348094,AWS,cloud
5849116204,Python,language
5898497630,Python,language
5898497630,Spark,big_data
5746063172,Python,language
5746063172,AWS,cloud
1665117086,Python,language
5899863497,Python,language
5863702587,Python,language
5863702587,SQL,database
5604380189,Python,language
5604380189,AWS,cloud
4399339955,Python,language
4426501697,Python,language
4426501697,SQL,database
1923135438,Python,language
5852117246,Python,language
5870749078,Python,language
1171507062,Python,language
5688346570,Python,language
1155089017,Python,language
4929450382,Python,language
5736159677,Python,language
5856197783,Python,language
5871278962,Python,language
5871278962,SQL,database
5871278962,Communication,soft_skill
5871278962,AWS,cloud
5897060321,Python,language
5907670393,Python,language
5746063206,Python,language
5746063206,AWS,cloud
3643638644,Python,language
5827620878,Python,language
2068008181,Python,language
5850370689,Python,language
5850370689,Snowflake,cloud
5859117901,Python,language
5680955744,Python,language
5680955794,Python,language
5680955777,Python,language
5680955751,Python,language
5680955742,Python,language
5680955893,Python,language
5729575754,Python,language
5029472028,Python,language
5029472028,SQL,database
5029472028,AWS,cloud
5871274942,Azure,cloud
5871274942,Python,language
5721543735,Python,language
4984292427,Python,language
5905925415,Python,language
5709155900,Python,language
5709155900,SQL,database
5709155900,Communication,soft_skill
5781970861,Python,language
5871274974,Python,language
5912750335,Power BI,bi_tool
5912750335,SQL,database
5909826687,R,language
5909826687,Statistics,concept
5908393012,Statistics,concept
5912846911,ETL,concept
5912846911,SQL,database
5912846911,GCP,cloud
5912846911,Tableau,bi_tool
5912846911,Google Sheets,spreadsheet
5912846911,Looker,bi_tool
5912846911,Power BI,bi_tool
5913461476,Power BI,bi_tool
5913461476,SQL,database
5913461476,Tableau,bi_tool
5909232119,Python,language
5909232119,Machine Learning,concept
5911187231,SQL,database
5911187231,SAS,language
5819875080,Statistics,concept
5910196732,Communication,soft_skill
5911187207,SQL,database
5911187207,SAS,language
5909548159,Communication,soft_skill
5909548159,Tableau,bi_tool
5727281189,Python,language
5911679089,Communication,soft_skill
5910208900,Power BI,bi_tool
5910208900,Communication,soft_skill
5897957722,ETL,concept
5727248050,Excel,spreadsheet
5727081359,SQL,database
5727081359,Spark,big_data
5727081359,Snowflake,cloud
5727081359,Python,language
5727081359,SAS,language
5907834264,Power BI,bi_tool
5727280904,Communication,soft_skill
5910244745,Power BI,bi_tool
5910244745,Python,language
5910244745,VBA,language
5911187891,Power BI,bi_tool
5911187891,Python,language
5911187891,VBA,language
5907469663,Machine Learning,concept
5859754586,Communication,soft_skill
5908335245,Machine Learning,concept
5804447390,Machine Learning,concept
5909285990,Communication,soft_skill
5336689196,Tableau,bi_tool
5336689196,Excel,spreadsheet
5336689196,Power BI,bi_tool
5336689196,Machine Learning,concept
5336689196,Statistics,concept
5898467649,ETL,concept
5811667062,SAS,language
5009918376,Spark,big_data
5880854083,Power BI,bi_tool
5880854083,SQL,database
5880854083,Communication,soft_skill
5880854083,Tableau,bi_tool
5906993807,Communication,soft_skill
5906993813,Communication,soft_skill
5909285942,Communication,soft_skill
5898480841,ETL,concept
5348733332,Azure,cloud
5840392238,Communication,soft_skill
5815228056,ETL,concept
5815228056,SQL,database
5652195596,ETL,concept
5652195596,Communication,soft_skill
5652195596,GCP,cloud
3166190694,SQL,database
3166190694,Spark,big_data
3166190694,GCP,cloud
3166190694,R,language
3166190694,Python,language
5857743591,Statistics,concept
5912846915,Communication,soft_skill
5909807248,SQL,database
5909807248,Communication,soft_skill
5899856192,Communication,soft_skill
5727098564,Communication,soft_skill
5727095874,Communication,soft_skill
5728339319,Communication,soft_skill
5729733840,Communication,soft_skill
5909414455,Communication,soft_skill
5912846916,Communication,soft_skill
5728284180,Communication,soft_skill
5908406822,Communication,soft_skill
5909548718,Communication,soft_skill
5910238045,Excel,spreadsheet
5910238045,SQL,database
5910238045,Communication,soft_skill
5910238045,Tableau,bi_tool
5912643359,Python,language
5912643359,SQL,database
5910924693,SQL,database
5848434525,Azure,cloud
5727268691,Communication,soft_skill
5899856575,R,language
5854877531,Communication,soft_skill
5836575901,Communication,soft_skill
5850377036,Communication,soft_skill
5850377048,Communication,soft_skill
5864858399,Communication,soft_skill
5872937081,Excel,spreadsheet
5872937081,Python,language
5872937081,Pandas,library
5879141122,Communication,soft_skill
5879138670,Communication,soft_skill
5771989281,Communication,soft_skill
5833579111,Communication,soft_skill
5910860562,Communication,soft_skill
5835717103,Communication,soft_skill
5741881074,Communication,soft_skill
5912846905,Communication,soft_skill
5687660791,Communication,soft_skill
5899029103,Communication,soft_skill
5876455133,Communication,soft_skill
5773554675,Communication,soft_skill
5503353459,SAS,language
2946429999,Communication,soft_skill
5873196893,Communication,soft_skill
5872787517,Communication,soft_skill
5850370911,Communication,soft_skill
2162707534,Communication,soft_skill
5859124407,Communication,soft_skill
5758205774,Communication,soft_skill
5902577663,Communication,soft_skill
5780525949,Communication,soft_skill
5893831510,Communication,soft_skill
5689134332,Communication,soft_skill
5859121328,Communication,soft_skill
4638749499,Communication,soft_skill
5728442696,Communication,soft_skill
5850339824,Communication,soft_skill
5864819312,Communication,soft_skill
5910215039,SQL,database
5727103961,SQL,database
5913213898,Power BI,bi_tool
5913213898,SQL,database
5913213898,Tableau,bi_tool
5910229335,Power BI,bi_tool
5728265680,Power BI,bi_tool
5728265680,Communication,soft_skill
5912785370,Power BI,bi_tool
5912785370,SQL,database
5912582852,Power BI,bi_tool
5912582852,Azure,cloud
5908391207,Power BI,bi_tool
5908391207,Communication,soft_skill
5912975342,Power BI,bi_tool
5912975342,Python,language
5912975342,Tableau,bi_tool
5912689148,Power BI,bi_tool
5909547003,Power BI,bi_tool
5835719748,Power BI,bi_tool
5910228580,Excel,spreadsheet
5910228580,Power BI,bi_tool
5910228580,Tableau,bi_tool
5912386010,Power BI,bi_tool
5912386010,AWS,cloud
5912386010,Azure,cloud
5907833831,Power BI,bi_tool
5890794679,Power BI,bi_tool
5907846880,Power BI,bi_tool
5907846880,ETL,concept
5907846880,GCP,cloud
5909825955,Power BI,bi_tool
5909414392,Power BI,bi_tool
5728269505,Excel,spreadsheet
5728269505,SQL,database
5728269505,Power BI,bi_tool
5909846531,ETL,concept
5909846531,GCP,cloud
5908389998,Power BI,bi_tool
5908389998,Communication,soft_skill
5910244085,Power BI,bi_tool
5910244085,Python,language
5910244085,ETL,concept
5727193493,Excel,spreadsheet
5908607884,Azure,cloud
5908607884,Python,language
5854439684,Power BI,bi_tool
5854439684,Snowflake,cloud
5889535953,Power BI,bi_tool
5861793711,SQL,database
5869814806,Azure,cloud
5869814806,AWS,cloud
5869814806,Communication,soft_skill
5727219518,Excel,spreadsheet
5727219518,Power BI,bi_tool
5727219518,Communication,soft_skill
5905918653,Power BI,bi_tool
5905918653,Python,language
5905918653,SQL,database
5905918653,ETL,concept
5465850096,VBA,language
5910240743,Excel,spreadsheet
5910240743,Power BI,bi_tool
5910240743,Communication,soft_skill
5503312923,Excel,spreadsheet
5503312923,Power BI,bi_tool
5503312923,Communication,soft_skill
5901473006,Excel,spreadsheet
5901473006,SQL,database
5901473006,Tableau,bi_tool
5901473006,Power BI,bi_tool
5771060742,Communication,soft_skill
5908397648,Excel,spreadsheet
5908397648,Python,language
5908397648,SQL,database
5908397648,Power BI,bi_tool
5854846750,Power BI,bi_tool
5851146986,Excel,spreadsheet
5851146986,Power BI,bi_tool
5851146986,VBA,language
5727134450,Excel,spreadsheet
5727134450,SQL,database
5727134450,Power BI,bi_tool
5574379318,Power BI,bi_tool
5819689420,ETL,concept
5879144580,Machine Learning,concept
5899853208,Power BI,bi_tool
5899853208,Azure,cloud
5752272200,Machine Learning,concept
5752272200,Statistics,concept
5814514701,Power BI,bi_tool
5856197126,Power BI,bi_tool
5856197126,Tableau,bi_tool
5885447640,Communication,soft_skill
5728442417,Excel,spreadsheet
5728442417,SQL,database
5728442417,Tableau,bi_tool
5728442417,Power BI,bi_tool
5312887794,Azure,cloud
5312887794,ETL,concept
5312887794,SQL,database
5312887794,Spark,big_data
5312887794,Power BI,bi_tool
5312887794,Python,language
5453640889,Excel,spreadsheet
5453640889,Power BI,bi_tool
5872112958,Excel,spreadsheet
5872112958,Power BI,bi_tool
5876482384,Power BI,bi_tool
5876482384,SQL,database
5897176662,Azure,cloud
5897176662,ETL,concept
5897176662,SQL,database
5897176662,Spark,big_data
5897176662,Snowflake,cloud
5897176662,Power BI,bi_tool
5897176662,Python,language
5857010955,Excel,spreadsheet
5857010955,Power BI,bi_tool
5799159832,Excel,spreadsheet
5799159832,Power BI,bi_tool
5799159832,Communication,soft_skill
4801602072,SQL,database
5897946195,Azure,cloud
5897946195,ETL,concept
5897946195,Spark,big_data
5897946195,Power BI,bi_tool
5897946195,Python,language
5897946195,SAS,language
3770056552,Power BI,bi_tool
5723327743,Communication,soft_skill
5889532867,Excel,spreadsheet
5889532867,Power BI,bi_tool
5890789493,Power BI,bi_tool
5719082216,Power BI,bi_tool
5453619364,Power BI,bi_tool
5453619364,Machine Learning,concept
5453619364,Tableau,bi_tool
5853198519,ETL,concept
5853198519,SQL,database
5853198519,GCP,cloud
5860541889,Communication,soft_skill
5894112652,Power BI,bi_tool
5894112652,Tableau,bi_tool
5896658305,Communication,soft_skill
5798543641,Power BI,bi_tool
5798543641,SQL,database
5798543641,Tableau,bi_tool
5798543641,AWS,cloud
5887887156,Communication,soft_skill
5850627606,Power BI,bi_tool
5850627606,Communication,soft_skill
2478113652,ETL,concept
2478113652,Excel,spreadsheet
2478113652,Power BI,bi_tool
2478113652,Statistics,concept
2478113652,SAS,language
5322590725,Power BI,bi_tool
5322590725,SQL,database
5322590725,ETL,concept
5841126289,Power BI,bi_tool
5841126289,Python,language
5841126289,SQL,database
5841126289,Azure,cloud
5889552744,Excel,spreadsheet
5889552744,Power BI,bi_tool
5840396013,Excel,spreadsheet
5840396013,Power BI,bi_tool
5840396013,VBA,language
5902068203,Python,language
2182368311,Power BI,bi_tool
2182368311,SQL,database
2182368311,Azure,cloud
4449017698,Power BI,bi_tool
5845820621,ETL,concept
5845820621,Azure,cloud
5845820621,Spark,big_data
5845820621,Statistics,concept
5877280878,Power BI,bi_tool
5905463298,Power BI,bi_tool
5905463298,Communication,soft_skill
5908399717,Communication,soft_skill
5910924606,ETL,concept
5910924606,SQL,database
5910924606,GCP,cloud
5899871617,Power BI,bi_tool
5899871617,Communication,soft_skill
5897946271,Azure,cloud
5897946271,ETL,concept
5897946271,Spark,big_data
5897946271,Power BI,bi_tool
5897946271,Python,language
5897946271,SAS,language
5686922942,ETL,concept
5686922942,Azure,cloud
5686922942,SQL,database
5686922942,AWS,cloud
5686922942,Python,language
5861795971,Power BI,bi_tool
5861795971,Communication,soft_skill
5861795971,Tableau,bi_tool
5850301625,Excel,spreadsheet
5850301625,Power BI,bi_tool
5900751272,Statistics,concept
5889561962,AWS,cloud
5889561962,Snowflake,cloud
5891405085,Power BI,bi_tool
5891405085,Python,language
5891405085,GCP,cloud
5903545661,Communication,soft_skill
5904043181,Communication,soft_skill
5326536420,Azure,cloud
5326536420,ETL,concept
5326536420,SQL,database
5326536420,Snowflake,cloud
5326536420,Power BI,bi_tool
5453611772,SQL,database
5453611772,R,language
5453611772,Power BI,bi_tool
5453611772,Python,language
5453611772,Statistics,concept
5453637687,R,language
5453637687,Tableau,bi_tool
5453637687,Power BI,bi_tool
5453637687,Python,language
5453637687,SAS,language
5681591091,Machine Learning,concept
5730749525,ETL,concept
5730749525,SQL,database
5730749525,Azure,cloud
5886389226,Excel,spreadsheet
5886389226,Power BI,bi_tool
5886389226,Communication,soft_skill
5887942710,Excel,spreadsheet
5887942710,Power BI,bi_tool
5887942710,Communication,soft_skill
5895065562,Snowflake,cloud
5901481034,Excel,spreadsheet
5901481034,Power BI,bi_tool
5901481034,Communication,soft_skill
5903326182,Azure,cloud
5907834271,Communication,soft_skill
5727093077,Power BI,bi_tool
5727093077,Azure,cloud
5727093077,ETL,concept
5868707143,Azure,cloud
5868707143,SQL,database
5868707143,Spark,big_data
5868707143,Power BI,bi_tool
5868707143,Python,language
5899326225,Power BI,bi_tool
5899326225,Communication,soft_skill
2661558689,Power BI,bi_tool
2661558689,SQL,database
5912785394,Machine Learning,concept
5912785394,Statistics,concept
5912389047,SQL,database
5912389047,Python,language
5912389047,Machine Learning,concept
5912389047,Pandas,library
5912389047,Statistics,concept
5912391278,Machine Learning,concept
5912391278,Communication,soft_skill
5908372638,Machine Learning,concept
5911187282,Python,language
5913213908,ETL,concept
5913213908,Statistics,concept
5912785305,Machine Learning,concept
5912785305,Statistics,concept
5912785354,ETL,concept
5912785354,Azure,cloud
5912785354,SQL,database
5912785354,Communication,soft_skill
5912785354,Snowflake,cloud
5912785354,Python,language
5912785354,Machine Learning,concept
5911675614,Machine Learning,concept
5911675614,Statistics,concept
5862295004,Machine Learning,concept
5899850957,Python,language
5899850957,Machine Learning,concept
5899850957,R,language
5899850957,Statistics,concept
5818439605,Machine Learning,concept
5818439605,Statistics,concept
5814997124,Machine Learning,concept
5911673488,Machine Learning,concept
5913214004,ETL,concept
5913214004,Python,language
5913214004,Machine Learning,concept
5834425911,Statistics,concept
5854846447,Machine Learning,concept
5808699288,Machine Learning,concept
5877264946,Statistics,concept
5907464507,Machine Learning,concept
5907464507,Statistics,concept
5845820351,Machine Learning,concept
5808699375,Azure,cloud
5808699375,Python,language
5808699375,Machine Learning,concept
5614314254,Communication,soft_skill
5614314254,Statistics,concept
4228188388,Python,language
4228188388,Spark,big_data
5797358859,Machine Learning,concept
5797358859,AWS,cloud
5878284868,Statistics,concept
5907462148,Python,language
5778189830,Machine Learning,concept
5778189830,Statistics,concept
5845820429,Machine Learning,concept
5845820429,Statistics,concept
5851811912,Python,language
5259134038,Python,language
5876949281,Machine Learning,concept
5881161465,Machine Learning,concept
5881161465,Statistics,concept
5644114233,Spark,big_data
5644114233,R,language
5644114233,Python,language
5644114233,Statistics,concept
5644114233,SAS,language
5830635948,Statistics,concept
5844331544,Machine Learning,concept
5844331544,Statistics,concept
5859122229,Python,language
5859122229,Machine Learning,concept
5859122229,R,language
5859122229,Statistics,concept
5859122221,Python,language
5859122221,Machine Learning,concept
5859122221,R,language
5859122221,Statistics,concept
5859122234,Python,language
5859122234,Machine Learning,concept
5859122234,R,language
5859122234,Statistics,concept
5883719417,Azure,cloud
5904052827,Machine Learning,concept
5904052827,Statistics,concept
5889546009,Machine Learning,concept
5889546009,Statistics,concept
5858383548,Machine Learning,concept
5891909003,Statistics,concept
5889514963,Azure,cloud
5889514963,SQL,database
5889514963,Spark,big_data
5889514963,GCP,cloud
5889514963,R,language
5889514963,AWS,cloud
5889514963,NumPy,library
5889514963,Python,language
5889514963,Machine Learning,concept
5889514963,Pandas,library
5889514963,Statistics,concept
5889524588,Azure,cloud
5889524588,Python,language
5889524588,SQL,database
5890817664,Machine Learning,concept
5897048096,Machine Learning,concept
4171469361,Statistics,concept
5897025263,Communication,soft_skill
5897176854,Machine Learning,concept
5890800007,Statistics,concept
5905885562,Communication,soft_skill
5912582891,Python,language
5912582891,Machine Learning,concept
5912582891,AWS,cloud
5909807241,Python,language
5909807241,Machine Learning,concept
5912385902,Machine Learning,concept
5910505950,Excel,spreadsheet
5910505950,Machine Learning,concept
5910505950,AWS,cloud
5910244499,Machine Learning,concept
5910218521,Machine Learning,concept
5910218521,Statistics,concept
5853710609,Machine Learning,concept
5910222815,Machine Learning,concept
5910222815,Statistics,concept
5910238877,Machine Learning,concept
5910238877,Statistics,concept
5907461706,Python,language
5907461706,SQL,database
5907461706,Machine Learning,concept
5908407611,Machine Learning,concept
5908368640,Machine Learning,concept
5909546481,Machine Learning,concept
5911773533,Machine Learning,concept
5908340993,Machine Learning,concept
5908340993,Statistics,concept
5912690408,Machine Learning,concept
5909826236,Machine Learning,concept
5909548120,Machine Learning,concept
5730627836,Python,language
5730627836,SQL,database
5730627836,Machine Learning,concept
5730627836,Communication,soft_skill
5910195683,Machine Learning,concept
5910252577,ETL,concept
5910252577,Azure,cloud
5910252577,Spark,big_data
5910252577,Python,language
5910252577,Machine Learning,concept
5907867497,Machine Learning,concept
5907867497,Statistics,concept
5909546379,Machine Learning,concept
5909546379,Statistics,concept
5727272477,ETL,concept
5727272477,Machine Learning,concept
5909550244,Statistics,concept
5913213907,Machine Learning,concept
5728406253,Machine Learning,concept
5728406253,Statistics,concept
5648989211,Machine Learning,concept
5751728768,Python,language
5751728768,SQL,database
5751728768,Machine Learning,concept
4514376984,Machine Learning,concept
4052661167,Machine Learning,concept
4052661167,Communication,soft_skill
4619760454,ETL,concept
4619760454,Machine Learning,concept
4619760454,Spark,big_data
4619760454,Communication,soft_skill
5219560264,Machine Learning,concept
5067536911,Machine Learning,concept
5067536911,Statistics,concept
4703221852,Machine Learning,concept
4703221852,Python,language
4703221852,SQL,database
4703221852,Statistics,concept
5657939277,Machine Learning,concept
5657939277,Communication,soft_skill
5859121454,Python,language
5859121454,Machine Learning,concept
5859121444,Python,language
5859121444,Machine Learning,concept
5833603571,Machine Learning,concept
2311962125,Machine Learning,concept
5808699384,Machine Learning,concept
5808699374,Machine Learning,concept
5889505016,Python,language
5889505016,Machine Learning,concept
5889505016,GCP,cloud
5734339082,Machine Learning,concept
5912216178,Machine Learning,concept
4770319152,Python,language
4770319152,Machine Learning,concept
3262155124,Machine Learning,concept
1348032241,Machine Learning,concept
5861951542,Machine Learning,concept
5908609931,Machine Learning,concept
5908609931,Statistics,concept
5910217619,Machine Learning,concept
5910217619,Statistics,concept
5911186962,Machine Learning,concept
5911186962,Statistics,concept
5895402426,Machine Learning,concept
5895402426,Statistics,concept
5862294560,Machine Learning,concept
5759725193,Machine Learning,concept
3479609972,Python,language
3479609972,Machine Learning,concept
5879146291,Machine Learning,concept
5801030571,Machine Learning,concept
5438278422,Python,language
5438278422,Machine Learning,concept
5438278422,Pandas,library
5438278422,NumPy,library
5882502649,Python,language
5882502649,SQL,database
5882502649,Machine Learning,concept
5748897553,Azure,cloud
5748897553,GCP,cloud
5748897553,NumPy,library
5748897553,Python,language
5748897553,Machine Learning,concept
5899073240,Machine Learning,concept
5607807838,Python,language
5607807838,SQL,database
5607807838,Machine Learning,concept
5690032454,Python,language
5690032454,Machine Learning,concept
5453642581,Machine Learning,concept
5869814828,Machine Learning,concept
5743808914,Machine Learning,concept
1155089523,Machine Learning,concept
2686604285,Machine Learning,concept
5889533104,Machine Learning,concept
5889533104,Statistics,concept
2042125530,Machine Learning,concept
5897029092,Machine Learning,concept
5900180987,ETL,concept
5900180987,Machine Learning,concept
5822283426,Python,language
5822283426,SQL,database
5822283426,Machine Learning,concept
5822283407,Python,language
5822283407,SQL,database
5822283407,Machine Learning,concept
5899029008,Machine Learning,concept
5899029008,Communication,soft_skill
1155088422,Machine Learning,concept
5892383933,Azure,cloud
5892383933,Python,language
5892383933,Machine Learning,concept
5856197661,Azure,cloud
5856197661,Python,language
5856197661,Machine Learning,concept
5687858851,Machine Learning,concept
5754720548,ETL,concept
5754720548,Machine Learning,concept
5850380200,Python,language
5850380200,Machine Learning,concept
5850380200,Pandas,library
5850380200,NumPy,library
5453607457,Machine Learning,concept
5691044656,Machine Learning,concept
5887944507,Machine Learning,concept
1155089525,Statistics,concept
4862236978,Machine Learning,concept
1277646122,Machine Learning,concept
5120359843,Machine Learning,concept
5856196301,Machine Learning,concept
5856196301,Communication,soft_skill
5818239864,Machine Learning,concept
5843162188,Machine Learning,concept
5901709161,Machine Learning,concept
5901709161,Communication,soft_skill
5912846934,ETL,concept
5912846934,Azure,cloud
5912846934,SQL,database
5912846934,Spark,big_data
5912846934,Python,language
5908365645,ETL,concept
5908365645,SQL,database
5908365645,Spark,big_data
5727189224,Machine Learning,concept
5908341337,ETL,concept
5907431686,ETL,concept
5911414885,Python,language
5911414885,SQL,database
5911414885,Spark,big_data
5861217675,Excel,spreadsheet
5861217675,ETL,concept
5912846864,ETL,concept
5912846864,SQL,database
5912846864,Spark,big_data
5912846864,GCP,cloud
5912846864,Python,language
5909226085,ETL,concept
5909226085,Azure,cloud
5909226085,SQL,database
5909226085,Spark,big_data
5909226085,Python,language
5913213909,ETL,concept
5913213909,Python,language
5913213909,SQL,database
5913213909,Spark,big_data
5908381485,ETL,concept
5908381485,SQL,database
5908381485,Snowflake,cloud
5908381485,AWS,cloud
5908390765,ETL,concept
5908390765,Python,language
5908390765,Snowflake,cloud
5910226284,ETL,concept
5910226284,SQL,database
5910226284,GCP,cloud
5909807233,ETL,concept
5909807233,Azure,cloud
5909807233,SQL,database
5909807233,Spark,big_data
5909807233,GCP,cloud
5909807233,AWS,cloud
5909807233,Python,language
5907833635,ETL,concept
5907833635,Communication,soft_skill
5907821004,Spark,big_data
5442283692,Azure,cloud
5442283692,Spark,big_data
5442283692,Communication,soft_skill
5442283692,AWS,cloud
5442283692,Python,language
5876949065,AWS,cloud
5146689730,ETL,concept
5146689730,SQL,database
5146689730,Azure,cloud
5553961601,ETL,concept
5553961601,Communication,soft_skill
5577459017,ETL,concept
5577459017,SQL,database
5577459017,Azure,cloud
5787154483,Azure,cloud
5787154483,Python,language
5787154483,SQL,database
5787154483,Snowflake,cloud
5850375372,ETL,concept
5850375372,GCP,cloud
5825095271,ETL,concept
5825095271,Python,language
5825095271,Azure,cloud
5825095271,Spark,big_data
3029274175,Azure,cloud
3029274175,SQL,database
5365281422,ETL,concept
5879546527,ETL,concept
5879546527,SQL,database
5879546527,GCP,cloud
3812502540,Python,language
3812502540,AWS,cloud
3812502540,Spark,big_data
3812502540,Snowflake,cloud
5902720831,ETL,concept
5902720831,AWS,cloud
5902720831,Snowflake,cloud
5903325787,ETL,concept
5903325787,AWS,cloud
5366084438,ETL,concept
5498359804,ETL,concept
5498359804,Azure,cloud
5902358456,ETL,concept
5902358456,Spark,big_data
5859124453,ETL,concept
5859124453,AWS,cloud
5866126673,ETL,concept
5866126673,SQL,database
5866126673,Spark,big_data
5866126673,AWS,cloud
5239552753,Python,language
5239552753,SQL,database
5239552753,AWS,cloud
5519841643,ETL,concept
5519841643,Azure,cloud
5084449366,ETL,concept
5084449366,Python,language
5084449366,SQL,database
5084449366,Spark,big_data
5677793295,ETL,concept
5677793295,Azure,cloud
5890812759,GCP,cloud
5467028059,ETL,concept
5745898627,ETL,concept
5745898627,Azure,cloud
5745898627,SQL,database
5745898627,Communication,soft_skill
5745898627,Snowflake,cloud
5832085034,ETL,concept
5832085034,Azure,cloud
5832085034,SQL,database
5832085034,Communication,soft_skill
5832085034,Snowflake,cloud
5903325968,ETL,concept
5903325741,Azure,cloud
5899549566,Statistics,concept
5895065864,ETL,concept
5895065864,SQL,database
5895065864,Snowflake,cloud
5895065864,AWS,cloud
5895065864,Python,language
5708033017,ETL,concept
5708033017,Machine Learning,concept
3980808041,AWS,cloud
5744382103,ETL,concept
5744382103,SQL,database
5744382103,Spark,big_data
5744382103,AWS,cloud
5744382103,Python,language
5854877550,Azure,cloud
5854877550,SQL,database
5854877550,Spark,big_data
5818242162,ETL,concept
5818242162,Python,language
5818242162,SQL,database
5818242162,GCP,cloud
5861795998,ETL,concept
5861795998,Spark,big_data
5884512168,ETL,concept
5884512168,Python,language
5911377560,ETL,concept
5911377560,Azure,cloud
5911377560,SQL,database
5911377560,Communication,soft_skill
5911377560,Snowflake,cloud
5211779080,ETL,concept
5211779080,Python,language
5211779080,AWS,cloud
5784961032,ETL,concept
5784961032,Python,language
5784961032,SQL,database
5784961032,Snowflake,cloud
5824131072,ETL,concept
5872126619,ETL,concept
5872126619,AWS,cloud
5872126619,Communication,soft_skill
5872126619,Azure,cloud
5866584405,ETL,concept
5866584405,Python,language
5866584405,Azure,cloud
5866584405,Spark,big_data
5881105838,ETL,concept
5881105838,Communication,soft_skill
5882275027,ETL,concept
5882275027,Communication,soft_skill
5075849748,Azure,cloud
5075849748,AWS,cloud
5075849748,GCP,cloud
2393665276,ETL,concept
2393665276,Python,language
2393665276,SQL,database
2393665276,Spark,big_data
5294954265,ETL,concept
5294954265,Python,language
5294954265,GCP,cloud
2890608960,Azure,cloud
2890608960,SQL,database
2890608960,Spark,big_data
5890222681,SQL,database
5890222681,Snowflake,cloud
5266516626,ETL,concept
5910240400,Azure,cloud
5202607067,ETL,concept
5202607067,AWS,cloud
5202607067,Spark,big_data
5850890446,ETL,concept
5863636311,Azure,cloud
5870737024,ETL,concept
5870737024,Snowflake,cloud
5878636056,ETL,concept
5878636056,Azure,cloud
5878636056,SQL,database
5878636056,Spark,big_data
5878636056,Python,language
5890222683,Azure,cloud
5890222683,SQL,database
5890222683,Spark,big_data
5890222683,Communication,soft_skill
5890222683,Python,language
5868110001,ETL,concept
5868110001,Azure,cloud
5868110001,Communication,soft_skill
5314053960,ETL,concept
5314053960,Python,language
5314053960,Azure,cloud
5853722653,ETL,concept
5908392975,SQL,database
5912357585,SQL,database
5909807232,SQL,database
5834750873,SQL,database
5909548075,Azure,cloud
5909548075,SQL,database
5908335993,ETL,concept
5908335993,SQL,database
5912846940,ETL,concept
5912846940,Azure,cloud
5912846940,SQL,database
5912846940,Spark,big_data
5912846940,Python,language
5912623357,Python,language
5912623357,SQL,database
5912623357,GCP,cloud
5912386737,SQL,database
5911380194,Python,language
5911380194,SQL,database
5907833628,Python,language
5907833628,VBA,language
5789402935,SQL,database
5912051749,SQL,database
5910924646,ETL,concept
5910924646,SQL,database
5910924646,Snowflake,cloud
5912848913,Python,language
5852583370,SQL,database
5911187273,ETL,concept
5911187273,SQL,database
5911187273,Spark,big_data
5911187273,Azure,cloud
5909548081,Azure,cloud
5907821022,SQL,database
5907821022,Communication,soft_skill
5907821022,Tableau,bi_tool
5907846931,Python,language
5907846931,SQL,database
5911685228,ETL,concept
5911685228,SQL,database
5911685228,GCP,cloud
5911685228,Python,language
5911685228,SAS,language
5913461481,ETL,concept
5909548531,SQL,database
5909548531,AWS,cloud
5202607069,ETL,concept
5202607069,SQL,database
5202607069,Spark,big_data
5202607069,Communication,soft_skill
5202607069,AWS,cloud
2406632815,SQL,database
2406632815,Communication,soft_skill
5909548537,ETL,concept
5909548537,Snowflake,cloud
1155089940,SQL,database
4947453098,SQL,database
5897699412,ETL,concept
5897699412,SQL,database
5897699412,AWS,cloud
5897699412,Python,language
5897699412,SAS,language
2162707524,SQL,database
5850375387,SQL,database
5907846972,SQL,database
4321223513,Azure,cloud
5588286070,SQL,database
5861794303,Communication,soft_skill
5871274968,SQL,database
5120359949,SQL,database
5899555547,SQL,database
5899555547,AWS,cloud
2965122024,SQL,database
2965122024,AWS,cloud
5876798305,SQL,database
5893831465,SQL,database
2809248180,SQL,database
5788471594,ETL,concept
5788471594,SQL,database
5788471594,Spark,big_data
3081711018,Power BI,bi_tool
3081711018,SQL,database
3081711018,Azure,cloud
1171506589,SQL,database
2782428335,Statistics,concept
4344578115,SQL,database
4344578115,Statistics,concept
2605402098,SQL,database
5691814226,SQL,database
5649491277,Azure,cloud
4010807048,SQL,database
5879144637,SQL,database
2677620303,SQL,database
5453280874,SQL,database
5453280874,AWS,cloud
5850376583,Azure,cloud
5850376583,SQL,database
4344577955,SQL,database
4344577955,AWS,cloud
2605401345,SQL,database
5847672055,Azure,cloud
5847672055,SQL,database
5850338817,ETL,concept
5850338817,Azure,cloud
5850338817,SQL,database
5850338817,AWS,cloud
5850338817,Python,language
5850338817,Machine Learning,concept
5451110381,ETL,concept
3277686277,SQL,database
5827200337,Python,language
5827200337,SQL,database
5909550142,Excel,spreadsheet
5910860635,Communication,soft_skill
5911676632,Communication,soft_skill
5909285863,ETL,concept
5909285863,SQL,database
5909285863,Snowflake,cloud
5904040967,Spark,big_data
5904040967,GCP,cloud
5911187441,Communication,soft_skill
5911187441,GCP,cloud
5910198698,Communication,soft_skill
5910198698,GCP,cloud
5909254423,Communication,soft_skill
5911647997,Communication,soft_skill
5913213926,Python,language
5913213926,SQL,database
5913213926,Spark,big_data
5909414404,Communication,soft_skill
4821459970,Communication,soft_skill
5776769448,ETL,concept
5887877041,ETL,concept
5758205764,Python,language
5758205763,Python,language
5488123337,Communication,soft_skill
5488123337,Statistics,concept
2160609545,Excel,spreadsheet
2160609545,Communication,soft_skill
5899073093,GCP,cloud
5773362749,ETL,concept
5773362749,Python,language
5773362749,Spark,big_data
5773362749,Snowflake,cloud
5850370971,Communication,soft_skill
3281983828,Python,language
3281983828,Statistics,concept
5868123352,Communication,soft_skill
5910924648,SQL,database
5910924648,Snowflake,cloud
5908610152,SQL,database
5908610152,Communication,soft_skill
5906993733,Communication,soft_skill
5882729169,Communication,soft_skill
5872119667,Excel,spreadsheet
5872119667,Python,language
5856501438,Communication,soft_skill
5847894175,Communication,soft_skill
5848391437,GCP,cloud
5848391437,Snowflake,cloud
5727277932,Communication,soft_skill
5691816333,SQL,database
4686705222,Communication,soft_skill
5872591288,Communication,soft_skill
5879139684,AWS,cloud
5879139684,Snowflake,cloud
5896122743,Azure,cloud
5896122743,AWS,cloud
5896122743,GCP,cloud
5761806282,Statistics,concept
4514376624,ETL,concept
4514376624,Python,language
4514376624,SQL,database
2867261813,SQL,database
5903558836,ETL,concept
5903558836,Azure,cloud
5903558836,SQL,database
5903558836,Spark,big_data
5903558836,Python,language
5727118182,Communication,soft_skill
5901919573,Communication,soft_skill
5870740255,R,language
5842826148,Communication,soft_skill
5416720070,ETL,concept
5416720070,SQL,database
5416720070,Azure,cloud
5416720070,Snowflake,cloud
5909548126,Azure,cloud
5842589912,Communication,soft_skill
5862272042,Spark,big_data
5818418543,Spark,big_data
5913213969,ETL,concept
5913213969,SQL,database
5913213969,Spark,big_data
5913213969,AWS,cloud
5850370903,Snowflake,cloud
5567614925,Power BI,bi_tool
5567614925,Tableau,bi_tool
5567614925,Looker,bi_tool
5897040453,Communication,soft_skill
1171509491,AWS,cloud
5870449014,AWS,cloud
5859117412,Excel,spreadsheet
5600694857,Excel,spreadsheet
5587468928,ETL,concept
5589719933,Python,language
5589719933,SQL,database
5589719933,SAS,language
3710148602,Azure,cloud
3710148602,SQL,database
5861795910,Excel,spreadsheet
5727272674,Python,language
5727272674,R,language
2234827727,ETL,concept
2234827727,Machine Learning,concept
5905902241,Python,language
5827923360,Azure,cloud
5502670037,Excel,spreadsheet
5912357559,Communication,soft_skill
5727177698,SQL,database
5727177698,Communication,soft_skill
5910235167,Snowflake,cloud
5910860496,Communication,soft_skill
5910203911,Communication,soft_skill
5908371385,Azure,cloud
5908371385,Python,language
5908371385,AWS,cloud
5892230044,Python,language
5892230044,AWS,cloud
4917336646,SQL,database
5797363762,Excel,spreadsheet
5910505966,Excel,spreadsheet
1520984783,Communication,soft_skill
5850374434,Communication,soft_skill
5892690020,AWS,cloud
2933962260,Python,language
5904372828,Python,language
5879141268,Communication,soft_skill
5861792896,AWS,cloud
5861792896,Communication,soft_skill
5861792896,GCP,cloud
2224092208,SQL,database
5893825669,Python,language
5893825669,SQL,database
5893825669,AWS,cloud
5867253444,Python,language
5908363547,Python,language
2138170114,Python,language
5878284604,AWS,cloud
5895078864,AWS,cloud
5895078867,AWS,cloud
5895078859,AWS,cloud
5870750676,Python,language
5870750676,SQL,database
5870759409,AWS,cloud
5845794189,Python,language
5845794189,SQL,database
5845794189,AWS,cloud
5895780427,Azure,cloud
5895780427,SQL,database
5895780427,GCP,cloud
5895780427,AWS,cloud
5240585044,Python,language
5908386551,Python,language
5908386551,SQL,database
5876480590,Python,language
5876480590,Communication,soft_skill
5885229641,Excel,spreadsheet
5885229641,SQL,database
5893848930,AWS,cloud
5910504775,Python,language
5910504775,SQL,database
5909254389,Python,language
5907846968,Python,language
5728404027,Python,language
5727131563,Python,language
5727131563,Pandas,library
5727131563,NumPy,library
5909546700,Python,language
5907846886,Python,language
5907846886,SQL,database
5907846886,Pandas,library
5912389088,Python,language
5912389088,SQL,database
5911187279,Python,language
5911187279,Communication,soft_skill
5912386205,Python,language
5912848950,Python,language
5913245498,Python,language
5913245498,GCP,cloud
5907461525,ETL,concept
5907461525,Python,language
5909414469,Python,language
5909826605,Python,language
5803870024,ETL,concept
5803870024,Python,language
5887229819,Python,language
2539490036,Python,language
2539490036,Statistics,concept
1161626889,Python,language
4335273703,Python,language
5850370914,Python,language
5850370914,SQL,database
5850370914,Snowflake,cloud
5850370914,AWS,cloud
5800344603,Python,language
5800344603,Machine Learning,concept
5799165215,Python,language
5799165215,Machine Learning,concept
5871274954,Python,language
5907834026,Python,language
5727285055,Python,language
5905915379,Python,language
5733816572,Python,language
3277685787,ETL,concept
3277685787,Python,language
3277685787,SQL,database
3277685787,AWS,cloud
5454707709,Python,language
3532568710,Python,language
5595180019,Python,language
5828957753,Python,language
5745370193,Azure,cloud
5745370193,SQL,database
5745370193,Communication,soft_skill
5745370193,GCP,cloud
5745370193,AWS,cloud
5745370193,Python,language
5841415664,Python,language
5880669406,Python,language
5905891377,Python,language
5727263284,Python,language
4987812577,Python,language
5905433992,Python,language
5905433992,AWS,cloud
5259134031,Python,language
5902739366,Python,language
5902739366,SQL,database
5856197634,Python,language
5856197634,AWS,cloud
5856197634,R,language
5823128146,Python,language
5861856088,Python,language
5664858132,Python,language
5902720632,Python,language
5902720727,Python,language
4149351967,Python,language
4149351967,Communication,soft_skill
4843488573,Python,language
5827200202,Python,language
5904031971,Python,language
5851860931,Communication,soft_skill
