id,title,company,city,salary_mid,seniority,role_family,posted_date
5867038166,Data Analyst,Edwagon,Bengaluru,,mid,analyst,2026-09-02
5876869978,Data Analyst,Ignisov Consulting Services,Bengaluru,,mid,analyst,2026-09-09
5897294517,Data Analyst,Futurlytic Private Limited,Bengaluru,,mid,analyst,2026-09-25
5874134576,Data Analyst,KRFS,Unspecified,,mid,analyst,2026-09-07
5867036109,Data Analyst,Pharmanovia,Mumbai,,mid,analyst,2026-09-02
5900875751,Data Analyst,D2N Solutions,Unspecified,,mid,analyst,2026-09-28
5864443196,Data Analyst,Nians,Unspecified,,mid,analyst,2026-09-01
5868794225,Data Analyst,Indofast Energy,Unspecified,,mid,analyst,2026-09-03
5876645051,Data Analyst,Cornerstone OnDemand,Pune,,mid,analyst,2026-09-09
5898129744,Data Analyst,JEWELSTAR GROUP,Mumbai,,mid,analyst,2026-09-25
5901133222,Data Analyst,SmartWinnr,Hyderabad,,mid,analyst,2026-09-28
5889222919,Data Analyst,HT Digital Streams,Unspecified,,mid,analyst,2026-09-18
5898126179,Data Analyst,Navneet Education Limited,Mumbai,,mid,analyst,2026-09-25
5867036037,Data Analyst,Daice Labs,Unspecified,,mid,analyst,2026-09-02
5898129792,Data Analyst,Tata Consultancy Services,Bengaluru,,mid,analyst,2026-09-25
5898129608,Data Analyst,Tata Consultancy Services,Unspecified,,mid,analyst,2026-09-25
5871991896,Data Analyst,Persistent Systems,Hyderabad,,mid,analyst,2026-09-05
5892770992,Data Analyst,Drave Digitals Recruitment Services,Unspecified,,mid,analyst,2026-09-21
5883562726,Data Analyst,HTC Global Services,Hyderabad,,mid,analyst,2026-09-14
5898126198,Data Analyst,QWR,Unspecified,,mid,analyst,2026-09-25
5900616406,Data Analyst,MNC,Unspecified,,mid,analyst,2026-09-27
5901137594,Data Analyst,Quantum Leap Learning Solutions Pvt Ltd,Bengaluru,,mid,analyst,2026-09-28
5889675450,Data Analyst,Credit Saison India,Bengaluru,,mid,analyst,2026-09-18
5880953033,Data Analyst,Persistent Systems,Unspecified,,mid,analyst,2026-09-12
5868791758,Data Analyst,EaseMyTrip.com,Unspecified,,mid,analyst,2026-09-03
5889219254,Data Analyst,Celestica,Unspecified,,mid,analyst,2026-09-18
5895030147,Data Analyst,Droisys,Unspecified,,mid,analyst,2026-09-23
5876870721,Data Analyst,Navi,Unspecified,,mid,analyst,2026-09-09
5898128499,Data Analyst,CirrusLabs,Bengaluru,,mid,analyst,2026-09-25
5870527563,Data Analyst,Innodata Inc.,Unspecified,,mid,analyst,2026-09-04
5864437013,Data Analyst,Midtown Software,Chandigarh,,mid,analyst,2026-09-01
5893930269,Data Analyst,Mobily Infotech,Unspecified,,mid,analyst,2026-09-22
5898128593,Data Analyst,Home Credit India,Unspecified,,mid,analyst,2026-09-25
5884588405,Data Analyst,Innodata Inc.,Delhi NCR,,mid,analyst,2026-09-15
5879668539,Data Analyst,Lonza,Hyderabad,,mid,analyst,2026-09-11
5886093793,Data Analyst,airtel,Unspecified,,mid,analyst,2026-09-16
5900616046,Data Analyst,Appinventiv,Unspecified,,mid,analyst,2026-09-27
5867036118,Data Analyst,Mobily Infotech,Unspecified,,mid,analyst,2026-09-02
5889220796,Data analyst,Live Connections,Chennai,,mid,analyst,2026-09-18
5868789197,Data Analyst Trainer,Techchampp technologies,Other,,mid,analyst,2026-09-03
5870528406,Sr. Data Analyst,Prudent Insurance Brokers Pvt Ltd.,Unspecified,,senior,analyst,2026-09-04
5876013496,Senior Data Analyst,"Aspire, Jordan",Unspecified,,senior,analyst,2026-09-09
5891694581,Snowflake Data Analyst,Tata Consultancy Services,Bengaluru,,mid,analyst,2026-09-20
5889221057,Data Analyst III,Ruder Finn India,Unspecified,,mid,analyst,2026-09-18
5837139892,Senior Data Analyst,Capco,Unspecified,,senior,analyst,2026-08-12
5867037378,Lead Data Analyst,Nexus Corporation,Unspecified,,senior,analyst,2026-09-02
5882861190,Senior Data Analyst,Kamakhya Analytics Private Limited,Bengaluru,,senior,analyst,2026-09-14
5891691887,Lead Data Analyst,Omnicom Media,Bengaluru,,senior,analyst,2026-09-20
5898533446,Senior Data Analyst,System Soft Technologies,Unspecified,,senior,analyst,2026-09-25
5871992907,GCP Data Analyst,Persistent Systems,Hyderabad,,mid,analyst,2026-09-05
5886097875,Data Analyst (Remote),Quik Hire Staffing,Unspecified,,mid,analyst,2026-09-16
5895239003,Data Analyst Trainer,Anudip Foundation,Bhopal,,mid,analyst,2026-09-23
5869558747,Senior Data Analyst,Appnext,Unspecified,,senior,analyst,2026-09-04
5879663063,Litigation Data Analyst,KLDiscovery,Unspecified,,mid,analyst,2026-09-11
5899509974,Data Analyst - SCM,Prophecy Technologies,Kolkata,,mid,analyst,2026-09-26
5901137628,Senior Data Analyst,The Chopras,Delhi NCR,,senior,analyst,2026-09-28
5880070282,Senior Data Analyst,Tanla Platforms Limited,Hyderabad,,senior,analyst,2026-09-12
5900875637,Senior Data Analyst,Battery Smart,Unspecified,,senior,analyst,2026-09-28
5882592928,Data Analyst (Remote),Hire Feed,Unspecified,,mid,analyst,2026-09-13
5897296035,Sales Data Analyst,VARITE INC,Bengaluru,,mid,analyst,2026-09-25
5889220778,Lead Data Analyst,Aceolution,Hyderabad,,senior,analyst,2026-09-18
5855006986,Data Analyst / Engineer,Kyndryl,Bengaluru,,mid,analyst,2026-08-25
5873277903,Senior Data Analyst,Keka HR,Hyderabad,,senior,analyst,2026-09-07
5894223883,Market Data Analyst,Talent Corner HR Services Pvt Ltd,Bengaluru,,mid,analyst,2026-09-22
5900616370,Master Data Analyst,Selections HR Services Private Limited,Unspecified,,mid,analyst,2026-09-27
5886604204,Junior Data Analyst,indē wild,Mumbai,,junior,analyst,2026-09-17
5879664973,Business Data Analyst,VOLTO Consulting,Bengaluru,,mid,analyst,2026-09-11
5900616306,Marketing Data Analyst,FREED,Unspecified,,mid,analyst,2026-09-27
5857251181,Data Analyst - Data Remediation - Mumbai,Capco,Mumbai,,mid,analyst,2026-08-27
5885147204,Data Analyst - Data Analyst L3 (5.1-7 years),Capco,Mumbai,,mid,analyst,2026-09-16
5900616313,Data Analyst (Python/SQL),Tata Consultancy Services,Delhi NCR,,mid,analyst,2026-09-27
5899510152,Lead Data Analyst- GTM,Aptita,Hyderabad,,senior,analyst,2026-09-26
5857251154,Liquidity Reporting- data analyst,Capco,Unspecified,,mid,analyst,2026-08-27
5864435864,Senior Researcher & Data Analyst,Brainware University,Other,,senior,analyst,2026-09-01
5879657384,Sr. Data Analyst – SDM,Aceolution,Hyderabad,,senior,analyst,2026-09-11
5882593417,Turkish Data Analyst (Remote),Hire Feed,Unspecified,,mid,analyst,2026-09-13
5891977122,Online Data Analyst - Kannada (IN),TELUS Digital Philippines,Unspecified,,mid,analyst,2026-09-20
5889221034,Data Analyst - Customer Experience,Indofast Energy,Bengaluru,,mid,analyst,2026-09-18
5869559140,Data Analyst - Team Lead,Aceolution,Hyderabad,,senior,analyst,2026-09-04
5871991986,Data Analyst – Power Platform,Innover Digital,Bengaluru,,mid,analyst,2026-09-05
5870693437,Senior Financial Data Analyst,Moody's,Bengaluru,,senior,analyst,2026-09-04
5891980499,Online Data Analyst - Odia (IN),TELUS Digital Philippines,Unspecified,,mid,analyst,2026-09-20
5899510891,Data Analyst and Coordination Executive,The MEP Club,Unspecified,,mid,analyst,2026-09-26
5891981478,Online Data Analyst - Urdu (IN),TELUS Digital AI Data Solutions,Unspecified,,mid,analyst,2026-09-20
5891981514,Online Data Analyst - Punjabi (IN),TELUS Digital Philippines,Unspecified,,mid,analyst,2026-09-20
5879667961,CDP-Tech Data Analyst,Americana Restaurants,Unspecified,,mid,analyst,2026-09-11
5897296073,[GOGFZ0QV] ETL Data Analyst/Tester,ZettaMine Labs Pvt. Ltd.,Bengaluru,,mid,data_engineering,2026-09-25
5895239259,Data Analyst/Engineer – SCG India,SCG,Delhi NCR,,mid,analyst,2026-09-23
5894225252,Senior Data Analyst - SQL & Azure,Persistent Systems,Mumbai,,senior,analyst,2026-09-22
5871992153,Data Analyst – SQL/Power BI,Innover Digital,Bengaluru,,mid,analyst,2026-09-05
5870859588,Online Data Analyst - Odia Language,TELUS Digital AI Data Solutions,Unspecified,,mid,analyst,2026-09-04
5870859811,Online Data Analyst - Odia Language,TELUS Digital AI Data Solutions,Bengaluru,,mid,analyst,2026-09-04
5901133932,"Data Analyst, Digital Thread - India",PolyWorks India,Unspecified,,mid,analyst,2026-09-28
5876871774,Sr Lead Data Analyst- APP,Airtel Digital,Unspecified,,senior,analyst,2026-09-09
5881763217,Senior Data Analyst – Remote India,Vamstar,Unspecified,,senior,analyst,2026-09-13
5895031458,Data Analyst – AV Support Data Infrastructure & Analytics,"Pegasus Knowledge Solutions, Inc.",Unspecified,,mid,analyst,2026-09-23
5898131307,Data Analyst - Banking -SAS/Python/SQL,EXL,Ahmedabad,,mid,analyst,2026-09-25
5864437348,"Senior Marketing Data Analyst (Python, SQL)",Blend,Hyderabad,,senior,analyst,2026-09-01
5897295023,Sales Operation Analyst (Data Analyst Sales),VARITE INC,Bengaluru,,mid,analyst,2026-09-25
5897294464,Sales Data Analyst (Revenue Operations) | Bangalore,VARITE INC,Bengaluru,,mid,analyst,2026-09-25
5894979888,"Senior Data Analyst, 12 months contract, Mumbai",Fitch Group,Mumbai,,senior,analyst,2026-09-23
5889682564,Senior Data Modeler & Data Analyst-Data Platform-8 Years-Remote,Tekgence Inc,Unspecified,,senior,analyst,2026-09-18
5900875501,Data Research Analyst,Ruder Finn India,Unspecified,,mid,analyst,2026-09-28
5864442886,Data Quality Analyst,Sambodhi Research and Communications Pvt. Ltd.,Unspecified,,mid,analyst,2026-09-01
5867270200,Data Security Analyst,Thakral One,Unspecified,,mid,analyst,2026-09-02
5864443271,Data & Insights Analyst,Ecomm-Inroads,Unspecified,,mid,analyst,2026-09-01
5867115068,Data Management Analyst,Moody's,Bengaluru,,mid,analyst,2026-09-02
5843766762,IS Data Security - Analyst,ABB,Bengaluru,,mid,analyst,2026-08-16
5870527967,Senior Data Analyst (Advanced Excel with PowerBI) - Gurgaon Location,Sonata Software,Unspecified,,senior,analyst,2026-09-04
5891981575,Data Governance Analysts - Collibra & Data Marketplace,Lorven Technologies Inc.,Hyderabad,,mid,analyst,2026-09-20
5883563676,Data Analyst (Fully Remote) – Top US MNC (Enterprise Software),SkillsCapital,Unspecified,,mid,analyst,2026-09-14
5882861236,Data Privacy Analyst (Remote),Quik Hire Staffing,Unspecified,,mid,analyst,2026-09-14
5891980504,Collibra Data Governance Analysts,Lorven Technologies Inc.,Hyderabad,,mid,analyst,2026-09-20
5898533943,Data Insight Analyst [T500-29603],Albertsons Companies India,Bengaluru,,mid,analyst,2026-09-25
5890607834,Analyst - Data & Insights,GobbleCube,Unspecified,,mid,analyst,2026-09-19
5887061035,ANALYST DATA & INSIGHTS,TE Connectivity,Bengaluru,,mid,analyst,2026-09-17
5864442505,Senior Data Engineer (Analyst/Scientist) - Remote,Kake,Bengaluru,,senior,data_engineering,2026-09-01
5864431152,Senior Data Engineer (Analyst/Scientist) - Remote,Kake,Hyderabad,,senior,data_engineering,2026-09-01
5880062263,Senior Data Engineer (Analyst/Scientist) - Remote,Kake,Unspecified,,senior,data_engineering,2026-09-12
5898127774,Senior Data Engineer/Analyst (India- Remote),CloudLabs Inc,Unspecified,,senior,data_engineering,2026-09-25
5879665110,GTM Data & AI Analyst - Night Shift,Orcaworks,Hyderabad,,mid,data_science,2026-09-11
5893930284,Sr Analyst – Data & Governance,BeamForward,Bengaluru,,senior,analyst,2026-09-22
5887061014,ANALYST DATA & INSIGHTS II,TE Connectivity,Bengaluru,,mid,analyst,2026-09-17
5893510124,ANALYST DATA & INSIGHTS III,TE Connectivity,Bengaluru,,mid,analyst,2026-09-22
5843766857,IS Data Security - Senior Analyst,ABB,Bengaluru,,senior,analyst,2026-08-16
5891694635,Quality Analyst (Data Auditor),Rifa AI,Unspecified,,mid,analyst,2026-09-20
5891691076,Anti-Money Laundering Analyst,HTC Global Services,Bengaluru,,mid,analyst,2026-09-20
5891690070,Anti-Money Laundering Analyst,HTC Global Services,Hyderabad,,mid,analyst,2026-09-20
5891690335,Anti-Money Laundering Analyst,HTC Global Services,Chennai,,mid,analyst,2026-09-20
5880070268,Data Analytics - TL,Aceolution,Hyderabad,,mid,analyst,2026-09-12
5896612639,Business Intelligence Engineer,NAF Technology India,Chennai,,mid,bi,2026-09-24
5870857067,Analytics Manager,Kamakhya Analytics Private Limited,Bengaluru,,senior,analyst,2026-09-04
5886986209,Geographic Information System Developer,ClimaCrew,Mumbai,,mid,other,2026-09-17
5900876540,Data Engineer,iConsultera,Unspecified,,mid,data_engineering,2026-09-28
5871993046,Lead Data Engineer,TEKsystems Global Services in India,Hyderabad,,senior,data_engineering,2026-09-05
5898262333,Senior RWE Research Analyst,Novartis,Unspecified,,senior,analyst,2026-09-25
5867263507,Data Engineer,Tata Consultancy Services,Unspecified,,mid,data_engineering,2026-09-02
5898533140,ADG Senior Analyst- Data skills with Banking background,Essex Lake Group LLC,Unspecified,,senior,analyst,2026-09-25
5867036131,Azure data engineer - F2F discussion - Chennai,Tata Consultancy Services,Chennai,,mid,data_engineering,2026-09-02
5889222280,Frontend Developer,Insight Global,Bengaluru,,mid,other,2026-09-18
5897296089,Data Engineer,ConveGenius.AI,Other,,mid,data_engineering,2026-09-25
5889211709,ETL Specialist,Tata Consultancy Services,Unspecified,,mid,data_engineering,2026-09-18
5893930268,ETL Specialist,Tata Consultancy Services,Unspecified,,mid,data_engineering,2026-09-22
5893922605,ETL Specialist,Tata Consultancy Services,Unspecified,,mid,data_engineering,2026-09-22
5895030957,Microsoft Fabric Engineer,Cambay Solutions,Unspecified,,mid,other,2026-09-23
5890612426,Data Engineer,Persistent Systems,Unspecified,,mid,data_engineering,2026-09-19
5901137667,Senior Data Engineer (immediate joiner),Luxoft,Unspecified,,senior,data_engineering,2026-09-28
5895239142,Senior Data Engineer [T500-29515],FM,Bengaluru,,senior,data_engineering,2026-09-23
5870527464,Data Engineer,Recro,Unspecified,,mid,data_engineering,2026-09-04
5898129551,Data Engineer,mCaffeine,Mumbai,,mid,data_engineering,2026-09-25
5846723639,Senior People Analyst,Wise,Hyderabad,,senior,analyst,2026-08-18
5901134284,Data Analytics Engineer,Dinoxo,Bengaluru,,mid,analyst,2026-09-28
5875602757,HR Analytics- Workday,Sutherland,Unspecified,,mid,analyst,2026-09-08
5875419680,Senior Data Engineer – Databricks,"Aspire, Jordan",Unspecified,,senior,data_engineering,2026-09-08
5898126393,Python Backend Consultant (Data Engineering & Data Pipelines),BCI~IT,Delhi NCR,,mid,data_engineering,2026-09-25
5879664856,Senior Data Engineer,Latinem Private Limited,Hyderabad,,senior,data_engineering,2026-09-11
5896613632,Data Engineer,Ascendion,Hyderabad,,mid,data_engineering,2026-09-24
5899975699,Technical Project Manager,KPI Partners,Bengaluru,,senior,other,2026-09-27
5900875768,Technical Project Manager,KPI Partners,Hyderabad,,senior,other,2026-09-28
5889684901,Technical Project Manager - Data,ValueMomentum,Hyderabad,,senior,other,2026-09-18
5864424975,Azure Data Engineer,EXL,Delhi NCR,,mid,data_engineering,2026-09-01
5895599606,Senior Marketing Analyst,Selections HR Services Private Limited,Unspecified,,senior,analyst,2026-09-24
5867263603,Content Writer,Collegedunia,Unspecified,,mid,other,2026-09-02
5900875783,Senior Azure Databricks Engineer,Tata Consultancy Services,Unspecified,,senior,other,2026-09-28
5846723609,"Product Analyst – Operations Reference Data, AVP",Deutsche Bank,Bengaluru,,mid,analyst,2026-08-18
5898129871,Solution Intelligence Analyst II- Data skills with Banking background,Essex Lake Group LLC,Unspecified,,mid,analyst,2026-09-25
5864439916,LEAD DATA ENGINEER,Eucloid Data Solutions,Chennai,,senior,data_engineering,2026-09-01
5882589220,Equity Fund Manager,Taurus Mutual Fund,Unspecified,,senior,other,2026-09-13
4686704238,Data Analyst,,Thiruvananthapuram,,mid,analyst,2024-05-10
5887707022,Data Development platform engineer,eBay,Bengaluru,,mid,other,2026-09-17
5893057271,Data Analyst,Acme Services Private Limited,Mumbai,1500000.0,mid,analyst,2026-09-21
5893746546,Data Analyst,Renesas Electronics,Bengaluru,,mid,analyst,2026-09-22
5819873638,Data Analyst/ Senior Data Analyst,Dynata,Delhi NCR,,senior,analyst,2026-07-29
5880523767,Staff Backend Engineer,Wise,Hyderabad,,mid,other,2026-09-12
5901136961,GCP Data Engineer,EliteRecruitments,Unspecified,,mid,data_engineering,2026-09-28
5886092306,Machine Learning Lead,Zemoso Technologies,Bengaluru,,senior,data_science,2026-09-16
5898533963,"Data Science || 2.5 Years || Bangalore, Hyderabad, Gurugram, Mumbai, Kolkata, Chennai",A Client of Neerinfo Solutions,Bengaluru,,mid,data_science,2026-09-25
5735463452,Data Analyst,Digital Twin,Pune,,mid,analyst,2026-05-21
1993882092,Data Analyst,SveltetechTechnologies Pvt Ltd,Delhi NCR,300000.0,mid,analyst,2021-02-15
5868120206,Data Analyst,Reliance Games,Pune,,mid,analyst,2026-09-03
5146507084,Data Analyst,Amicus Therapeutics,Bengaluru,,mid,analyst,2025-04-16
4514376622,Data Analyst,Qrata,Delhi NCR,1100000.0,mid,analyst,2024-01-07
5744868780,Data Analyst,Amicus India,Bengaluru,,mid,analyst,2026-05-30
5850375334,Data Analyst,TechnoGen,Hyderabad,,mid,analyst,2026-08-21
4514376189,Data Analyst,Qrata,Delhi NCR,1050000.0,mid,analyst,2024-01-07
5728436260,Data analyst,RECEX,Kolkata,3240000.0,mid,analyst,2026-05-14
4966721625,Data Analyst,Fatakpay,Unspecified,1150000.0,mid,analyst,2024-12-07
5741536696,Data Analyst,RECEX,Mumbai,400000.0,mid,analyst,2026-05-27
1171509680,Data Analyst,Malaysian Global Innovation and Creativity Centre,Unspecified,750000.0,mid,analyst,2019-06-05
5848337096,Data Analyst,Precision Medicine Group,Unspecified,,mid,analyst,2026-08-19
1712428599,Data Analyst,Namaste Credit,Bengaluru,750000.0,mid,analyst,2020-09-19
5503836577,Data Analyst,NAVVYASA CONSULTING PRIVATE LIMITED,Unspecified,,mid,analyst,2025-11-20
5831395731,Data Analyst,Whisk Software Private Limited,Pune,,mid,analyst,2026-08-07
5503284671,Data Analyst,Intelliatx Therapeutics,Bengaluru,,mid,analyst,2025-11-19
5877293479,Data Analyst,Cornerstone OnDemand,Pune,,mid,analyst,2026-09-09
5889560006,Data Analyst,MedTourEasy,Unspecified,600000.0,mid,analyst,2026-09-18
2500155500,Data Analyst,Reality Premedia Services Pvt Ltd,Pune,800000.0,mid,analyst,2021-09-29
5818423330,Data Analyst,Equitas Small Finance Bank,Unspecified,,mid,analyst,2026-07-28
4993547435,Data Analyst,RegisterKaro,Unspecified,700000.0,mid,analyst,2025-01-01
5881144421,Data Analyst,Equitas Small Finance Bank,Unspecified,,mid,analyst,2026-09-12
5893825602,Data Analyst,Gravity Engineering Services Pvt Ltd,Bengaluru,1400000.0,mid,analyst,2026-09-22
5854880422,Data Analyst,Apex 2000,Bengaluru,,mid,analyst,2026-08-25
5882775660,Data Analyst,Ecolab,Unspecified,,mid,analyst,2026-09-13
5532438214,Data Analyst,Sagility,Unspecified,,mid,analyst,2025-12-07
2247134476,Data Analyst,Indium Software,Unspecified,525000.0,mid,analyst,2021-06-12
5876718085,Data Analyst,Cornerstone onDemand,Pune,,mid,analyst,2026-09-09
5876718084,Data Analyst,Cornerstone onDemand,Hyderabad,,mid,analyst,2026-09-09
5336689191,Data Analyst,EWU,Coimbatore,550000.0,mid,analyst,2025-08-04
4855397054,data analyst,Epik Solutions,Unspecified,375000.0,mid,analyst,2024-09-07
2853927974,Data Analyst,Multi Recruit,Bengaluru,1300000.0,mid,analyst,2022-01-30
5727143467,Data Analyst,Mantras2Success,Ahmedabad,700000.0,mid,analyst,2026-05-13
5832798180,Data Analyst,Milestone Online Technology,Ahmedabad,,mid,analyst,2026-08-08
5832798159,Data Analyst,Milestone Online Technology,Bengaluru,,mid,analyst,2026-08-08
5832798167,Data Analyst,Milestone Online Technology,Delhi NCR,,mid,analyst,2026-08-08
5832798187,Data Analyst,Milestone Online Technology,Lucknow,,mid,analyst,2026-08-08
5832798181,Data Analyst,Milestone Online Technology,Other,,mid,analyst,2026-08-08
5832798158,Data Analyst,Milestone Online Technology,Kolkata,,mid,analyst,2026-08-08
2433361449,Data Analyst,MSMEx,Mumbai,1200000.0,mid,analyst,2021-09-05
5856408833,Data Analyst,Umberto Ceramics International Private Limited,Unspecified,550000.0,mid,analyst,2026-08-26
2449398766,Data Analyst,Syrencloud,Hyderabad,800000.0,mid,analyst,2021-09-11
5728445327,Data Analyst,RECEX,Delhi NCR,440000.0,mid,analyst,2026-05-14
2890608757,Data Analyst,Fragma Data Systems,Unspecified,700000.0,mid,analyst,2022-02-12
4686704927,Data Analyst,,Vadodara,,mid,analyst,2024-05-10
5877842241,Data Analyst,3i Infotech Limited,Mumbai,,mid,analyst,2026-09-10
4715697356,Data analyst,Sadup Softech,Bengaluru,1350000.0,mid,analyst,2024-06-01
5800765376,Data Analyst,Jetking Technologies Private Limited,Delhi NCR,,mid,analyst,2026-07-15
2403881225,Data Analyst,Multi Recruit,Bengaluru,1000000.0,mid,analyst,2021-08-24
5681009000,Data Analyst,Wissen Technology,Bengaluru,,mid,analyst,2026-03-28
5857746715,Data Analyst,Square Yards,Delhi NCR,,mid,analyst,2026-08-27
2539490267,Data Analyst,Graphene Services Pte Ltd,Bengaluru,,mid,analyst,2021-10-13
5861793858,Data Analyst,Aon,Bengaluru,,mid,analyst,2026-08-30
5814494533,Data Analyst,EXL,Pune,,mid,analyst,2026-07-25
5602825903,Data Analyst,Hunarstreet Technologies Pvt Ltd,Vadodara,700000.0,mid,analyst,2026-01-28
5549594782,Data Analyst,Highfly Sourcing,Unspecified,2000000.0,mid,analyst,2025-12-20
5878672346,Data Analyst,FAI,Unspecified,,mid,analyst,2026-09-10
5706462425,Data Analyst,Cytiva Life Science,Bengaluru,,mid,analyst,2026-04-22
4344578568,Data Analyst,Jobdost,Bengaluru,500000.0,mid,analyst,2023-10-02
5852342307,Data Analyst,Straatix Partners,Bengaluru,3000000.0,mid,analyst,2026-08-22
5854877435,Data Analyst,Purview India Consulting And Services Llp,Pune,,mid,analyst,2026-08-25
5592093935,Data Analyst,Hunarstreet Technologies Pvt Ltd,Unspecified,380000.0,mid,analyst,2026-01-20
5768623778,Data Analyst,Ecolab,Unspecified,,mid,analyst,2026-06-19
5899555543,Data Analyst,Uniabroad,Unspecified,1500000.0,mid,analyst,2026-09-26
5859124126,Data Analyst,Claight Corporation Expert Market Research,Delhi NCR,,mid,analyst,2026-08-28
3337906172,Data Analyst,Mr n Mrs Pet,Jaipur,200000.0,mid,analyst,2022-07-22
5900348948,Data Analyst,Expleo,Pune,,mid,analyst,2026-09-27
5762286343,Data Analyst,Wissen Technology,Bengaluru,,mid,analyst,2026-06-13
1762829126,Data Analyst,Awign,Bengaluru,550000.0,mid,analyst,2020-10-15
5889572874,Data Analyst,Joinfleek,Bengaluru,600000.0,mid,analyst,2026-09-18
5842590109,Data Analyst,Agiliad Technologies,Delhi NCR,,mid,analyst,2026-08-15
4992020344,Data Analyst,Appitsimple infotek Pvt. Ltd.,Unspecified,200000.0,mid,analyst,2024-12-30
4514376058,Data Analyst,Qrata,Mumbai,750000.0,mid,analyst,2024-01-07
2572832371,Data Analyst,BitClass,Bengaluru,1600000.0,mid,analyst,2021-10-24
5831397285,Data Analyst,ICE,Hyderabad,,mid,analyst,2026-08-07
2635526340,Data Analyst,Amazon,Bengaluru,800000.0,mid,analyst,2021-11-12
5789394746,Data Analyst,ZEISS,Bengaluru,,mid,analyst,2026-07-06
5838433598,Data Analyst,DXC Technology,Unspecified,,mid,analyst,2026-08-12
5574398026,Data Analyst,Topcoder,Delhi NCR,,mid,analyst,2026-01-09
5211779279,Data Analyst,Wissen Technology,Mumbai,,mid,analyst,2025-05-23
2853928118,Data Analyst,Extramarks,Delhi NCR,1000000.0,mid,analyst,2022-01-30
5600377478,Data Analyst,Arcana Analytics,Unspecified,,mid,analyst,2026-01-26
5727163751,Data Analyst,MM Staffing & Career Consultants,Mumbai,350000.0,mid,analyst,2026-05-13
5896367794,Data Analyst,Renesas,Bengaluru,,mid,analyst,2026-09-24
5850376089,Data Analyst,Egon Zehnder,Delhi NCR,,mid,analyst,2026-08-21
5879561813,Data Analyst,Nineleaps,Bengaluru,,mid,analyst,2026-09-11
5891242055,Data Analyst,ascendion,Delhi NCR,,mid,analyst,2026-09-20
5379021882,Data Analyst,ICAD school of Learning,Nagpur,650000.0,mid,analyst,2025-09-02
5522126592,Data Analyst,Technogen,Bengaluru,,mid,analyst,2025-12-01
4988851694,Data Analyst,Clinton Health Access Initiative,Bhopal,350000.0,mid,analyst,2024-12-25
5728267279,Data Analyst,Mantras2Success,Ahmedabad,600000.0,mid,analyst,2026-05-14
4158049546,Data Analyst,DAZN,Hyderabad,,mid,analyst,2023-06-18
5859122688,Data Analyst,Robosoft Technologies,Bengaluru,,mid,analyst,2026-08-28
5859122647,Data Analyst,Robosoft Technologies,Mumbai,,mid,analyst,2026-08-28
4801558701,Data Analyst,Immunogen Pharmaceutical,Bengaluru,,mid,analyst,2024-07-31
5889085236,Data Analyst,PMC Commerce,Vadodara,,mid,analyst,2026-09-18
5832090086,Data Analyst,Fortive,Unspecified,,mid,analyst,2026-08-07
5891404249,Data Analyst,GE Vernova,Bengaluru,,mid,analyst,2026-09-20
5896646644,Data Analyst,DRW,Unspecified,,mid,analyst,2026-09-24
5835723885,Data Analyst,Portcast,Unspecified,,mid,analyst,2026-08-10
2830210357,Data Analyst,Amagi Media Labs,Bengaluru,1500000.0,mid,analyst,2022-01-21
5899328289,Data Analyst,"NTT America, Inc.",Unspecified,,mid,analyst,2026-09-26
5897176848,Data Analyst,Ericsson,Other,,mid,analyst,2026-09-24
2830210287,Data Analyst,Amagi Media Labs,Bengaluru,1200000.0,mid,analyst,2022-01-21
5895065880,Data Analyst,WPP,Chennai,,mid,analyst,2026-09-23
5898479425,Data Analyst,London Stock Exchange Group,Unspecified,,mid,analyst,2026-09-25
5590143347,Data Analyst,Hudson Data,Unspecified,1050000.0,mid,analyst,2026-01-18
5861219353,Data Analyst,Esko,Unspecified,,mid,analyst,2026-08-29
5798274842,Data Analyst,TriNet,Hyderabad,,mid,analyst,2026-07-13
5861965986,Data Analyst,Veralto,Bengaluru,,mid,analyst,2026-08-30
5831602194,Data Analyst,Fortive Corporation,Unspecified,,mid,analyst,2026-08-07
1186076365,Data Analyst,The Smart Cube,Delhi NCR,350000.0,mid,analyst,2019-06-20
5732584180,Data Analyst,Acura Solution,Unspecified,,mid,analyst,2026-05-18
5793185846,Data Analyst,Headout,Bengaluru,,mid,analyst,2026-07-09
2953661450,Data Analyst,Falcon Autotech,Delhi NCR,550000.0,mid,analyst,2022-03-08
2177266370,Data Analyst,Marktine,Bengaluru,1500000.0,mid,analyst,2021-05-11
5607196899,Data Analyst,QAgile Services,Unspecified,400000.0,mid,analyst,2026-01-31
5520630121,Data Analyst,Jobdost,Other,900000.0,mid,analyst,2025-12-01
5111436575,Data Analyst,Vector Labs Tech,Unspecified,1650000.0,mid,analyst,2025-03-26
4801598617,Data Analyst,Intercept Pharmaceuticals,Bengaluru,,mid,analyst,2024-07-31
3679469504,Data Analyst,Indium Software,Bengaluru,800000.0,mid,analyst,2022-11-11
4988851226,Data Analyst,Millions Advisory,Pune,1100000.0,mid,analyst,2024-12-25
4344577959,Data Analyst,Jobdost,Delhi NCR,350000.0,mid,analyst,2023-10-02
4547502405,Data analyst,Cadila Zydus healthcare pvt ltd,Unspecified,850000.0,mid,analyst,2024-01-28
2398472037,Data Analyst,Azent Overseas,Mumbai,700000.0,mid,analyst,2021-08-21
2346068207,Data Analyst,Impact Guru,Mumbai,600000.0,mid,analyst,2021-07-28
2776008869,Data Analyst,Ayoconnect Technology,Unspecified,700000.0,mid,analyst,2021-12-30
3025811339,Data Analyst,Srijan Technologies,Unspecified,1200000.0,mid,analyst,2022-04-05
2631733820,Data Analyst,MedCords,Other,250000.0,mid,analyst,2021-11-11
1171507526,Data Analyst,Ingrainhub,Bengaluru,750000.0,mid,analyst,2019-06-05
1155089882,Data Analyst,TechNex Technologies Private Limited,Pune,,mid,analyst,2019-05-17
1353179357,Data Analyst,PayU,Delhi NCR,1100000.0,mid,analyst,2019-11-27
1186010488,Data Analyst,Dotball Interactive Private Limited,Bengaluru,450000.0,mid,analyst,2019-06-20
4665943640,Data Analyst,Grubbrr systems Pvt Ltd,Ahmedabad,600000.0,mid,analyst,2024-04-26
2577819167,Data Analyst,zyoin,Bengaluru,1300000.0,mid,analyst,2021-10-26
2653476396,Data Analyst,CIEL HR Services,Bengaluru,1500000.0,mid,analyst,2021-11-18
3801594068,Data Analyst,Talent500 by ANSR,Bengaluru,2000000.0,mid,analyst,2022-12-26
3189580389,Data Analyst,Beauto Systems Private Limited,Unspecified,300000.0,mid,analyst,2022-06-02
1422966819,Data Analyst,Yulu Bikes,Bengaluru,950000.0,mid,analyst,2020-01-25
2821621318,Data Analyst,Humanitus Learning Science and Consultancy Pvt Limited,Unspecified,600000.0,mid,analyst,2022-01-18
1171509599,Data Analyst,Rocket Kommerce,Bengaluru,650000.0,mid,analyst,2019-06-05
5604419908,Data Analyst,Talent Pro,Mumbai,1000000.0,mid,analyst,2026-01-29
4874338703,Data Analyst,Pluginlive,Mumbai,1500000.0,mid,analyst,2024-09-24
4411060128,Data Analyst,Stanza Living,Unspecified,750000.0,mid,analyst,2023-11-03
5211779275,Data Analyst,Wissen Technology,Mumbai,,mid,analyst,2025-05-23
5531896486,Data Analyst,Peak Hire Solutions,Bengaluru,950000.0,mid,analyst,2025-12-07
5314053973,Data Analyst,Fisdom,Bengaluru,100000.0,mid,analyst,2025-07-21
5294954886,Data Analyst,Multi Recruit,Bengaluru,750000.0,mid,analyst,2025-07-10
5715478790,Data Analyst,Tap Invest,Bengaluru,400000.0,mid,analyst,2026-05-01
4282822424,Data Analyst,Recro,Bengaluru,,mid,analyst,2023-08-29
5819884300,Data Analyst,Lloyds Bank,Unspecified,,mid,analyst,2026-07-29
5831403235,Data Analyst,ORBIT & SKYLINE,Chandigarh,,mid,analyst,2026-08-07
5831401994,Data Analyst,Orbit Skyline,Chandigarh,,mid,analyst,2026-08-07
5822435697,Data Analyst,EXL,Unspecified,,mid,analyst,2026-07-31
5849135077,Data Analyst,Mindteck  Limited,Bengaluru,,mid,analyst,2026-08-20
5849135074,Data Analyst,Mindteck  Limited,Bengaluru,,mid,analyst,2026-08-20
5850376549,Data Analyst,TVS Credit Services,Lucknow,,mid,analyst,2026-08-21
5782538634,Data Analyst,Hitachi,Unspecified,,mid,analyst,2026-07-01
5839221139,Data Analyst,Tanla Platforms,Mumbai,,mid,analyst,2026-08-13
5860541729,Data Analyst,Pinkerton,Delhi NCR,,mid,analyst,2026-08-29
5864353425,Data Analyst,Shalom World,Unspecified,,mid,analyst,2026-09-01
5879144086,Data Analyst,Vehant Technologies,Delhi NCR,,mid,analyst,2026-09-11
5876480361,Data Analyst,C1,Hyderabad,,mid,analyst,2026-09-09
5876478910,Data Analyst,Caterpillar Inc,Other,,mid,analyst,2026-09-09
5876480303,Data Analyst,Red Hat,Pune,,mid,analyst,2026-09-09
5879552231,Data Analyst,Weekday AI,Bengaluru,,mid,analyst,2026-09-11
5778444152,Data Analyst,Tribute Technology,Hyderabad,,mid,analyst,2026-06-27
5887525507,Data Analyst,Wipro,Hyderabad,,mid,analyst,2026-09-17
5895065465,Data Analyst,METRO/MAKRO,Pune,,mid,analyst,2026-09-23
5894639200,Data Analyst,Artech Infosystems Private Limited,Bengaluru,,mid,analyst,2026-09-23
5787185965,Data Analyst,EXL,Unspecified,,mid,analyst,2026-07-04
5727264729,Data Analyst,Acura Solution,Mumbai,,mid,analyst,2026-05-13
5889532312,Data Analyst,Ce,Bengaluru,,mid,analyst,2026-09-18
5727195252,Data Analyst,Mancraft Consulting,Delhi NCR,725000.0,mid,analyst,2026-05-13
4686707833,Data Analyst,,Mumbai,,mid,analyst,2024-05-10
4686706181,Data Analyst,,Mumbai,,mid,analyst,2024-05-10
4686707835,Data Analyst,,Mumbai,,mid,analyst,2024-05-10
4686705015,Data Analyst,,Chennai,,mid,analyst,2024-05-10
4686704999,Data Analyst,,Hyderabad,,mid,analyst,2024-05-10
4686706169,Data Analyst,,Delhi NCR,,mid,analyst,2024-05-10
5894077788,Data Analyst,Acura Solution,Delhi NCR,,mid,analyst,2026-09-22
4686706356,Data Analyst,,Bengaluru,,mid,analyst,2024-05-10
4686707449,Data Analyst,,Mumbai,,mid,analyst,2024-05-10
5728422548,Data Analyst,MM Staffing & Career Consultants,Mumbai,,mid,analyst,2026-05-14
5879936345,Data Analyst,Financial Services,Unspecified,450000.0,mid,analyst,2026-09-11
5890717796,GCP Data Engineer,Capco,Pune,,mid,data_engineering,2026-09-19
5897296393,Business Auditor,Mizuho,Chennai,,mid,other,2026-09-25
5870527502,Senior Data Engineer (GCP),Publicis Production,Bengaluru,,senior,data_engineering,2026-09-04
5889222181,Business Development Manager,Collegedunia,Mumbai,,senior,other,2026-09-18
5636068235,Data Analyst / Data Scientist,Weekday AI,Unspecified,,mid,data_science,2026-02-19
5859054156,Data Analyst / Data Engineer,Pavago,Unspecified,,mid,data_engineering,2026-08-28
5867727348,"Business Management Analyst, AS",Deutsche Bank,Mumbai,,mid,analyst,2026-09-03
5857251178,Liquidity reporting Compliance,Capco,Unspecified,,mid,analyst,2026-08-27
5876870209,Azure Engineer,ALIANDO,Unspecified,,mid,other,2026-09-09
5884641256,Analytics Engineer,Publicis Production,Bengaluru,,mid,analyst,2026-09-15
5900875291,"Associate, Reporting & Portfolio Analytics (Emerging Markets)",BuzzClan,Hyderabad,,junior,analyst,2026-09-28
5890607540,Business Development Manager,Collegedunia,Unspecified,,senior,other,2026-09-19
5889223581,Senior Business Development Manager,Collegedunia,Mumbai,,senior,other,2026-09-18
5898126519,Azure Data Engineer,Tata Consultancy Services,Chennai,,mid,data_engineering,2026-09-25
5876869964,GCP Data Engineer,Tata Consultancy Services,Chennai,,mid,data_engineering,2026-09-09
5880064440,Pyspark Role,Tata Consultancy Services,Hyderabad,,mid,other,2026-09-12
5892808458,SENIOR DATA ANALYST,Vrinda International,Chennai,1500000.0,senior,analyst,2026-09-21
5889347971,Junior Data Analyst,Rezo.ai,Delhi NCR,,junior,analyst,2026-09-18
5863654715,Intern - Data Analyst,CanKids KidsCan,Delhi NCR,,junior,analyst,2026-09-01
4739597153,HR Data Analyst,"Opalforce, Inc.",Bengaluru,,mid,analyst,2024-06-16
5727816928,Statistician/Data Analyst,Two95 International Inc.,Unspecified,,mid,analyst,2026-05-13
5880064467,Strategy Analyst,SPIRO,Unspecified,,mid,analyst,2026-09-12
5886096552,Azure Data Engineer,Recro,Unspecified,,mid,data_engineering,2026-09-16
5879658434,Azure Data Engineer,KPI Partners,Bengaluru,,mid,data_engineering,2026-09-11
5850375378,Data Analyst Lead,TechnoGen,Hyderabad,,senior,analyst,2026-08-21
5761791107,Data Analyst Trainee,Lead India,Bengaluru,,junior,analyst,2026-06-13
5503837644,Data Analyst Intern,Optimspace,Pune,,junior,analyst,2025-11-20
2853928162,Sr. Data Analyst,Multi Recruit,Bengaluru,1050000.0,senior,analyst,2022-01-30
5896658058,GSS Data Analyst,SLB,Mumbai,,mid,analyst,2026-09-24
5257287584,Sr Data Analyst,Jobizo,Unspecified,850000.0,senior,analyst,2025-06-19
5877283849,Senior Data Analyst,Capco,Unspecified,,senior,analyst,2026-09-09
5882499682,Data Analyst Fintech,EXL,Bengaluru,,mid,analyst,2026-09-13
5879541884,"Data Analyst, NYC",Stripe,Unspecified,,mid,analyst,2026-09-11
5834753332,Data Analyst Intern,Portcast,Unspecified,,junior,analyst,2026-08-09
5896262149,Senior Data Analyst,PVH,Bengaluru,,senior,analyst,2026-09-24
5831401587,Senior Data Analyst,Flipkart,Bengaluru,,senior,analyst,2026-08-07
5894620896,Data Analyst Intern,Innovexis,Bengaluru,,junior,analyst,2026-09-23
5543508791,Senior Data Analyst,r3 Consultant,Pune,,senior,analyst,2025-12-16
5255506978,Senior Data Analyst,NeoGenCode Technologies Pvt Ltd,Bengaluru,1400000.0,senior,analyst,2025-06-18
5866922840,Data Analyst - Bilingual,Numerator,Vadodara,,mid,analyst,2026-09-02
5899834139,HR Data Analyst,Opalforce,Bengaluru,,mid,analyst,2026-09-26
5838750293,Junior Data Analyst,Happiest Resume,Delhi NCR,400000.0,junior,analyst,2026-08-13
5889534396,Big Data Analyst,MedTourEasy,Unspecified,600000.0,mid,data_engineering,2026-09-18
5876949352,Senior Data Analyst,Unison Group,Bengaluru,,senior,analyst,2026-09-09
4801651938,Lead Data Analyst,Ipsos,Bengaluru,,senior,analyst,2024-07-31
4830811997,Senior Data Analyst,PVH,Unspecified,,senior,analyst,2024-08-19
5832092606,Master Data Analyst,SPX FLOW,Bengaluru,,mid,analyst,2026-08-07
5861792459,Executive Data Analyst,Ascendion Digital Solutions Private Limited,Bengaluru,,mid,analyst,2026-08-30
5857750991,Mirai- Data Analyst,Hindustan Unilever Hul,Bengaluru,,mid,analyst,2026-08-27
5887225910,Senior Data Analyst,PVH Corp.,Bengaluru,,senior,analyst,2026-09-17
4386563730,Data Analyst (SQL),Merito,Mumbai,700000.0,mid,analyst,2023-10-22
5803805785,Data Analyst (MDM),Arrow,Unspecified,,mid,analyst,2026-07-17
5879148827,Data Analyst IV,Aditi Tech Consulting Private Limited,Hyderabad,,mid,analyst,2026-09-11
5759043518,Senior Data Analyst,EXL,Bengaluru,,senior,analyst,2026-06-11
5861221729,Senior Data Analyst,ShyftLabs,Delhi NCR,,senior,analyst,2026-08-29
5859122596,Senior Data Analyst,Robosoft Technologies,Mumbai,,senior,analyst,2026-08-28
5859122633,Senior Data Analyst,Robosoft Technologies,Bengaluru,,senior,analyst,2026-08-28
5804445148,Data Analyst (MDM),Arrow Electronics,Bengaluru,,mid,analyst,2026-07-17
4928060322,Sr. Data Analyst,OnActive,Unspecified,2250000.0,senior,analyst,2024-11-06
5727281348,Data Analyst - Surat,Mspire Ventures,Vadodara,2400000.0,mid,analyst,2026-05-13
5852143534,Senior Data Analyst,Mastercard,Unspecified,,senior,analyst,2026-08-22
5775399105,Senior Data Analyst,EXL,Bengaluru,,senior,analyst,2026-06-25
5856975398,Data Analyst III,F5 Networks,Unspecified,,mid,analyst,2026-08-26
5851860321,Flight Data Analyst,Ametek Instruments India,Bengaluru,,mid,analyst,2026-08-22
5856941120,Senior Data Analyst,F5 Networks,Unspecified,,senior,analyst,2026-08-26
5830641274,CX Data Analyst,Multitude,Delhi NCR,,mid,analyst,2026-08-06
5114699182,Senior Data Analyst,Vector Labs Tech,Unspecified,1350000.0,senior,analyst,2025-03-28
3529447917,HR Data Analyst,Hiringhut Solutions Pvt Ltd,Unspecified,1150000.0,mid,analyst,2022-09-28
5759082224,Senior Data Analyst,Okta,Bengaluru,,senior,analyst,2026-06-11
5859122619,Senior Data Analyst,Robosoft Technologies,Bengaluru,,senior,analyst,2026-08-28
5859120210,Senior Data Analyst,GSPANN,Pune,,senior,analyst,2026-08-28
5859120231,Senior Data Analyst,GSPANN,Hyderabad,,senior,analyst,2026-08-28
5859122606,Senior Data Analyst,Robosoft Technologies,Mumbai,,senior,analyst,2026-08-28
5859120187,Senior Data Analyst,GSPANN,Delhi NCR,,senior,analyst,2026-08-28
5700497169,Data Analyst Fintech,EXL,Bengaluru,,mid,analyst,2026-04-16
5897057190,Master Data Analyst,Rockwell Automation,Unspecified,,mid,analyst,2026-09-24
4801449881,Data Analyst_Offshore,Photon Group,Unspecified,,mid,analyst,2024-07-31
5866927385,Sr. Data Analyst,Straatix Partners,Bengaluru,3000000.0,senior,analyst,2026-09-02
5810418509,Senior Data Analyst,Advanced Energy,Pune,,senior,analyst,2026-07-22
5734913126,Sr Data Analyst,Hunarstreet Technologies Pvt Ltd,Unspecified,550000.0,senior,analyst,2026-05-20
5891897081,Data Analyst 5B,Genpact,Unspecified,,mid,analyst,2026-09-20
5594451979,Westfield Data Analyst,EXL,Unspecified,,mid,analyst,2026-01-22
5889552061,Senior Data Analyst,Sagility,Unspecified,,senior,analyst,2026-09-18
5881163479,Manager Data Analyst,Fidelity International,Unspecified,,senior,analyst,2026-09-12
5897049816,Lead Data Analyst,Ameriprise,Unspecified,,senior,analyst,2026-09-24
5897952954,Business and Data analyst,"NTT America, Inc.",Unspecified,,mid,analyst,2026-09-25
5664713683,Data Analyst - India,InnovMetric Logiciels|Software,Unspecified,,mid,analyst,2026-03-14
5796209691,Business Data Analyst,EXL,Unspecified,,mid,analyst,2026-07-11
5854877634,Lead Data Analyst,Purview India Consulting And Services Llp,Pune,,senior,analyst,2026-08-25
5857745620,Senior Data Analyst,Thryve Digital,Chennai,,senior,analyst,2026-08-27
5867249928,Business Data Analyst,EXL,Delhi NCR,,mid,analyst,2026-09-02
5548655909,Portfolio Data Analyst,Arcana Analytics,Coimbatore,,mid,analyst,2025-12-19
5848369759,Lead Data Analyst,Cohere Health,Hyderabad,,senior,analyst,2026-08-19
5896262152,Senior Data Analyst,PVH,Bengaluru,,senior,analyst,2026-09-24
4441560027,Marketing Data Analyst,LNW TECHNOLOGY CO LTD,Unspecified,400000.0,mid,analyst,2023-11-19
5899868914,Reference Data Analyst,JPMorganChase,Bengaluru,,mid,analyst,2026-09-26
5729677452,Hiring for Data Analyst,RECEX,Pune,350000.0,mid,analyst,2026-05-15
5879885002,Principal Data Analyst,Zynga,Bengaluru,,senior,analyst,2026-09-11
5634174711,Senior Data Analyst,TekClan,Chennai,1000000.0,senior,analyst,2026-02-18
2398472113,Data Analyst - SQL,Unnati,Mumbai,850000.0,mid,analyst,2021-08-21
5859122691,Lead Data Analyst,Robosoft Technologies,Bengaluru,,senior,analyst,2026-08-28
5859122632,Lead Data Analyst,Robosoft Technologies,Mumbai,,senior,analyst,2026-08-28
5871276654,Quantitative Data Analyst,Zivanta Analytics,Kolkata,,mid,analyst,2026-09-05
5811668061,Product Data Analyst,Wroots Global Private Limited,Indore,,mid,analyst,2026-07-23
5833585588,Data Analyst - Operations,Kroll,Bengaluru,,mid,analyst,2026-08-08
5889598742,Data Analyst - Senior,FedEx,Unspecified,,senior,analyst,2026-09-18
5844317861,Senior Data Analyst,Guardant Health,Unspecified,,senior,analyst,2026-08-16
2570069948,Data Analyst- Marketing,Unnati,Delhi NCR,1500000.0,mid,analyst,2021-10-23
5710497456,Senior Data Analyst,Hevo Data,Bengaluru,,senior,analyst,2026-04-26
5873204171,CDP - Data Analyst,Tekion,Unspecified,,mid,analyst,2026-09-06
5727252233,Business and Data Analyst,Acura Solution,Other,,mid,analyst,2026-05-13
5899555688,Senior Data Analyst,QuaXigma IT solutions Private Limited,Unspecified,1600000.0,senior,analyst,2026-09-26
5879368817,Environmental Data Analyst,Tradeweb,Bengaluru,,mid,analyst,2026-09-11
5879874212,Environmental Data Analyst,Tradeweb Markets,Bengaluru,,mid,analyst,2026-09-11
1970273576,Financial Data Analyst,Nirvana Solutions,Unspecified,300000.0,mid,analyst,2021-02-04
5797363610,Reliability Data Analyst,Pinnacle Reliability India,Unspecified,,mid,analyst,2026-07-12
5876947893,Data Analyst Acquisition,Tangem,Unspecified,,mid,analyst,2026-09-09
5881141340,Senior Data Analyst,Fortive,Unspecified,,senior,analyst,2026-09-12
5898498809,Senior Data Analyst,JLL,Unspecified,,senior,analyst,2026-09-25
5818418582,Senior Data Analyst,Netomi,Unspecified,,senior,analyst,2026-07-28
5896646568,"Data Analyst, Exploration",DRW,Unspecified,,mid,analyst,2026-09-24
2853928283,Sr. Data Analyst,Multi Recruit,Bengaluru,2750000.0,senior,analyst,2022-01-30
5599249932,Data Analyst I,Parker Group,Unspecified,,mid,analyst,2026-01-25
5848436882,RegTech Data Analyst,Tradeweb Markets,Bengaluru,,mid,analyst,2026-08-19
5847854180,RegTech Data Analyst,Tradeweb,Bengaluru,,mid,analyst,2026-08-19
5887951604,Litigation Data Analyst,KLDiscovery,Unspecified,,mid,analyst,2026-09-17
5725371745,ERP Data Analyst,Greif,Unspecified,,mid,analyst,2026-05-11
5862988912,Principal Data Analyst,Ethos Life,Bengaluru,,senior,analyst,2026-08-31
5895396642,Senior Data Analyst,Thoughtworks,Bengaluru,,senior,analyst,2026-09-23
5900357011,Senior Data Analyst,UnitedHealth Group,Hyderabad,,senior,analyst,2026-09-27
5852565248,Staff Data Analyst,Coupang,Bengaluru,,mid,analyst,2026-08-22
5885765169,Business Analyst,Kyndryl,Bengaluru,,mid,analyst,2026-09-16
5837139386,Business Analyst,Capco,Unspecified,,mid,analyst,2026-08-12
5892333321,SAP Business Analyst,RED Global,Unspecified,,mid,analyst,2026-09-21
5893961315,Business Analyst – Payments,Capco,Pune,,mid,analyst,2026-09-22
5871992655,Sports-Business Analyst,StarZen,Unspecified,,mid,analyst,2026-09-05
5837139692,Business Analyst_Basel,Capco,Unspecified,,mid,analyst,2026-08-12
5837139257,Fraud Business Analyst,Standard Chartered Bank,Bengaluru,,mid,analyst,2026-08-12
5886487593,Business Analyst III,Thermo Fisher Scientific,Bengaluru,,mid,analyst,2026-09-16
5871991862,Business Analyst / Business Development Manager,Confidential Jobs,Other,,senior,analyst,2026-09-05
5888300179,Lead Business Analyst – VP,Deutsche Bank,Bengaluru,,senior,analyst,2026-09-18
5895239243,UX Designer / Business Analyst,DocOnline,Delhi NCR,,mid,analyst,2026-09-23
5888968494,Finance Change Business Analyst,Capco,Unspecified,,mid,analyst,2026-09-18
5880952020,SAP Business Analyst-OTC,Cognex Corporation,Delhi NCR,,mid,analyst,2026-09-12
5870527366,Oracle CPQ Business Analyst,Tata Consultancy Services,Bengaluru,,mid,analyst,2026-09-04
5894979993,Business Analyst - SAP Finance,Thermo Fisher Scientific,Bengaluru,,mid,analyst,2026-09-23
5895239586,SAP FI Business Analyst,RED Global,Unspecified,,mid,analyst,2026-09-23
5875905530,Business Analyst - Payments and Digital Journeys,Capco,Unspecified,,mid,analyst,2026-09-09
5886487288,Senior Business Analyst – Cybersecurity & DevSecOps,Thermo Fisher Scientific,Bengaluru,,senior,analyst,2026-09-16
5898127506,Sap Finance Control Business Analyst,RED Global,Unspecified,,mid,analyst,2026-09-25
5896963254,"Sr. Spclst, Scitara Business Analyst",MSD,Hyderabad,,senior,analyst,2026-09-24
5898263241,Product Owner and Business Analyst - MCA,S&P Global,Unspecified,,mid,analyst,2026-09-25
5809380560,Sr. Business Analyst - Change Management,Invesco,Hyderabad,,senior,analyst,2026-07-21
5837139548,Nostro Risk Reporting Business Analyst,Capco,Chennai,,mid,analyst,2026-08-12
5846723422,Asst Dir-Business Analyst-Cont,Moody's,Unspecified,,mid,analyst,2026-08-18
5837139481,Business Analyst – Cash Management & Intraday Liquidity,Capco,Unspecified,,mid,analyst,2026-08-12
5879668991,Business Analyst (Enterprise Cyber Security Resilience ),Tesslogs IT Solutions,Bengaluru,,mid,analyst,2026-09-11
5900875461,Business Analyst - ERP Automation Projects - IFS,Provitious Technologies,Other,,mid,analyst,2026-09-28
5837139914,Business Analyst-Third Party Risk Management,Capco,Bengaluru,,mid,analyst,2026-08-12
5894979997,Business Analyst III – SAP Order Management,Thermo Fisher Scientific,Bengaluru,,mid,analyst,2026-09-23
5894979891,Business Analyst III – SAP MM/PP,Thermo Fisher Scientific,Bengaluru,,mid,analyst,2026-09-23
5865064905,"IT&D Business Analyst, SAP Pricing",Reckitt,Hyderabad,,mid,analyst,2026-09-01
5837139767,BFA Senior Business Analyst (Change Management),Capco,Unspecified,,senior,analyst,2026-08-12
5875602815,MS Dynamics CRM Functional Architect (Business Analyst),Persistent Systems,Unspecified,,senior,analyst,2026-09-08
5837139504,"IT&D Senior Business Analyst, Rewards & Benefits",Reckitt,Hyderabad,,senior,analyst,2026-08-12
5837139823,IT&D Senior Business Analyst - Genesis Procurement,Reckitt,Hyderabad,,senior,analyst,2026-08-12
5894979894,Senior Business Analyst – SAP SD/MM/PP,Thermo Fisher Scientific,Bengaluru,,senior,analyst,2026-09-23
5873073968,Senior Business Analyst – Agentic Enterprise Intelligence (AEI),Quantiphi,Mumbai,,senior,analyst,2026-09-06
5886486834,Senior Business Analyst – Commercial AI & Digital Solutions,Thermo Fisher Scientific,Bengaluru,,senior,data_science,2026-09-16
5894979560,Business Analyst III – SAP SD / Logistics Execution,Thermo Fisher Scientific,Bengaluru,,mid,analyst,2026-09-23
5889679182,Manager- Policy Owner Service (Business Analyst- SQL),Axis Max Life Insurance Limited,Unspecified,,senior,analyst,2026-09-18
5889221059,Business Intelligence Analyst,"Pinnacle Group, Inc.",Unspecified,,mid,analyst,2026-09-18
5879665881,Business Intelligence Analyst,Omnicom Global Solutions,Bengaluru,,mid,analyst,2026-09-11
5857251124,Senior Business Analysis - Sr Business Analyst - BNPP - Paribas,Capco,Bengaluru,,senior,analyst,2026-08-27
5883564043,Business Analyst (Fully Remote) – Top US MNC (Enterprise Software),SkillsCapital,Unspecified,,mid,analyst,2026-09-14
5867726679,"Business Management Analyst, AVP",Deutsche Bank,Mumbai,,mid,analyst,2026-09-03
5894389835,BUSINESS INTELLIGENCE ANALYST I,TE Connectivity,Bengaluru,,mid,analyst,2026-09-23
5893510960,Business Development Analyst II,TE Connectivity,Bengaluru,,mid,analyst,2026-09-22
5867114866,Sr Business Systems Analyst,Moody's,Unspecified,,senior,analyst,2026-09-02
5846723135,"Business Management Analyst, NCT",Deutsche Bank,Pune,,mid,analyst,2026-08-18
5837138886,Principal Business Systems Analyst,Cornerstone OnDemand,Hyderabad,,senior,analyst,2026-08-12
5846723453,Sr Business Application Analyst,Moody's,Unspecified,,senior,analyst,2026-08-18
5887061515,SR BUSINESS INTELLIGENCE ANALYST,TE Connectivity,Bengaluru,,senior,analyst,2026-09-17
5867265173,SAP Business One Analyst,Electrosteel Group,Unspecified,,mid,analyst,2026-09-02
5898127468,Business Intelligence Analyst_97046,MyCareernet,Hyderabad,,mid,analyst,2026-09-25
5898263683,"Specialist, Business Analyst – Content Review Automation (AI-enabled MLR / Content Catalyst)",MSD,Hyderabad,,mid,data_science,2026-09-25
5896317332,"Lead Business functional Analyst, VP",Deutsche Bank,Pune,,senior,analyst,2026-09-24
5876872332,"Senior Business Intelligence Analyst, Global Sales",Getinge,Mumbai,,senior,analyst,2026-09-09
5898263224,Sr Business Systems Analyst - Vertex Implementation,Moody's,Bengaluru,,senior,analyst,2026-09-25
5846723110,Business Finance Senior Analyst,Deutsche Bank,Mumbai,,senior,analyst,2026-08-18
5867727281,Business Risk & Control Analyst,Deutsche Bank,Mumbai,,mid,analyst,2026-09-03
5888300171,"Business Functional Analyst with German fluency (Midrange), AVP",Deutsche Bank,Pune,,mid,analyst,2026-09-18
5885147310,Business Systems Analyst - SAP S4/Hana Revenue Product Owner,Moody's,Unspecified,,mid,analyst,2026-09-16
5899377941,"HCM Business Advisory Senior Analyst, AVP",Deutsche Bank,Bengaluru,,senior,analyst,2026-09-26
5884160183,Servicenow BA,Getronics,Bengaluru,,mid,other,2026-09-15
5897296568,Sr. UI/UX Designer,2Base Technologies,Kochi,,senior,other,2026-09-25
5876870809,SAP FICO Consultant,Mantras2Success.com,Ahmedabad,,mid,other,2026-09-09
5876872322,Head Customer Success [T500-29223],Talent500,Mumbai,,senior,other,2026-09-09
5837139625,Liquidity - Design Analyst,Capco,Unspecified,,mid,analyst,2026-08-12
5864438745,Functional Product Analyst (AA) - India,Thakral One,Unspecified,,mid,analyst,2026-09-01
5901137209,Global Payments Operations,Undisclosed,Hyderabad,,mid,other,2026-09-28
5891690213,MIS Executive,Anand Rathi Share and Stock Brokers Ltd,Mumbai,,mid,other,2026-09-20
5895240199,Guidewire CC Configuration Developer- Immediate Joiners,Stratus,Unspecified,,mid,other,2026-09-23
5886098783,Oracle GTM Consultant,Insight Global,Bengaluru,,mid,other,2026-09-16
5882866389,IBM MQ,Tata Consultancy Services,Bengaluru,,mid,other,2026-09-14
5881760260,Automation Engineer,QualityKiosk Technologies,Mumbai,,mid,other,2026-09-13
5891978216,Senior Technical Specialist,Sikich India,Unspecified,,senior,other,2026-09-20
5888968492,PM/BA -Capital Market - Mumbai,Capco,Mumbai,,mid,other,2026-09-18
5837139383,Product Manager,Capco,Bengaluru,,senior,other,2026-08-12
5837139372,BA -Capital Market - Bangalore,Capco,Bengaluru,,mid,other,2026-08-12
5896964096,BA - Capital Market,Capco,Mumbai,,mid,other,2026-09-24
5889214883,Spark/Scala Data Engineer,Tata Consultancy Services,Chennai,,mid,data_engineering,2026-09-18
5898129320,Sales Enablement Specialist,LTM,Mumbai,,mid,other,2026-09-25
5898127918,Sr. Quality Analyst,UNPlus Solutions,Bengaluru,,senior,analyst,2026-09-25
5864434982,OSDU Specialist,HCLTech,Delhi NCR,,mid,other,2026-09-01
5864436590,Quality Assurance Automation Engineer,QualiZeal,Hyderabad,,mid,other,2026-09-01
5890613626,Consultant - Salesforce Development [T500-29456],CIBC India,Hyderabad,,mid,other,2026-09-19
5865286259,Data Quality Engineer,BPMLinks,Hyderabad,,mid,other,2026-09-02
5879671139,Azure Data Engineer,Tata Consultancy Services,Hyderabad,,mid,data_engineering,2026-09-11
5898533170,IBM Infosphere DataStage,Tata Consultancy Services,Hyderabad,,mid,other,2026-09-25
5899510857,Project Manager,National e-Governance Division,Delhi NCR,,senior,other,2026-09-26
5884159178,Calypso Back Office BA,Bounteous,Unspecified,,mid,other,2026-09-15
5896964053,Reporting Analyst,Capco,Mumbai,,mid,analyst,2026-09-24
5873278009,Project Manager – Zoho Implementation,Automate Accounts,Unspecified,,senior,other,2026-09-07
5889219844,CRM Practice Leader,Axtria - Ingenious Insights,Delhi NCR,,mid,other,2026-09-18
5890612181,Analyst – COO Office,Alpha Alternatives,Unspecified,,mid,analyst,2026-09-19
5901137419,Java Backend Developer,TechDoQuest,Hyderabad,,mid,other,2026-09-28
5889684584,Guidewire PolicyCenter Technology Analyst,Talent et au-dela,Hyderabad,,mid,analyst,2026-09-18
5890613486,Ab Initio ETL Developer,Persistent Systems,Unspecified,,mid,data_engineering,2026-09-19
5900875756,EDI Java-SQL Developer,Awign,Bengaluru,,mid,other,2026-09-28
5881763446,Data Conversion Specialist,Experion Technologies,Kochi,,mid,other,2026-09-13
5870527089,Data Engineer,Amaris Consulting | Part of Mantu,Bengaluru,,mid,data_engineering,2026-09-04
5868789143,Deputy Manager,Niva Bupa Health Insurance,Unspecified,,senior,other,2026-09-03
5889683602,Technical Project Manager,ValueMomentum,Hyderabad,,senior,other,2026-09-18
5886097732,ETL Developer,Synechron,Mumbai,,mid,data_engineering,2026-09-16
5899512155,Senior Data Engineer [T500-29640],CIBC India,Hyderabad,,senior,data_engineering,2026-09-26
5901134288,Data Engineering [T500-29647],CIBC India,Hyderabad,,mid,data_engineering,2026-09-28
5846723238,SAP FI-CO Consultant - Associate,Deutsche Bank,Bengaluru,,junior,other,2026-08-18
5891690201,Data Engineer,Tata Consultancy Services,Unspecified,,mid,data_engineering,2026-09-20
5896612569,Executive Assistant,Biz2X,Delhi NCR,,mid,other,2026-09-24
5884641134,Oracle RMS Tester,Yallo Talent,Unspecified,,mid,other,2026-09-15
5877457586,Product Engineer,Tata Consultancy Services,Bengaluru,,mid,other,2026-09-10
5901134637,Digital Transformation Lead - Salesforce,Saaki Argus and Averil Consulting,Chennai,,senior,other,2026-09-28
5870857421,Data Scientist,Tata Consultancy Services,Bengaluru,,mid,data_science,2026-09-04
5895240319,Oracle PL/SQL Developer,Ingrain Systems Inc,Hyderabad,,mid,other,2026-09-23
5895032131,Guidewire ClaimCenter Architect- Immediate Joiners,Stratus,Unspecified,,senior,other,2026-09-23
5857251209,Hybrid Project Manager (Liquidity/ Treasury),Capco,Unspecified,,senior,other,2026-08-27
5898128947,Data Engineer,The HEINEKEN Company,Hyderabad,,mid,data_engineering,2026-09-25
5901133753,UI Automation Engineer – Fixed Income,RapidBrains,Unspecified,,mid,other,2026-09-28
5867263614,Program Manager/ ODC Manager - Semiconductor Equipment,Quest Global,Unspecified,,senior,other,2026-09-02
5896614104,Spark / Scala Data Engineer,Tata Consultancy Services,Bengaluru,,mid,data_engineering,2026-09-24
5897295182,Informatica MDM Developer,LUMENDATA SOLUTIONS INDIA PRIVATE LIMITED,Bengaluru,,mid,other,2026-09-25
5889219840,Pyspark Data Engineer,Tata Consultancy Services,Bengaluru,,mid,data_engineering,2026-09-18
5894389936,Senior Quality Test Engineer II,Elsevier,Chennai,,senior,other,2026-09-23
5837139835,Product Manager,Capco,Chennai,,senior,other,2026-08-12
5865064492,Product Owner,Capco,Unspecified,,mid,other,2026-09-01
5889223712,Software Associate,Tata Consultancy Services,Unspecified,,junior,other,2026-09-18
5891690064,SAS Developer,Infosys,Hyderabad,,mid,other,2026-09-20
5875419675,Senior Sales Executive,Egnoto,Jaipur,,senior,other,2026-09-08
5888300150,Fullstack Developer .Net/SQLServer/Oracle - AVP,Deutsche Bank,Bengaluru,,mid,other,2026-09-18
5879657779,Enterprise Architect – Offshore,Datamatics,Mumbai,,senior,other,2026-09-11
5891693362,SAP CPI Integration Consultant | Big4 | 7 to 10 Years,Acme Services,Unspecified,,mid,other,2026-09-20
5869558894,Quality Assurance Automation Engineer,Zensar Technologies,Unspecified,,mid,other,2026-09-04
5879659464,.NET Developer (SSIS / SSRS / SQL Development),Droisys,Unspecified,,mid,other,2026-09-11
5896612832,Software Associate,Tata Consultancy Services,Hyderabad,,junior,other,2026-09-24
5890897050,Sales Manager,Mantras2Success.com,Unspecified,,senior,other,2026-09-19
5897308785,Business Analyst,Kavi Software Technologies Private Limited,Chennai,,mid,analyst,2026-09-25
5871006552,Business Analyst,NEC Software Solutions ,Mumbai,,mid,analyst,2026-09-05
5898069170,Business Analyst,Weekday AI,Unspecified,,mid,analyst,2026-09-25
5898069225,Business Analyst,Weekday AI,Chennai,,mid,analyst,2026-09-25
5898655759,Business Analyst,VDart Software Services Pvt. Ltd.,Chennai,,mid,analyst,2026-09-25
5758364393,Business Analyst,Infotel UK,Unspecified,,mid,analyst,2026-06-10
4725867393,Business Analyst,"Opalforce, Inc.",Bengaluru,,mid,analyst,2024-06-07
5849257585,Business Analyst,Arena Investors I Quaestor Advisors,Unspecified,,mid,analyst,2026-08-20
5897259496,Business Analyst,Acme Services Private Limited,Delhi NCR,2350000.0,mid,analyst,2026-09-24
5894231011,Business Analyst,Trigent Software Private Limited,Unspecified,800000.0,mid,analyst,2026-09-22
5894315058,Business Analyst,Acumatica,Unspecified,,mid,analyst,2026-09-23
5850376076,Business Analyst/ Senior Business Analyst,Egon Zehnder,Delhi NCR,,senior,analyst,2026-08-21
5889683153,Oracle Subscription Management,Jade Global,Unspecified,,mid,other,2026-09-18
5837139071,"Snr Analyst, Development - LARC",Standard Chartered Bank,Chennai,,mid,analyst,2026-08-12
5846723122,Senior Software Engineer,Morningstar,Mumbai,,senior,other,2026-08-18
5837139771,BA - Power Systems,Capco,Unspecified,,mid,other,2026-08-12
5898263645,Lead Product Manager – Technical - Vadodara,Capco,Pune,,senior,other,2026-09-25
5859662581,Java Full Stack Developer,Capco,Bengaluru,,mid,other,2026-08-28
5884157796,Workfront Specialist,Publicis Re:Sources,Unspecified,,mid,other,2026-09-15
5865288830,Technical BA - Network / Wireless,World Wide Technology,Unspecified,,mid,other,2026-09-02
5858113416,Client Success & Growth Manager (India),Thakral One,Unspecified,,senior,other,2026-08-27
5864435922,Project Analyst (India),Thakral One,Unspecified,,mid,analyst,2026-09-01
5898533993,Data Engineering Lead,The HEINEKEN Company,Hyderabad,,senior,data_engineering,2026-09-25
5898131362,ServiceNow Project Manager,Aelum Consulting - ServiceNow Premier Partner,Delhi NCR,,senior,other,2026-09-25
5897296483,Consulting Engagement Manager,TAAS Partners,Bengaluru,,senior,other,2026-09-25
5891690316,"Senior BI Consultant(Data Engineering ,Python.AWS services) with fast growing Software company, Baner, Pune.",Seventh Contact Hiring Solutions,Unspecified,,senior,data_engineering,2026-09-20
5880950390,Presales Team Lead,Straive,Mumbai,,senior,other,2026-09-12
5893922561,Test Analyst (Oracle ERP and EPM systems),Tesslogs IT Solutions,Bengaluru,,mid,analyst,2026-09-22
5899975936,ServiceNow Develpoer,NowVia,Unspecified,,mid,other,2026-09-27
5889222255,Oracle HCM AI Integration Consultant,"Mumba Technologies, Inc.",Unspecified,,mid,data_science,2026-09-18
5868795044,SAP CPI Technical Consultant,Syntax,Unspecified,,mid,other,2026-09-03
5860532858,Business Analyst,Binary Semantics Limited,Delhi NCR,,mid,analyst,2026-08-29
1509166858,Business Analyst,Lincode Labs India Pvt Ltd,Bengaluru,600000.0,mid,analyst,2020-03-31
5890798642,Business Analyst,NewVison,Unspecified,,mid,analyst,2026-09-19
5040689008,Business Analyst,ProPMO Services Private Limited,Bengaluru,600000.0,mid,analyst,2025-02-07
4801532684,Business Analyst,xyz,Unspecified,,mid,analyst,2024-07-31
5337950212,Business Analyst,Wissen Technology,Hyderabad,,mid,analyst,2025-08-05
4686706417,Business Analyst,,Delhi NCR,,mid,analyst,2024-05-10
3166190744,Business Analyst,PopcornApps,Hyderabad,600000.0,mid,analyst,2022-05-25
1788701062,Business Analyst,Presidency University,Bengaluru,500000.0,mid,analyst,2020-10-29
5830599367,Business Analyst,In Touch,Hyderabad,,mid,analyst,2026-08-06
5859120974,Business Analyst,CIMET,Jaipur,,mid,analyst,2026-08-28
3900854302,Business Analyst,Ebizz Infotech,Surat,210000.0,mid,analyst,2023-02-04
3710148607,Business Analyst,Mithra Global,Mumbai,1250000.0,mid,analyst,2022-11-22
5727082142,Business Analyst,MM Staffing & Career Consultants,Bengaluru,900000.0,mid,analyst,2026-05-13
5889523406,Business Analyst,Manras,Delhi NCR,,mid,analyst,2026-09-18
5859124842,Business Analyst,Proarch Technology Services,Kolkata,,mid,analyst,2026-08-28
5503836817,Business Analyst,Vision Infotech,Surat,,mid,analyst,2025-11-20
2609531597,Business Analyst,Texila American University,Coimbatore,700000.0,mid,analyst,2021-11-04
5719182260,Business Analyst,Redfoxa Careerlink Pvt Ltd,Bengaluru,425000.0,mid,analyst,2026-05-05
4755979420,Business Analysts,Money Honey Financial Services Private Limited,Mumbai,650000.0,mid,analyst,2024-06-28
3266737478,Business Analyst,Sigma Infosolutions,Bengaluru,1350000.0,mid,analyst,2022-06-28
5861795571,Business Analyst,COTIVITI,Pune,,mid,analyst,2026-08-30
5832798246,Business Analyst,Coditas Technologies,Pune,,mid,analyst,2026-08-08
1171506747,Business Analyst,Ixora Global Services,Delhi NCR,,mid,analyst,2019-06-05
5255506980,Business Analyst,NeoGenCode Technologies Pvt Ltd,Unspecified,1600000.0,mid,analyst,2025-06-18
5849525633,Business Analyst,Nexuslink Services India Pvt ltd,Ahmedabad,575000.0,mid,analyst,2026-08-20
5829887321,Business Analyst,ONIT,Pune,,mid,analyst,2026-08-06
5799557395,Business Analyst,VDart,Other,,mid,analyst,2026-07-14
5727133034,Business Analyst,MM Staffing & Career Consultants,Bengaluru,600000.0,mid,analyst,2026-05-13
3433222166,Business Analyst,Myrsa Technology Solutions,Mumbai,400000.0,mid,analyst,2022-08-26
2583051695,Business Analyst,IRIS BUSINESS SERVICES LIMITED,Mumbai,600000.0,mid,analyst,2021-10-27
5856942808,Business Analyst,Blackbaud,Unspecified,,mid,analyst,2026-08-26
5629158866,Business Analyst,Dynarex Technologies PvtLtd,Chandigarh,800000.0,mid,analyst,2026-02-14
4794473965,Business Analyst,Vmultiply solutions,Delhi NCR,300000.0,mid,analyst,2024-07-25
5120355680,Business Analyst,Talhive,Bengaluru,,mid,analyst,2025-04-01
3502543793,Business Analyst,Wolken Software,Bengaluru,2000000.0,mid,analyst,2022-09-20
5555120217,Business Analyst,Innover Systems,Pune,800000.0,mid,analyst,2025-12-25
5850378534,Business Analyst,Olam International,Chennai,,mid,analyst,2026-08-21
5728332881,Business Analyst,Acura Solution,Delhi NCR,,mid,analyst,2026-05-14
5015650325,Business Analyst,Forerunner Consultancy Services,Pune,,mid,analyst,2025-01-18
5329708622,Business Analyst,Topcoder,Delhi NCR,,mid,analyst,2025-07-31
5832798190,Business Analyst,Milestone Online Technology,Other,,mid,analyst,2026-08-08
5832798160,Business Analyst,Milestone Online Technology,Delhi NCR,,mid,analyst,2026-08-08
5832798189,Business Analyst,Milestone Online Technology,Ludhiana,,mid,analyst,2026-08-08
5832798146,Business Analyst,Milestone Online Technology,Pune,,mid,analyst,2026-08-08
5832798154,Business Analyst,Milestone Online Technology,Kolkata,,mid,analyst,2026-08-08
5832798168,Business Analyst,Milestone Online Technology,Bengaluru,,mid,analyst,2026-08-08
5832798175,Business Analyst,Milestone Online Technology,Bhopal,,mid,analyst,2026-08-08
5861792577,Business Analyst,Talodyn Networks Private Limited,Bengaluru,,mid,analyst,2026-08-30
5828668155,Business Analyst,Toolyt,Bengaluru,180000.0,mid,analyst,2026-08-05
5889601489,Business Analyst,MedTourEasy,Unspecified,600000.0,mid,analyst,2026-09-18
4686706474,Business Analyst,,Chennai,,mid,analyst,2024-05-10
5727143893,Business Analyst,Mantras2Success,Other,600000.0,mid,analyst,2026-05-13
5877296390,Business Analyst,Cassini Systems,Chennai,,mid,analyst,2026-09-09
5336689187,Business Analysts,EWU,Kochi,250000.0,mid,analyst,2025-08-04
3911379858,Business Analyst,Codebuddy Pvt. Ltd.,Kolkata,350000.0,mid,analyst,2023-02-08
3592404194,Business Analyst,HyreSpree,Hyderabad,1750000.0,mid,analyst,2022-10-16
5842569972,Business Analyst,Ara Resources Private Limited,Bengaluru,,mid,analyst,2026-08-15
5876949328,Business Analyst,Ethics Infotech,Vadodara,,mid,analyst,2026-09-09
5822020256,Business Analyst,iprogrammer,Pune,,mid,analyst,2026-07-31
5887957572,Business Analyst,Bill Gosling Outsourcing,Bengaluru,,mid,analyst,2026-09-17
4855312747,Business Analyst,Litpix Studio Private Limited,Jaipur,300000.0,mid,analyst,2024-09-07
2933962322,Business Analyst,Unnati,Delhi NCR,750000.0,mid,analyst,2022-03-01
5750260075,Business Analyst,NebuLogic Technologies,Hyderabad,1000000.0,mid,analyst,2026-06-03
5850380679,Business Analyst,Velocis Systems Private Limited,Unspecified,,mid,analyst,2026-08-21
5861243168,Business Analyst,Right Advisors,Bengaluru,600000.0,mid,analyst,2026-08-29
5722083454,Business Analyst,Emids,Unspecified,,mid,analyst,2026-05-08
5549958855,Business Analyst,Vistex Career,Hyderabad,,mid,analyst,2025-12-20
5854880424,Business Analyst,Apex 2000,Bengaluru,,mid,analyst,2026-08-25
5854880420,Business Analyst,Apex 2000,Kolkata,,mid,analyst,2026-08-25
5854880417,Business Analyst,Apex 2000,Pune,,mid,analyst,2026-08-25
5860533598,Business Analyst,Binary Semantics Limited,Delhi NCR,,mid,analyst,2026-08-29
5846911659,Business Analyst,Financial Services,Unspecified,600000.0,mid,analyst,2026-08-18
4386562594,Business Analyst,RadicalStart Infolab Private Limted,Other,250000.0,mid,analyst,2023-10-22
4686706698,Business Analyst,,Delhi NCR,,mid,analyst,2024-05-10
5551011286,Business Analyst,EXL,Unspecified,,mid,analyst,2025-12-21
5882108582,Business Analyst,ascendion,Pune,,mid,analyst,2026-09-13
4686705910,Business Analyst,,Delhi NCR,,mid,analyst,2024-05-10
4801519596,Business Analyst,Miro,Chennai,,mid,analyst,2024-07-31
5831397290,Business Analyst,ICE,Pune,,mid,analyst,2026-08-07
2766491353,Business Analyst,DIGITAL BRAIN MEDIA,Lucknow,600000.0,mid,analyst,2021-12-25
5766551671,Business Analyst,Amukha Technologies Private Limited,Mumbai,900000.0,mid,analyst,2026-06-17
5754832051,Business Analyst,All Generation Tech,Hyderabad,,mid,analyst,2026-06-07
5239552785,Business Analyst,layer tech IT solutions,Hyderabad,400000.0,mid,analyst,2025-06-08
5819881302,Business Analyst,GetixHealth,Bengaluru,,mid,analyst,2026-07-29
5860541645,Business Analyst,Aurionpro,Mumbai,,mid,analyst,2026-08-29
5871275629,Business Analyst,Kanini Software Solutions,Other,,mid,analyst,2026-09-05
5329695686,Business Analyst,The Syndicate Tech,Bengaluru,,mid,analyst,2025-07-31
4964034326,Business Analyst,TIGI HR Solution Pvt. Ltd.,Ahmedabad,300000.0,mid,analyst,2024-12-05
5829887011,Business Analyst,Great Techno Tycoon,Indore,,mid,analyst,2026-08-06
3064219213,Business Analyst,Natalie Consultants,Unspecified,1100000.0,mid,analyst,2022-04-20
5827168805,Business Analyst,Decipher Zone Technologies,Jaipur,,mid,analyst,2026-08-04
3032213576,Business Analyst,Unnati,Pune,1200000.0,mid,analyst,2022-04-07
2048958856,Business Analyst.,Andesoft Consulting,Mumbai,1500000.0,mid,analyst,2021-03-13
3048034030,Business Analyst,GreedyGame,Bengaluru,800000.0,mid,analyst,2022-04-13
2468164053,Business Analyst,Aureus Tech Systems,Hyderabad,1475000.0,mid,analyst,2021-09-18
5879144121,Business Analyst,Movate Technologies,Chennai,,mid,analyst,2026-09-11
5889085832,Business Analyst,Endava,Bengaluru,,mid,analyst,2026-09-18
5042641487,Business Analyst,Affine,Bengaluru,,mid,analyst,2025-02-08
2330850843,Business Analyst,Recruiting India,Chennai,1300000.0,mid,analyst,2021-07-20
5211779262,Business Analyst,Wissen Technology,Bengaluru,1500000.0,mid,analyst,2025-05-23
5859117805,Business Analyst,Evalueserve.com Private Limited,Delhi NCR,,mid,analyst,2026-08-28
5861793633,Business Analyst,Prgx India,Pune,,mid,analyst,2026-08-30
4686706662,Business Analyst,,Delhi NCR,,mid,analyst,2024-05-10
4946581659,Business Analyst,Merck,Unspecified,,mid,analyst,2024-11-21
5862891684,Business Analyst,ADCI - BLR 14 SEZ - F07,Bengaluru,,mid,analyst,2026-08-31
5889516777,Business Analyst,Cityscope,Mumbai,,mid,analyst,2026-09-18
3632177861,Business Analyst,White Collar Org,Jaipur,800000.0,mid,analyst,2022-10-28
2742136028,Business Analyst,Krish Technolabs,Ahmedabad,700000.0,mid,analyst,2021-12-16
2853928094,Business Analyst,Multi Recruit,Bengaluru,1500000.0,mid,analyst,2022-01-30
5851865180,Business Analyst,HealthAsyst,Bengaluru,,mid,analyst,2026-08-22
4686707823,Business Analyst,,Mumbai,,mid,analyst,2024-05-10
5877276531,Business Analyst,Barclays,Unspecified,,mid,analyst,2026-09-09
5859121332,Business Analyst,Mastermind Network,Bengaluru,,mid,analyst,2026-08-28
4686707327,Business Analyst,,Delhi NCR,,mid,analyst,2024-05-10
5266460273,Business Analyst,TIGI HR Solution Pvt. Ltd.,Bengaluru,1250000.0,mid,analyst,2025-06-25
2478113152,Business Analyst,i-Lanam Technologies,Ahmedabad,200000.0,mid,analyst,2021-09-22
4596884484,Business Analyst,UpSolve Solutions LLP,Mumbai,600000.0,mid,analyst,2024-03-07
5842589806,Business Analyst,ExcelSoft Technologies,Other,,mid,analyst,2026-08-15
5899550146,Business Analyst,Weekday AI,Hyderabad,,mid,analyst,2026-09-26
5900348941,Business Analyst,StoneX,Pune,,mid,analyst,2026-09-27
2384737427,Business Analyst,Cibirix,Indore,550000.0,mid,analyst,2021-08-15
2050583377,Business Analyst,Ally Software LLP,Bengaluru,,mid,analyst,2021-03-14
5889511359,Business Analyst,Artiset,Delhi NCR,,mid,analyst,2026-09-18
5693603979,Business Analyst,Accenture,Unspecified,,mid,analyst,2026-04-09
4514376922,Business Analyst,Qrata,Bengaluru,1800000.0,mid,analyst,2024-01-07
3827529616,Business Analyst-,KiwiTech,Delhi NCR,950000.0,mid,analyst,2023-01-06
5487693704,Business Analyst,Risosu Consulting LLP,Mumbai,550000.0,mid,analyst,2025-11-09
5804688818,Business Analyst,Risosu Consulting LLP,Mumbai,450000.0,mid,analyst,2026-07-17
5842590099,Business Analyst,Agiliad Technologies,Pune,,mid,analyst,2026-08-15
5848055985,Business Analyst,Resources Valley,Jaipur,1400000.0,mid,analyst,2026-08-19
5828761379,Business Analyst,Amazon,Bengaluru,,mid,analyst,2026-08-05
5871237912,Business Analyst,Decipher zone technologies,Unspecified,,mid,analyst,2026-09-05
5829186617,Business Analyst,Amazon,Unspecified,,mid,analyst,2026-08-05
5880845469,Business Analyst,Metron Security Private Limited,Pune,,mid,analyst,2026-09-12
2946429834,Business Analyst,Unnati,Unspecified,1300000.0,mid,analyst,2022-03-05
5585713662,Business Analyst,Gieom Business Solutions Pvt Ltd,Unspecified,650000.0,mid,analyst,2026-01-15
3651750767,Business Analyst,iThink Logistics,Mumbai,190000.0,mid,analyst,2022-11-03
4120526848,Business Analyst,Kapture CX,Bengaluru,600000.0,mid,analyst,2023-05-27
5850376959,Business Analyst,VT Netzwelt,Ahmedabad,,mid,analyst,2026-08-21
5839221863,Business Analyst,Sun Dew Solutions Private Limited,Kolkata,,mid,analyst,2026-08-13
5869814799,Business Analyst,EXL,Pune,,mid,analyst,2026-09-04
5730677001,Business Analyst,RECEX,Mumbai,3960000.0,mid,analyst,2026-05-16
5822020261,Business Analyst,iprogrammer,Pune,,mid,analyst,2026-07-31
5709135343,Business Analyst,Wissen Technology,Pune,,mid,analyst,2026-04-24
5804446289,Business Analyst,"NTT America, Inc.",Delhi NCR,,mid,analyst,2026-07-17
4990759639,Business Analyst,MindHind,Unspecified,1050000.0,mid,analyst,2024-12-28
5015665112,Business Analyst,Brainpan Innovations,Lucknow,,mid,analyst,2025-01-18
3452174079,Business Analyst,Gipfel & Schnell Consultings Pvt Ltd,Unspecified,1750000.0,mid,analyst,2022-09-02
3032213754,Business Analyst,Unnati,Chandigarh,1000000.0,mid,analyst,2022-04-07
3798035874,Business Analyst,OJCommerce,Chennai,850000.0,mid,analyst,2022-12-24
5486119762,Business Analyst,Risosu Consulting LLP,Mumbai,750000.0,mid,analyst,2025-11-08
5749713168,business analyst,ZH healthcare,Kochi,,mid,analyst,2026-06-03
5854880938,Business Analyst,Path Solutions,Hyderabad,,mid,analyst,2026-08-25
5727169369,Business Analyst,Post A Resume,Ahmedabad,400000.0,mid,analyst,2026-05-13
5836834800,Business Analyst,Bajaj Finance,Unspecified,,mid,analyst,2026-08-11
5803875248,Business Analyst,Barclays,Unspecified,,mid,analyst,2026-07-17
5876946883,Business Analyst,WhiteBIT,Unspecified,,mid,analyst,2026-09-09
1510562896,Business Analyst,Dataweave Pvt Ltd,Bengaluru,,mid,analyst,2020-04-01
5814376621,Business Analyst,Quality Engineering,Unspecified,,mid,analyst,2026-07-25
4156644469,Business Analyst,Promilo,Bengaluru,225000.0,mid,analyst,2023-06-17
5812781011,Business Analyst,Airbus,Unspecified,,mid,analyst,2026-07-24
5869164084,Business Analyst,OneMagnify,Chennai,,mid,analyst,2026-09-03
5890800213,Business Analyst,Synechron,Unspecified,,mid,analyst,2026-09-19
5876947962,Business Analyst,Tangem,Unspecified,,mid,analyst,2026-09-09
5898496704,Business Analyst,Lingaro,Unspecified,,mid,analyst,2026-09-25
5897949555,Business Analyst,Cognizant,Pune,,mid,analyst,2026-09-25
2792652265,Business Analyst,InvokHR,Pune,550000.0,mid,analyst,2022-01-06
2320380974,Business Analyst,STREETMARK Info Solutions,Hyderabad,1050000.0,mid,analyst,2021-07-15
2058680583,Business Analyst,Duplex Technologies Services,Lucknow,300000.0,mid,analyst,2021-03-18
5208232502,Business Analyst,Hunarstreet Technologies Pvt Ltd,Ahmedabad,650000.0,mid,analyst,2025-05-21
3512731427,Business Analyst,The Talent Keepers,Delhi NCR,1350000.0,mid,analyst,2022-09-23
5891895070,Business Analyst,Jobgether,Unspecified,,mid,analyst,2026-09-20
2686604253,Business Analyst,Accion Labs,Bengaluru,1800000.0,mid,analyst,2021-11-28
1171506557,Business Analyst,WyngCommerce,Bengaluru,700000.0,mid,analyst,2019-06-05
3337906220,Business Analyst,SS Supply Chain Solutions Pvt Ltd,Pune,900000.0,mid,analyst,2022-07-22
3175702619,Business Analyst,Unnati,Delhi NCR,650000.0,mid,analyst,2022-05-28
5440456439,Business Analyst,Recruit Square,Unspecified,1150000.0,mid,analyst,2025-10-10
5809894259,Business Analyst,Hilti,Unspecified,,mid,analyst,2026-07-22
1227100053,Business Analyst,Anaxee Technologies,Indore,200000.0,mid,analyst,2019-08-05
5850370950,Business Analyst,Trigyn Technologies Limited,Delhi NCR,,mid,analyst,2026-08-21
5854880922,Business Analyst,Path Solutions,Chennai,,mid,analyst,2026-08-25
5556211936,Business Analyst,Citigroup,Chennai,,mid,analyst,2025-12-26
5727134296,Business Analyst,Acura Solution,Delhi NCR,,mid,analyst,2026-05-13
1364038142,Business Analyst,Skyleaf Consultants,Mumbai,650000.0,mid,analyst,2019-12-06
5716161022,Business Analyst,Volante Technologies,Unspecified,,mid,analyst,2026-05-02
5842569974,Business Analyst,Ara Resources Private Limited,Mumbai,,mid,analyst,2026-08-15
5847675472,Business Analyst,Orion India Systems Private Limited,Pune,,mid,analyst,2026-08-19
5833579900,Business Analyst,Friar Service India,Unspecified,,mid,analyst,2026-08-08
5868702111,Business Analyst Job,YASH Technologies,Bengaluru,,mid,analyst,2026-09-03
5793236320,Business Analyst,PerkinElmer,Hyderabad,,mid,analyst,2026-07-09
2635526375,Business Analyst,IRIS BUSINESS SERVICES LIMITED,Mumbai,1000000.0,mid,analyst,2021-11-12
5871530579,Business Analyst,Cognizant,Bengaluru,,mid,analyst,2026-09-05
5815755012,Business Analyst,Amex,Delhi NCR,,mid,analyst,2026-07-26
5887915076,Business Analyst,Kyndryl,Bengaluru,,mid,analyst,2026-09-17
5832075647,Business Analyst,Episode Six,Chennai,,mid,analyst,2026-08-07
5840394046,Business Analyst,Amgen,Hyderabad,,mid,analyst,2026-08-13
2325241321,Business Analyst,RentoMojo,Bengaluru,700000.0,mid,analyst,2021-07-17
5861794201,Business Analyst,WeblineIndia,Ahmedabad,,mid,analyst,2026-08-30
5888772718,Business Analyst,Kyndryl,Bengaluru,,mid,analyst,2026-09-18
5891914053,Business Analyst,London Stock Exchange Group,Unspecified,,mid,analyst,2026-09-20
5298595746,Business Analyst,Flight Centre,Unspecified,,mid,analyst,2025-07-12
5377593019,Business Analyst,Flight Centre,Unspecified,,mid,analyst,2025-09-01
5446299092,Business Analyst,TIGI HR Solution Pvt. Ltd.,Pune,1450000.0,mid,analyst,2025-10-14
5806901536,Business Analyst,NetApp,Bengaluru,,mid,analyst,2026-07-19
5835746642,Business Analyst,Financial Services,Unspecified,600000.0,mid,analyst,2026-08-10
2959776708,Business Analyst,CareerNet,Bengaluru,1250000.0,mid,analyst,2022-03-10
2965122046,Business Analyst,Process Master Technologies Pvt Ltd,Indore,250000.0,mid,analyst,2022-03-12
2196097763,Business Analyst,Matellio Inc,Jaipur,1250000.0,mid,analyst,2021-05-19
1161744254,Business Analyst,ODeX India solutions private limited,Mumbai,650000.0,mid,analyst,2019-05-24
2439782727,Business Analyst,education asia,Other,800000.0,mid,analyst,2021-09-08
2177265217,Business Analyst,WWWNEXTLEAPADVISORYCOM,Delhi NCR,1250000.0,mid,analyst,2021-05-11
1155089241,Business Analyst,Pinnacle Seven Technologies,Coimbatore,200000.0,mid,analyst,2019-05-17
5686124032,Business Analyst,Emerson,Chennai,,mid,analyst,2026-04-02
4824921501,Business Analyst,Infibeam Avenues Limited,Delhi NCR,1150000.0,mid,analyst,2024-08-14
2109435306,Business Analyst,mcoxley intellect management,Chennai,700000.0,mid,analyst,2021-04-10
2128686938,Business Analyst,Adiyogi Technosoft Pvt Ltd,Other,400000.0,mid,analyst,2021-04-20
2138169898,Business Analyst,Acadecraft,Pune,600000.0,mid,analyst,2021-04-24
1171508841,Business Analyst,MAW Media Pvt Ltd,Delhi NCR,150000.0,mid,analyst,2019-06-05
1871973303,Business Analyst,CRMnext,Mumbai,800000.0,mid,analyst,2020-12-10
2985082785,Business Analyst,Pinnacle Seven Technologies,Coimbatore,200000.0,mid,analyst,2022-03-20
2782428405,Business Analyst,Jobdost,Unspecified,1750000.0,mid,analyst,2022-01-02
3916200841,Business Analyst,codersbrain,Unspecified,600000.0,mid,analyst,2023-02-10
4895100261,Business analyst,Pluginlive,Mumbai,2000000.0,mid,analyst,2024-10-09
4836571542,Business Analyst,Kapil Technologies PVT LTD,Hyderabad,1150000.0,mid,analyst,2024-08-23
4593031753,Business Analyst,MTAP Technologies,Mumbai,750000.0,mid,analyst,2024-03-05
4514375999,Business Analyst,Qrata,Bengaluru,2500000.0,mid,analyst,2024-01-07
4476844070,Business Analyst,Qsec Tiles,Other,275000.0,mid,analyst,2023-12-13
4590721777,Business Analyst,People First Consultants,Pune,,mid,analyst,2024-03-03
4322837037,Business Analyst,New Era India,Unspecified,2000000.0,mid,analyst,2023-09-20
4514376112,Business Analyst,Qrata,Bengaluru,1550000.0,mid,analyst,2024-01-07
4992020376,Business Analyst,Sanguine Global,Mumbai,1250000.0,mid,analyst,2024-12-30
4992020290,Business Analyst,Anarock Technology,Mumbai,900000.0,mid,analyst,2024-12-30
4386562988,Business Analyst,Merito,Kolkata,900000.0,mid,analyst,2023-10-22
4172911754,Business Analyst,Kapture CX,Bengaluru,550000.0,mid,analyst,2023-06-27
3035278763,Business Analyst,Multi Recruit,Bengaluru,1900000.0,mid,analyst,2022-04-08
2325244612,Business Analyst,Catalyst IQ,Mumbai,1625000.0,mid,analyst,2021-07-17
2072199033,Business Analyst,Variable Soft,Jaipur,500000.0,mid,analyst,2021-03-24
2509164414,Business Analyst,Perdect,Jaipur,200000.0,mid,analyst,2021-10-02
2092426583,Business Analyst,Hirextra,Hyderabad,2500000.0,mid,analyst,2021-04-02
3481771527,Business Analyst,Sourceone,Pune,1250000.0,mid,analyst,2022-09-13
3546813211,Business Analyst,Merito,Kolkata,2500000.0,mid,analyst,2022-10-02
2486354089,Business Analyst,CES Information Technologies,Unspecified,850000.0,mid,analyst,2021-09-24
2577819310,Business Analyst,Wishup Technology Pvt Ltd,Unspecified,500000.0,mid,analyst,2021-10-26
3845119269,Business Analyst,WebSpero Solutions,Chandigarh,650000.0,mid,analyst,2023-01-13
2631733710,Business Analyst,Rawdata Technologies Pvt Ltd,Kochi,550000.0,mid,analyst,2021-11-11
1352025256,Business Analyst,Biz4group,Jaipur,400000.0,mid,analyst,2019-11-26
4715496028,Business Analyst,Weverse Digital technologies Private Limited,Mumbai,350000.0,mid,analyst,2024-06-01
3269975169,BUSINESS ANALYST,RDO India Pvt Ltd,Unspecified,825000.0,mid,analyst,2022-06-29
3509176840,Business Analyst,Seven N Half,Mumbai,900000.0,mid,analyst,2022-09-22
3379798020,Business Analyst,MNR Solutions,Delhi NCR,950000.0,mid,analyst,2022-08-06
2992079299,Business Analyst,upGrad,Mumbai,1600000.0,mid,analyst,2022-03-23
2304187880,Business Analyst,Recruiting India,Chennai,1000000.0,mid,analyst,2021-07-07
5351600269,Business Analyst,VY SYSTEMS PRIVATE LIMITED,Chennai,1000000.0,mid,analyst,2025-08-14
2667255768,Business Analyst,Beyond Pinks,Hyderabad,1500000.0,mid,analyst,2021-11-22
2572832386,Business Analyst,BitClass,Bengaluru,2500000.0,mid,analyst,2021-10-24
2566774995,Business Analyst,Growisto,Mumbai,950000.0,mid,analyst,2021-10-22
2601848224,Business Analyst,Leena AI,Unspecified,2500000.0,mid,analyst,2021-11-02
1301202531,Business Analyst,Webonise Lab,Pune,650000.0,mid,analyst,2019-10-17
1417374404,Business Analyst,Acess meditech pvt ltd,Hyderabad,250000.0,mid,analyst,2020-01-21
2036169617,Business Analyst,Eco transport solution Private Limited,Other,200000.0,mid,analyst,2021-03-07
1161627517,business analyst,Technoloader,Jaipur,550000.0,mid,analyst,2019-05-24
1240707911,Business Analyst,"Kiwi, Inc.",Bengaluru,2500000.0,mid,analyst,2019-08-21
5594469547,Business Analyst,Quess Enterprise,Bengaluru,,mid,analyst,2026-01-22
4386563715,Business Analyst,Merito,Bengaluru,2250000.0,mid,analyst,2023-10-22
4062142437,Business Analyst,Everest Engineering,Unspecified,2350000.0,mid,analyst,2023-04-26
4411059699,Business Analyst,Stanza Living,Unspecified,1250000.0,mid,analyst,2023-11-03
3952015837,Business Analyst,Rezo.AI,Delhi NCR,2000000.0,mid,analyst,2023-03-02
3949356907,Business Analyst,People First Consultants,Chennai,1950000.0,mid,analyst,2023-03-01
3775845739,Business Analyst,Seventh Triangle,Delhi NCR,350000.0,mid,analyst,2022-12-15
5329698212,Business Analyst,Smartworks,Bengaluru,,mid,analyst,2025-07-31
5329698861,Business Analyst,Smartworks,Bengaluru,,mid,analyst,2025-07-31
5324109247,Business Analyst,Unique IT Solution,Ahmedabad,250000.0,mid,analyst,2025-07-27
5329709616,Business Analyst,Smartworks,Delhi NCR,,mid,analyst,2025-07-31
5723926098,Business analyst,Pericent BPMDMS software,Jaipur,400000.0,mid,analyst,2026-05-09
5731156344,Business analyst,ARCIS e Services,Unspecified,350000.0,mid,analyst,2026-05-16
5329695412,Business Analyst,Smartworks,Bengaluru,,mid,analyst,2025-07-31
5739067082,Business Analyst,GetixHealth,Bengaluru,,mid,analyst,2026-05-24
5280025743,Business analyst,Mario bro,Other,,mid,analyst,2025-07-02
5821219494,Business Analyst,Capco,Unspecified,,mid,analyst,2026-07-30
5820996358,Business Analyst,Apprication pvt ltd,Mumbai,650000.0,mid,analyst,2026-07-30
5831405367,Business Analyst,Tenacious Techies,Surat,,mid,analyst,2026-08-07
5831402619,Business Analyst,ASM Technologies,Chandigarh,,mid,analyst,2026-08-07
5832799305,Business Analyst,Ebizon Net Info,Delhi NCR,,mid,analyst,2026-08-08
5839225641,Business Analyst,Foray Software Private Limited,Bengaluru,,mid,analyst,2026-08-13
5839221883,Business Analyst,Sun Dew Solutions Private Limited,Kolkata,,mid,analyst,2026-08-13
5829200282,Business Analyst,University Living,Delhi NCR,,mid,analyst,2026-08-05
5841130770,Business Analyst,Laminaar Aviation Infotech India,Bengaluru,,mid,analyst,2026-08-14
5848360536,Business Analyst,Ralliant,Unspecified,,mid,analyst,2026-08-19
5850380216,Business Analyst,Indus Towers,Other,,mid,analyst,2026-08-21
5839225581,Business Analyst,Foray Software Private Limited,Bengaluru,,mid,analyst,2026-08-13
5850375877,Business Analyst,Weir,Bengaluru,,mid,analyst,2026-08-21
5897295895,Senior Systems Analyst (.NET / SQL Server / Power BI),Applix,Unspecified,,senior,analyst,2026-09-25
5898126657,Data Science Specialist,Publicis Global Delivery ,Bengaluru,,mid,data_science,2026-09-25
2449398381,SQL DB Dev Analyst,HireMindz- Signio GlobalTech Pvt Ltd,Delhi NCR,1250000.0,mid,analyst,2021-09-11
5883754094,SQL Developer - Sr Analyst,Mitsubishi UFJ Financial Group,Unspecified,,senior,analyst,2026-09-14
5897949512,Data Analysis Analyst SQL,Citigroup,Unspecified,,mid,analyst,2026-09-25
2817863121,SQL DBA - Trainee analyst/engineer,Semperfi Solution,Bengaluru,450000.0,junior,analyst,2022-01-16
5854846837,Data Analyst SQL Hybrid Working,NucleusTeq,Other,,mid,analyst,2026-08-25
5899326437,Unix SQL Application Support Analyst,Citigroup,Pune,,mid,analyst,2026-09-26
5492762351,Business Analyst with SQL & Banking Domain,Fragma Data Systems,Bengaluru,1250000.0,mid,analyst,2025-11-13
5897949485,Business Analytics Analyst with SQL and Python,Citigroup,Bengaluru,,mid,analyst,2026-09-25
5887521034,"Senior Data Analyst - SQL, BI Reporting & SAP BW",Unison Group,Bengaluru,,senior,analyst,2026-09-17
5887521051,"Senior Data Analyst - SQL, BI Reporting & SAP BW",Unison Group,Hyderabad,,senior,analyst,2026-09-17
5861792671,Analyst - Knowledge Services,Infosys BPM Limited,Bengaluru,,mid,analyst,2026-08-30
5861956149,Product Developer Analyst - Python & SQL - Officer,Citigroup,Mumbai,,mid,analyst,2026-08-30
5876717781,"Marketing Analytics Analyst - Python, SQL and Machine Learning",Citigroup,Pune,,mid,data_science,2026-09-09
5850370916,Senior Management Expert-SQL,Yash Technologies Private Limited,Bengaluru,,senior,other,2026-08-21
2635526475,Business Analyst (Banking Domain|SQL|Excel),Fragma Data Systems,Bengaluru,1800000.0,mid,analyst,2021-11-12
5859124355,Analyst Developer - Dot Net  SQL,FNZ Group,Delhi NCR,,mid,analyst,2026-08-28
1307374340,Senior Analyst Programmer for SQL Server/C# Developer,https://www.bluesquaresolutions.tech,Hyderabad,600000.0,senior,analyst,2019-10-22
5851860870,"Investment Risk Analyst (CFA / FRM , SQL , Python )",Franklin Templeton,Hyderabad,,mid,analyst,2026-08-22
5893831377,BI & MIS ANALYST – POWER BI & SQL EXPERT,Adam&EveInc,Coimbatore,,mid,analyst,2026-09-22
4751737597,BI Visualization & Reporting Analyst I - Tableau & SQL,Bristol Myers Squibb,Hyderabad,,mid,analyst,2024-06-25
5893057354,"Deloitte- Data Anlayst,Python SQL",Trigent Software Private Limited,Unspecified,2350000.0,mid,other,2026-09-21
3949357015,Informatica Cloud-IICS,People First Consultants,Chennai,800000.0,mid,other,2023-03-01
5859121617,Sr. Technical Analyst / Architect,Toppan Merrill,Chennai,,senior,analyst,2026-08-28
5519396283,Senior Business Analyst,EXL,Unspecified,,senior,analyst,2025-11-29
5881148812,"Technical Business Analyst – VisionPLUS, Cards & Payments, SQL",Synechron,Unspecified,,mid,analyst,2026-09-12
4734233591,MS Senior Systems Analyst,Mindpool Technologies,Pune,,senior,analyst,2024-06-13
5893995758,"Techanical Business Analyst - (SAP BW, Python, SQL, Power BI)",Unison Group,Unspecified,,mid,analyst,2026-09-22
5861792575,Tech BA,Talodyn Networks Private Limited,Mumbai,,mid,other,2026-08-30
5854469116,"Investment Risk Analyst (CFA/FRM, SQL, Power BI, Python)",Franklin Templeton,Hyderabad,,mid,analyst,2026-08-24
4514376343,Growth Analyst,Qrata,Bengaluru,1250000.0,mid,analyst,2024-01-07
2921029105,Data Analyst - Health Care domain,Fragma Data Systems,Bengaluru,1275000.0,mid,analyst,2022-02-24
5453609209,1970755-Assistant Manager,EXL,Unspecified,,senior,other,2025-10-18
5294954927,Product Analyst,Multi Recruit,Bengaluru,1375000.0,mid,analyst,2025-07-10
4052660747,SQL Developer,Angel One,Unspecified,750000.0,mid,other,2023-04-21
5879144848,Technical Business Analysis,NuSummit Technologies,Pune,,mid,other,2026-09-11
5474670406,Senior Associate,PricewaterhouseCoopers,Bhopal,,senior,other,2025-11-01
5861792579,Data Scientist,Talodyn Networks Private Limited,Bengaluru,,mid,data_science,2026-08-30
5351820571,DBT  SQL,Wissen Technology,Bengaluru,,mid,other,2025-08-14
5808699272,Data Analyst Data Scientist Python SQL Power BI Machine Learning,Sanket Rathod Collectives,Unspecified,,mid,data_science,2026-07-21
5831395955,Software Developer and Data Analyst (UG Freshers),Workfreaks Business Services Private Limited,Other,,mid,analyst,2026-08-07
5831395929,Software Developer and Data Analyst (UG Freshers),Workfreaks Business Services Private Limited,Chennai,,mid,analyst,2026-08-07
5862954194,"Analyst 4, Data Analytics [Senior HR Data Analyst (8 years ) SQL , Data visualization ,Analytics ,Tableau/ Power BI]",Western Digital,Bengaluru,,senior,analyst,2026-08-31
5856197181,Healthcare_ Data Analyst_Q2,Infosys Limited,Bengaluru,,mid,analyst,2026-08-26
5859124622,Product Analyst,ProofHub,Chandigarh,,mid,analyst,2026-08-28
4898422330,ETL Tester,Pluginlive,Hyderabad,1100000.0,mid,data_engineering,2024-10-11
5834758220,"Associate Data Analyst – Looker, PowerBI, DAX, SQL, Python, R, SSAS, C#, .NET, GCP",UPS,Unspecified,,junior,analyst,2026-08-09
5504383531,"Associate Data Analyst - Looker, PowerBI, DAX, SQL, Python, R, SSAS, C#, .NET, GCP",UPS,Chennai,,junior,analyst,2025-11-20
5504383516,"Associate Data Analyst - Looker, PowerBI, DAX, SQL, Python, R, SSAS, C#, .NET, GCP",UPS,Chennai,,junior,analyst,2025-11-20
5120362348,Data Engineer - Data Warehousing,BackToIndia,Unspecified,,mid,data_engineering,2025-04-01
5831401223,SQL Database Developer,Vois,Pune,,mid,other,2026-08-07
5801700591,Analyst,eClerx,Chandigarh,,mid,analyst,2026-07-16
5831406237,Senior SAP Consultant,ARTECH INFOSYSTEMS PRIVATE LIMITED,Bengaluru,,senior,other,2026-08-07
5840391122,Business Intelligence Analyst (Hotel Revenue Data),Amex,Unspecified,,mid,analyst,2026-08-13
5537465428,Lead II - Business Analysis,Peak Hire Solutions,Bengaluru,1750000.0,senior,other,2025-12-11
5860806898,Senior Financial Analytics Analyst,Burns & McDonnell,Mumbai,,senior,analyst,2026-08-29
5672223893,Senior Analyst,eClerx,Pune,,senior,analyst,2026-03-20
5839224653,Jr. Developer/Developer,Tmf Group,Bengaluru,,junior,other,2026-08-13
5876944778,Middle Financial BI Analyst,WhiteBIT,Unspecified,,mid,analyst,2026-09-09
5888672698,Business Analyst - Banking at Compunet Connections,Compunet Connections,Unspecified,1650000.0,mid,analyst,2026-09-18
5897044568,Data Engineer - R01571442,Brillio,Bengaluru,,mid,data_engineering,2026-09-24
5453607889,4423236-Lead Assistant Manager,EXL,Delhi NCR,,senior,other,2025-10-18
5850376477,Lead Product Analyst,Inmobi,Bengaluru,,senior,analyst,2026-08-21
5893011567,Analytics Manager,Lokal App,Bengaluru,,senior,analyst,2026-09-21
5871519359,Data Quality Specialist,Orange Business,Delhi NCR,,mid,other,2026-09-05
5875747376,Business Analyst - Content & Document Management,Gainwell Technologies LLC,Bengaluru,,mid,analyst,2026-09-08
5761756427,Decision Analyst,Barclays,Unspecified,,mid,analyst,2026-06-13
5866922336,ETL Test Automation Engineer,Weekday AI,Bengaluru,,mid,data_engineering,2026-09-02
5879141424,Sr IPG Reporting Analyst,ICON plc,Chennai,,senior,analyst,2026-09-11
5819886214,Manager,Bank of America,Mumbai,,senior,other,2026-07-29
5716191188,Product Analyst (m/f/d),Kayzen,Unspecified,,mid,analyst,2026-05-02
5889530417,Product Lead,Broadridge,Unspecified,,senior,other,2026-09-18
5897051489,FabricPysparkSQL - Manager,PricewaterhouseCoopers,Unspecified,,senior,other,2026-09-24
5809895479,Manager,Bank of America,Unspecified,,senior,other,2026-07-22
5875288728,"Senior Developer, Account Analytics Development",Epsilon,Bengaluru,,senior,analyst,2026-09-08
5899836183,Senior Manager,Bank of America,Mumbai,,senior,other,2026-09-26
5872104482,Risk Analyst - Strategy & Capabilities,Toast,Bengaluru,,mid,analyst,2026-09-05
5901134587,"Lead, Finance Application Analyst-Tagetik",Schneider Electric,Bengaluru,,senior,analyst,2026-09-28
5875288727,Manager Account Analytics,Epsilon,Bengaluru,,senior,analyst,2026-09-08
5899856556,Data Engineer,Crowe,Hyderabad,,mid,data_engineering,2026-09-26
5863914376,"Sr Manager, Data Operations & Management",McDonalds in India,Hyderabad,,senior,other,2026-09-01
5889501841,Sales Operations & AI Business Intelligence Manager,SOTIIND SOTI India Private,Delhi NCR,,senior,data_science,2026-09-18
5897946119,"Consultant, Application Development",CIBC India,Hyderabad,,mid,other,2026-09-25
5819378736,Manager,Bank of America,Mumbai,,senior,other,2026-07-29
5810418909,Manager,Bank of America,Unspecified,,senior,other,2026-07-22
5839580371,Manager,Bank of America,Mumbai,,senior,other,2026-08-13
5879360360,Senior Manager Application Development,CIBC India,Hyderabad,,senior,other,2026-09-11
5895599833,Power BI,Tech Mahindra,Hyderabad,,mid,bi,2026-09-24
5864439178,Power BI Engineer,BPMLinks,Hyderabad,,mid,bi,2026-09-01
5889213063,Power BI Expert,EXL,Unspecified,,mid,bi,2026-09-18
5898127080,Power BI with Vermilion Report Specialist,Tata Consultancy Services,Delhi NCR,,mid,bi,2026-09-25
5870857129,Power BI Consultant - Data Analytics,Nexer Group,Unspecified,,mid,analyst,2026-09-04
5837138756,Solution Architect – Power BI Migration (Tenant-to-Tenant),Kyndryl,Bengaluru,,senior,bi,2026-08-12
5887061019,Senior BI Analyst - Power BI & Commercial Analytics,TE Connectivity,Bengaluru,,senior,analyst,2026-09-17
5837138934,Senior Technical Consultant – Shift Lead (Power BI Tenant Migration),Kyndryl,Bengaluru,,senior,bi,2026-08-12
5879658123,"Power BI Developer (ETL Pipeline,SSRS,Pyspark,Banking Domain is mandate) - 5 YOE for Chennai Location - Immediate - 30 Days joiners",ValueLabs,Bengaluru,,mid,data_engineering,2026-09-11
5876871725,Data Engineer,Latinem Private Limited,Hyderabad,,mid,data_engineering,2026-09-09
5889213703,Lead Data Engineer,Kanerika Inc,Hyderabad,,senior,data_engineering,2026-09-18
5880062767,Fabric Data Engineer,GyanSys Inc.,Bengaluru,,mid,data_engineering,2026-09-12
5899512418,Planview Administrator,enGen Global,Hyderabad,,mid,other,2026-09-26
5876871735,Quality Consultant - Metrics Council,Tech Mahindra,Unspecified,,mid,other,2026-09-09
5901133116,Financial Planning and Analysis Specialist,Saras Analytics,Hyderabad,,mid,other,2026-09-28
5879670938,Azure Data Engineer,Tata Consultancy Services,Bengaluru,,mid,data_engineering,2026-09-11
5857982525,SharePoint/O365 Platform Engineer,Aristocrat,Delhi NCR,,mid,other,2026-08-27
5857982653,SharePoint/O365 Platform Engineer,Aristocrat,Unspecified,,mid,other,2026-08-27
5898127701,Data Engineer,SoftEdge,Unspecified,,mid,data_engineering,2026-09-25
5838614310,BA Automation Specialist - Mumbai,Capco,Mumbai,,mid,other,2026-08-12
5854537760,Lead - Endpoint Analytics & Governance,Standard Chartered Bank,Chennai,,senior,analyst,2026-08-25
5889682538,Senior Reporting Analyst,Korn Ferry,Bengaluru,,senior,analyst,2026-09-18
5898129540,Tower Lead,Tata Consultancy Services,Chennai,,senior,other,2026-09-25
5889220779,Lead Data Engineer,Kanerika Inc,Indore,,senior,data_engineering,2026-09-18
5891977264,Data Analytics Trainer,HCLTech,Delhi NCR,,mid,analyst,2026-09-20
5891689742,Sr. Executive – Data Analytics | International Business,Ajanta Pharma Ltd,Mumbai,,senior,analyst,2026-09-20
5891981423,Senior Associate - Data Analytics,Grant Thornton INDUS,Hyderabad,,senior,analyst,2026-09-20
5900875260,Data Engineer,Tata Consultancy Services,Bengaluru,,mid,data_engineering,2026-09-28
5882857542,Technical Project Manager,Datamatics,Mumbai,,senior,other,2026-09-14
5895239602,Data Engineer,ACL Digital,Bengaluru,,mid,data_engineering,2026-09-23
5879668382,SAS PROGRAMMER,IQVIA,Unspecified,,mid,other,2026-09-11
5895599601,Finance Associate,Infosys,Bengaluru,,junior,other,2026-09-24
5891691584,CRM Technical / Dynamics 365 CE Support Engineer,Gokool Digital,Hyderabad,,mid,other,2026-09-20
5891693175,Management Information System Executive,TAMRON India,Unspecified,,mid,other,2026-09-20
5897295898,Storage & Server - Capacity Management Infrastructure Engineer,Kotak Mahindra Bank,Mumbai,,mid,other,2026-09-25
5895030114,Data Platforms Technical Support Manager,Waters Corporation,Bengaluru,,senior,other,2026-09-23
5889222167,BI & Analytics Engineer,Zodiac Maritime,Unspecified,,mid,analyst,2026-09-18
5870860222,Power Platform,Cognizant,Unspecified,,mid,other,2026-09-04
5879658722,Azure Data Engineer_ Bangalore/Chennai/hyd/pune/mumbai_7 to 12 yrs,Tata Consultancy Services,Bengaluru,,mid,data_engineering,2026-09-11
5874134642,Data Engineer,TalentBridge,Unspecified,,mid,data_engineering,2026-09-07
5871992856,System Administrator,Tata Consultancy Services,Mumbai,,mid,other,2026-09-05
5890613525,Data Engineer (MS Access),EXL,Unspecified,,mid,data_engineering,2026-09-19
5889676145,Campaign Specialist,Livspace,Bengaluru,,mid,other,2026-09-18
5884157828,Cybersecurity Business Intelligence & Analytics Lead,Mizuho,Unspecified,,senior,analyst,2026-09-15
5890897256,Application Support,UST,Bengaluru,,mid,other,2026-09-19
5871992075,Chartered Accountant,Adani Ports and SEZ,Ahmedabad,,mid,other,2026-09-05
5867222176,Senior Data Scientist,MathCo,Unspecified,,senior,data_science,2026-09-02
5891694687,Technical Writer,Yotta Data Services Private Limited,Delhi NCR,,mid,other,2026-09-20
5870527480,PharmacistClinical Research Coordinator,VSR healthcare private limited,Hyderabad,,mid,other,2026-09-04
5886610381,MSD Power Platform,Tata Consultancy Services,Hyderabad,,mid,other,2026-09-17
5898126561,Senior Data Engineer,Calfus Inc.,Unspecified,,senior,data_engineering,2026-09-25
5871991977,Senior Project Controller,Sweco,Bengaluru,,senior,other,2026-09-05
5864426143,Application Support Engineer,Checkpoint Systems,Bengaluru,,mid,other,2026-09-01
5886097880,Data Engineer,Allegis Global Solutions,Unspecified,,mid,data_engineering,2026-09-16
5896613510,Azure Fabric Data Engineer,Tata Consultancy Services,Bengaluru,,mid,data_engineering,2026-09-24
5879665018,Application Support Engineer,UST,Bengaluru,,mid,other,2026-09-11
5899510265,Azure Data Engineer with Databricks & DLT,IBM,Bengaluru,,mid,data_engineering,2026-09-26
5851435816,Associate Finance Controller - FP&A,Danaher,Bengaluru,,junior,other,2026-08-22
5886486847,Data Architect,Thermo Fisher Scientific,Hyderabad,,senior,other,2026-09-16
5900876224,Lead Data Engineer- MS Fabric,ValueMomentum,Hyderabad,,senior,data_engineering,2026-09-28
5895238796,Senior Data Consultant,JMAN Group,Chennai,,senior,other,2026-09-23
5898263310,Group Head - Int Finance CoE,Novartis,Unspecified,,senior,other,2026-09-25
5886093912,Sr. Associate Cost Accountant,Valueonshore  Advisors,Unspecified,,senior,other,2026-09-16
5868153921,(REMOTE) OCI  FinOps  Hosting,Radiant Digital,Unspecified,,mid,other,2026-09-03
5897296171,Asset Management Analyst,Giant Eagle GCC,Bengaluru,,mid,analyst,2026-09-25
5901137631,IFS Technical Specialist (India),Outsourced,Ahmedabad,,mid,other,2026-09-28
5864438981,Data Scientist | 5 Years | Any UST Location | Immediate Joiner,UST,Bengaluru,,mid,data_science,2026-09-01
5891689539,DGM–Control Assurance,UNISON INTERNATIONAL CONSULTING ,Unspecified,,mid,other,2026-09-20
5803594593,Financial Planning and Analysis Specialist,Manufacturing Company Height Access,Delhi NCR,,mid,other,2026-07-17
5895240378,Microsoft Fabric Data Engineer | Noida,TECEZE,Delhi NCR,,mid,data_engineering,2026-09-23
5880069388,Analytics Delivery Lead,Greaves Electric Mobility,Bengaluru,,senior,analyst,2026-09-12
5890895823,Senior Data Scientist,Talentmatics,Unspecified,,senior,data_science,2026-09-19
5873278265,Tools Administrator,Tata Elxsi,Unspecified,,mid,other,2026-09-07
5893929986,MIS Reporting Analyst,Tata Advanced Systems Limited,Bengaluru,,mid,analyst,2026-09-22
5895030961,Data Modeler,"Sky Systems, Inc. ",Hyderabad,,mid,other,2026-09-23
5873277736,TCS Mega Walk-In Drive | Data Scientist | 19 Sep 2026,Tata Consultancy Services,Bengaluru,,mid,data_science,2026-09-07
5886092373,Lead Azure Data Engineer (5 locations),Tata Consultancy Services,Bengaluru,,senior,data_engineering,2026-09-16
5900876667,Azure Data Engineer | Bangalore | 5 Yrs,Innova ESI,Bengaluru,,mid,data_engineering,2026-09-28
5898126538,Senior Data Engineer,JMAN Group,Chennai,,senior,data_engineering,2026-09-25
5898128987,Data Governance Lead (Microsoft Purview),TalentXO,Hyderabad,,senior,other,2026-09-25
5868793045,Treasury Operations Manager,ETG,Unspecified,,senior,other,2026-09-03
5890611864,SCM Associate - Audit & Compliance,CAVITAK,Ahmedabad,,junior,other,2026-09-19
5870693503,"Associate Director, Governance & Operations",Novartis,Unspecified,,senior,other,2026-09-04
5870527516,Assistant Professor of Decision Science,GLA University,Other,,mid,other,2026-09-04
5887061491,Channel Order Management & Analytics Leader (Manager).,TE Connectivity,Bengaluru,,senior,analyst,2026-09-17
5854537858,Internal Audit Assistant Manager - Data Analytics,Reckitt,Hyderabad,,senior,analyst,2026-08-25
5785772853,Accounting and Reporting Analyst_P2P,ABB,Bengaluru,,mid,analyst,2026-07-03
5837139034,People Business Coordinator,Cornerstone OnDemand,Hyderabad,,mid,other,2026-08-12
5897683531,Digital Platform Operation Specialist,ABB,Bengaluru,,mid,other,2026-09-25
5894224956,Supply Chain COE Capability Lead Role,Biocon Biologics,Bengaluru,,senior,other,2026-09-22
5880062184,Data Engineering Lead,Biocon Biologics,Bengaluru,,senior,data_engineering,2026-09-12
5901137355,"Data Governance Lead – Microsoft Purview (7 yrs Data Governance, 3 yrs Microsoft Purview)",RBST Consulting,Hyderabad,,senior,other,2026-09-28
5879657805,Azure Data Engineer,Tata Consultancy Services,Bengaluru,,mid,data_engineering,2026-09-11
5889682509,Senior Revenue Operations Analyst,Zywave,Unspecified,,senior,analyst,2026-09-18
5895240337,GRC Configuration Specialist with SAI360 _ Exp: 7Years (Hybrid Model),Atyeti Inc,Unspecified,,mid,other,2026-09-23
5876870800,Manager - Payroll & Master Data Management,AB InBev GCC India,Bengaluru,,senior,other,2026-09-09
5882853438,Lead AI and Analytics Engineer,HP,Bengaluru,,senior,data_science,2026-09-14
5857982568,Data Engineer,HP,Bengaluru,,mid,data_engineering,2026-08-27
5890717286,Sales Operations Analyst II,Thermo Fisher Scientific,Bengaluru,,mid,analyst,2026-09-19
5882593749,RPA UiPath Support Engineer,Accelirate Inc.,Unspecified,,mid,other,2026-09-13
5895599594,"Subject Matter Expert (SME) – Python, Artificial Intelligence, Data Science & Business Analytics | Job Type: Full-Time | Location: Sasaram, Bihar (120 km from Varanasi)",Cognitel,Other,,mid,data_science,2026-09-24
5889223848,Senior Engineer / Lead - Quality Engineering,Tiger Analytics,Bengaluru,,senior,other,2026-09-18
5864428240,Executive Assistant,AppZen,Unspecified,,mid,other,2026-09-01
5889214468,Senior Data Engineer,Azilen Technologies,Ahmedabad,,senior,data_engineering,2026-09-18
5890612504,GCP Project Manager,Tech Mahindra,Mumbai,,senior,other,2026-09-19
5897296062,Head of Business Development & Strategy,Xander America Inc,Hyderabad,,senior,other,2026-09-25
5868793489,Sales Accounts Manager,Tata Electronics,Unspecified,,senior,other,2026-09-03
1167086089,Power BI,Pluto Seven Business Solutions Pvt Ltd,Bengaluru,200000.0,mid,bi,2019-05-31
5856196456,Power Bi,Infosys Limited,Bengaluru,,mid,bi,2026-08-26
5860965380,power BI,NAM Info Pvt Ltd,Bengaluru,900000.0,mid,bi,2026-08-29
5859117651,Power BI,Onward Technologies Limited,Pune,,mid,bi,2026-08-28
5899328306,Power BI,"NTT America, Inc.",Delhi NCR,,mid,bi,2026-09-26
5887061092,Senior Data Engineer - BI Data Products & Databricks (Channel),TE Connectivity,Bengaluru,,senior,data_engineering,2026-09-17
5893961324,Cloud Ops Financial Manager,Kraft Heinz,Bengaluru,,senior,other,2026-09-22
5846723028,Data and Reporting Engineer (PSI),Danaher,Bengaluru,,mid,analyst,2026-08-18
5884159045,Microsoft Dynamics 365 Field Service- Functional Consultant,BDO India,Delhi NCR,,mid,other,2026-09-15
5899510629,Senior Analyst - FP&A,Alstom,Bengaluru,,senior,analyst,2026-09-26
5886608026,Assistant Manager- HR Analytics,Godrej Industries Group,Unspecified,,senior,analyst,2026-09-17
5864440404,Manager - Analytics,MSI Services Pvt Ltd,Bengaluru,,senior,analyst,2026-09-01
5898128686,Manager Project Management Office,Gapblue Software Labs Pvt Ltd,Kochi,,senior,other,2026-09-25
5900616474,Operational Excellence Manager – Steel & Power. Lean Six Sigma Black Belt,TalentQuell,Other,,senior,other,2026-09-27
5867717263,Data Science Manager,Dentsu Global Services,Bengaluru,,senior,data_science,2026-09-03
5890607422,Senior Analyst,eClerx,Unspecified,,senior,analyst,2026-09-19
5874134575,Senior Data Engineer,ValueLabs,Hyderabad,,senior,data_engineering,2026-09-07
5880068122,Manager – MIS & Analytics,ICICI Lombard,Mumbai,,senior,analyst,2026-09-12
5889684595,Market Intelligence Analyst,Indegene,Bengaluru,,mid,analyst,2026-09-18
5880071001,Project Specialist,AVASO Technology Solutions,Unspecified,,mid,other,2026-09-12
5886486688,Asst Manager - FP&A,Thermo Fisher Scientific,Mumbai,,senior,other,2026-09-16
5881876771,Senior Data Steward,Kraft Heinz,Bengaluru,,senior,other,2026-09-13
5893961400,Executive-HR Operations-Reporting,Reckitt,Hyderabad,,mid,analyst,2026-09-22
5897683543,SUPV II CUSTOMER SERVICE,TE Connectivity,Pune,,mid,other,2026-09-25
5897683556,SUPV II SUPPLY CHAIN,TE Connectivity,Pune,,mid,other,2026-09-25
5880951332,Manager,GJEPC India ,Mumbai,,senior,other,2026-09-12
5880068121,Principal Data Engineer,InfoVision Inc.,Bengaluru,,senior,data_engineering,2026-09-12
5890612163,Senior Sap Finance Consultant,RED Global,Unspecified,,senior,other,2026-09-19
5880952021,Technical Account Manager (Program Management / Product Delivery),Anoud Technologies LLC,Unspecified,,senior,other,2026-09-12
5891690592,Data Analytics Instructor,SkilloVilla,Bengaluru,,mid,analyst,2026-09-20
5895030965,Azure Data Engineer - Scalable systems - Hyderabad - WFO,datavruti,Hyderabad,,mid,data_engineering,2026-09-23
5860972461,Vice President - Management & Director’s Office,Anand Rathi Share and Stock Brokers Ltd,Mumbai,,senior,other,2026-08-29
5868794011,MSD AX 2012 Technical Consultant,Tata Consultancy Services,Bengaluru,,mid,other,2026-09-03
5889220854,Project Manager,Rotex Automation Limited,Vadodara,,senior,other,2026-09-18
5837139278,Associate Director - Marketing Data,Kyndryl,Bengaluru,,senior,other,2026-08-12
5837139063,"Sr. Assoc, Prod Specialist - MSD, WRB Tech",Standard Chartered Bank,Chennai,,senior,other,2026-08-12
5898262347,Dir-Data Specialist,Moody's,Bengaluru,,mid,other,2026-09-25
5872265837,DGM - Analytics and Master Data (GCC),Alkem Laboratories Ltd.,Mumbai,,mid,analyst,2026-09-06
5876872863,MIS Executive,Advantmed India LLP,Ahmedabad,,mid,other,2026-09-09
5879659290,Senior Data Engineer (Managed Services),Coeo,Hyderabad,,senior,data_engineering,2026-09-11
5899975869,"Director – Data, Analytics & AI – India GCC [T500-29655]",ADM,Bengaluru,,senior,data_science,2026-09-27
5897873686,OneStream System Finance Systems Specialist,Dark Matter Technologies,Unspecified,,mid,other,2026-09-25
5886609803,Data Visualization Specialist (Remote),Quik Hire Staffing,Unspecified,,mid,other,2026-09-17
5871993055,Territory Manager,JSW Steel,Mumbai,,senior,other,2026-09-05
5900875121,Hiring SAP Native HANA XSA Consultants,HGS,Hyderabad,,mid,other,2026-09-28
5864423149,Director- Data Analytics,Anaptyss,Delhi NCR,,senior,analyst,2026-09-01
5879667537,Lead Data Engineer,Advantmed,Ahmedabad,,senior,data_engineering,2026-09-11
5895239425,Vice President – Private Equity Fund Accounting,Avensys Consulting,Bengaluru,,mid,other,2026-09-23
5889684410,Senior Finance Associate,Coats,Other,,senior,other,2026-09-18
5867716138,Principal Data Engineer,Anblicks,Hyderabad,,senior,data_engineering,2026-09-03
5897294948,Accounts Payable Manager,Deloitte,Mumbai,,senior,other,2026-09-25
5893929927,Data Engineer,Tata Consultancy Services,Unspecified,,mid,data_engineering,2026-09-22
5884159218,Customer Care Lead,ZEISS India,Chennai,,senior,other,2026-09-15
5884160520,PostgreSQL,Tata Consultancy Services,Hyderabad,,mid,other,2026-09-15
5884158916,Customer Care Lead,ZEISS India,Delhi NCR,,senior,other,2026-09-15
5877450605,Manager - Analytics & Data Science,Dentsu Global Services,Bengaluru,,senior,data_science,2026-09-10
5869559139,Automation Engineer,ValueLabs,Hyderabad,,mid,other,2026-09-04
5854472125,Power BI Developer,Weekday AI,Unspecified,,mid,bi,2026-08-24
5856830118,Power BI Lead,Weekday AI,Unspecified,,senior,bi,2026-08-26
5878716502,Power BI Developer,Vertoz,Mumbai,,mid,bi,2026-09-10
5644868402,Power BI Developer,Exsilio Solutions,Ahmedabad,,mid,bi,2026-02-25
5877488792,Power BI Developer,Navsoft,Mumbai,,mid,bi,2026-09-10
5890906522,Power BI Lead,Acme Services Private Limited,Mumbai,1950000.0,senior,bi,2026-09-19
5895599597,PPM Specialist,Solvex Solutions,Unspecified,,mid,other,2026-09-24
5838614026,"Compensation Manager, Compensation Analytics & Equity",Criteo,Delhi NCR,,senior,analyst,2026-08-12
5846723016,"Analyst III, Category Insights & Analytics",Kraft Heinz,Bengaluru,,mid,analyst,2026-08-18
5897683527,Operations Financial Specialist,ABB,Bengaluru,,mid,other,2026-09-25
5873074745,Director Business Finance,Benow,Mumbai,,senior,other,2026-09-06
5879661010,Project Coordinator,AVASO Technology Solutions,Unspecified,,mid,other,2026-09-11
5867716130,Data Engineering Lead,Calfus Inc.,Bengaluru,,senior,data_engineering,2026-09-03
5881759755,Senior Manager / AVP - Analytics and Insights,EXL,Unspecified,,senior,analyst,2026-09-13
5873074636,Head of Customer Experience,Talks About People HR Solutions,Bengaluru,,senior,other,2026-09-06
5898127586,Data Scientist,Eucloid Data Solutions,Chennai,,mid,data_science,2026-09-25
5890611790,Associate - Instock Analyst,Myntra,Bengaluru,,junior,analyst,2026-09-19
5879666454,"Lead – Data, AI & PMO",Greaves Electric Mobility,Bengaluru,,senior,data_science,2026-09-11
5231502684,Power BI Lead,InfoBeans,Pune,2000000.0,senior,bi,2025-06-04
5727268450,Power BI Specialist,Career Creed HR Services,Delhi NCR,600000.0,mid,bi,2026-05-13
5851857358,Power Bi Architect,Axtria India Private Limited,Bengaluru,,senior,bi,2026-08-22
5656044143,Power BI Developer,Tops Infosolutions,Ahmedabad,1100000.0,mid,bi,2026-03-06
5866915431,Power BI Architect,Ampera Technologies,Chennai,,senior,bi,2026-09-02
5851857357,Power BI Architect,Axtria India Private Limited,Delhi NCR,,senior,bi,2026-08-22
5894590299,Power Bi Admin,Infosys,Unspecified,,mid,bi,2026-09-23
4493479741,Power BI Developer,Digitalshakha,Bengaluru,650000.0,mid,bi,2023-12-23
5856197736,Power Bi Admin,Infosys Limited,Bengaluru,,mid,bi,2026-08-26
5211779148,Power Bi Developer,Wissen Technology,Mumbai,,mid,bi,2025-05-23
5850370943,Power BI Developer,Trigyn Technologies Limited,Mumbai,,mid,bi,2026-08-21
5842569858,power bi developer,Ara Resources Private Limited,Bengaluru,,mid,bi,2026-08-15
5727265062,Power BI Developer,Mantras2Success,Ahmedabad,,mid,bi,2026-05-13
3081709841,Power BI Develoepr,Accion Labs,Bengaluru,2150000.0,mid,bi,2022-04-27
5831396191,Power BI Developer,InfoBeans Systems India Private Limited,Pune,,mid,bi,2026-08-07
2635526436,Power BI Developer,Fragma Data Systems,Bengaluru,1250000.0,mid,bi,2021-11-12
5042641459,Power Bi Developer,Affine,Delhi NCR,,mid,bi,2025-02-08
5675800320,Power BI Developer,Peak Hire Solutions,Bengaluru,1550000.0,mid,bi,2026-03-23
5850380253,Power BI Developer,Kanerika Software,Hyderabad,,mid,bi,2026-08-21
1950335410,Power BI Developer,DaAS Labs,Delhi NCR,500000.0,mid,bi,2021-01-23
5886362862,Power BI Developer,WSP,Delhi NCR,,mid,bi,2026-09-16
5856197104,Power BI Admin,Infosys Limited,Hyderabad,,mid,bi,2026-08-26
5856197653,Power BI Admin,Infosys Limited,Bengaluru,,mid,bi,2026-08-26
5743192939,Power BI developer,Solutionec Private Limited,Bengaluru,450000.0,mid,bi,2026-05-28
2921029463,AAS Power BI,Fragma Data Systems,Bengaluru,1050000.0,mid,bi,2022-02-24
5854880431,power BI Developer,Apex 2000,Hyderabad,,mid,bi,2026-08-25
5877943310,Power BI Developer,Axis My India Limited,Mumbai,,mid,bi,2026-09-10
5832798140,Power BI Expert,Milestone Online Technology,Kochi,,mid,bi,2026-08-08
5861795573,Power Bi Developer,COTIVITI,Hyderabad,,mid,bi,2026-08-30
5856197172,Power Bi Admin,Infosys Limited,Bengaluru,,mid,bi,2026-08-26
2503351943,Power BI Developer,Mobile Programming India Pvt Ltd,Pune,1400000.0,mid,bi,2021-09-30
5877842293,Power BI developer,Cybage Software Private Limited,Pune,,mid,bi,2026-09-10
5879148829,Power BI Developer,Aditi Tech Consulting Private Limited,Chennai,,mid,bi,2026-09-11
5857745891,Power BI Developer,Som Imaging Informatics,Kolkata,,mid,bi,2026-08-27
5883489729,Power BI Specialist,Prose on Pixels,Chennai,,mid,bi,2026-09-14
5897924782,Specialist - Power BI,"Magna International, Inc",Bengaluru,,mid,bi,2026-09-25
5834761597,Power BI Developer,AB InBev India,Unspecified,,mid,bi,2026-08-09
5300337913,Power BI Developer,Risosu Consulting LLP,Mumbai,1000000.0,mid,bi,2025-07-13
5831395728,Power BI Developer,Whisk Software Private Limited,Delhi NCR,,mid,bi,2026-08-07
5885975067,Power BI Admin,Infosys,Hyderabad,,mid,bi,2026-09-16
5836575984,Power BI Developer,NAM Info Pvt Ltd,Pune,400000.0,mid,bi,2026-08-11
5871276026,Power BI Lead,R Systems International,Pune,,senior,bi,2026-09-05
5204266074,Power BI Developer,Topcoder,Unspecified,,mid,bi,2025-05-18
5211779168,Power Bi Developer,Wissen Technology,Bengaluru,,mid,bi,2025-05-23
4344578235,Power BI Developer,Jobdost,Bengaluru,2000000.0,mid,bi,2023-10-02
5818254513,Power BI Developer,LogIQ Labs Pvt.Ltd.,Unspecified,1000000.0,mid,bi,2026-07-28
5681611719,Power BI Developer,Topcoder,Delhi NCR,,mid,bi,2026-03-29
5887230044,Power BI Developer,WSP USA,Bengaluru,,mid,bi,2026-09-17
5887230062,Power BI Developer,WSP USA,Delhi NCR,,mid,bi,2026-09-17
5885975195,Power BI Developer,WSP in India,Mumbai,,mid,bi,2026-09-16
5887230074,Power BI Developer,WSP USA,Mumbai,,mid,bi,2026-09-17
5879144824,Power Bi Architect,NuSummit Technologies,Mumbai,,senior,bi,2026-09-11
4344577800,Power BI Developer,Jobdost,Delhi NCR,1500000.0,mid,bi,2023-10-02
5811404272,Power BI Specialist,INTECH Process Automation,Unspecified,,mid,bi,2026-07-23
2193404141,Power BI Developer,Saviance Technologies,Delhi NCR,900000.0,mid,bi,2021-05-18
5171459160,Power Bi Developer,Gipfel & Schnell Consultings Pvt Ltd,Bengaluru,1500000.0,mid,bi,2025-05-01
3433221802,Power BI Developer,Concentrix,Mumbai,850000.0,mid,bi,2022-08-26
4386562771,Power BI Developer,Merito,Bengaluru,,mid,bi,2023-10-22
5827199900,Power BI Consultant,NEWAGE TECH SOLUTION PRIVATE LIMITED,Unspecified,,mid,bi,2026-08-04
5727088029,Power BI Writer,Highrise Solutions LLP,Pune,,mid,bi,2026-05-13
5369756037,Power BI Developer,Resources Valley,Jaipur,1100000.0,mid,bi,2025-08-27
5842589855,Power BI developer,Anblicks Solutions,Ahmedabad,,mid,bi,2026-08-15
5858380034,Power BI Developer,EXL,Unspecified,,mid,bi,2026-08-27
5856196506,Power BI Developer,Infosys Limited,Bengaluru,,mid,bi,2026-08-26
4992020297,Power BI Developer,Codvoai,Unspecified,1050000.0,mid,bi,2024-12-30
5839219834,Executive - Power BI,KPMG Assurance and Consulting Services LLP,Bengaluru,,mid,bi,2026-08-13
5449950980,Power BI Developer,Topcoder,Delhi NCR,,mid,bi,2025-10-16
5842589956,Power BI Engineer,Anblicks Solutions,Hyderabad,,mid,bi,2026-08-15
5440456441,Power BI Tableau,TIGI HR Solution Pvt. Ltd.,Bengaluru,1250000.0,mid,bi,2025-10-10
5897023330,Power BI Developer,dentsu,Unspecified,,mid,bi,2026-09-24
5795121714,"Developer, Power BI",CIBC India,Hyderabad,,mid,bi,2026-07-10
5881157167,Power BI Developer,GlobalFoundries,Unspecified,,mid,bi,2026-09-12
5895065783,Power BI Lead,Wipro,Bengaluru,,senior,bi,2026-09-23
5879664717,Microsoft 365 Architect,SISL Global,Unspecified,,senior,other,2026-09-11
4512976447,Power BI Manager,LK Consultants,Mumbai,1750000.0,senior,bi,2024-01-06
4344578063,Power BI Developer,Jobdost,Chennai,1700000.0,mid,bi,2023-10-02
5850376646,Power Bi Architect,iLink Digital,Pune,,senior,bi,2026-08-21
5875903817,HR Data Scientist (People Analytics & Automation),RWS,Bengaluru,,mid,data_science,2026-09-09
5886487315,Program Documentation Specialist I,Thermo Fisher Scientific,Bengaluru,,mid,other,2026-09-16
5897874026,ETL Tester,Kanerika Inc,Hyderabad,,mid,data_engineering,2026-09-25
5899511661,Program Manager-Virtual Events,Technofocus,Unspecified,,senior,other,2026-09-26
5894222097,Real Estate Client Solutions,CBRE India,Bengaluru,,mid,other,2026-09-22
5870859819,Finance Operations & Project Cost Control,Tata Electronics,Unspecified,,mid,other,2026-09-04
5898127525,Distribution Revenue Analyst - Hotels,Atica Global,Unspecified,,mid,analyst,2026-09-25
5895030941,Sales Consultant,The Career Lab,Bengaluru,,mid,other,2026-09-23
5897296370,Financial Services (Banking),KPMG,Bengaluru,,mid,other,2026-09-25
5895238684,Cost Control Manager,Intersnack Cashew India Private Limited,Other,,senior,other,2026-09-23
5868794832,Executive - HR Operations,Glenmark Pharmaceuticals,Mumbai,,mid,other,2026-09-03
5868794611,GCP Data Engineer,Berribot,Bengaluru,,mid,data_engineering,2026-09-03
5837139809,"IT&D Senior Analyst, Commercial",Reckitt,Hyderabad,,senior,analyst,2026-08-12
5884158237,"Officer, Data and Evaluation",Room to Read India,Other,,mid,other,2026-09-15
5867726726,Production Supervisor,ABB,Other,,mid,other,2026-09-03
5837139600,Data Quality - BCBS239,Capco,Bengaluru,,mid,other,2026-08-12
5832204983,"Analyst III, Marketing Insights",Kraft Heinz,Unspecified,,mid,analyst,2026-08-07
5896964052,Project Manager,Capco,Unspecified,,senior,other,2026-09-24
5886094451,Project Manager,Innodata Inc.,Delhi NCR,,senior,other,2026-09-16
5897294606,DS-Core Analytics,EXL,Delhi NCR,,mid,analyst,2026-09-25
5870859327,Data Scientist,Tata Consultancy Services,Unspecified,,mid,data_science,2026-09-04
5893929926,Area Sales Manager,ACG World,Mumbai,,senior,other,2026-09-22
5890613073,Technical Program Manager,ThoughtSpot,Thiruvananthapuram,,senior,other,2026-09-19
5864439284,T24 Middleware Admin (India),Thakral One,Unspecified,,mid,other,2026-09-01
5889219701,Senior Manager - Service Quality,Air India Express,Unspecified,,senior,other,2026-09-18
5876872921,Revenue Analyst,Yonder Talent India,Unspecified,,mid,analyst,2026-09-09
5879665861,Accounts Payable Specialist,Tata Electronics,Unspecified,,mid,other,2026-09-11
5898535094,Senior Data Scientist,JMAN Group,Chennai,,senior,data_science,2026-09-25
5898127308,Project Manager,ArisData,Unspecified,,senior,other,2026-09-25
5895030916,Data Engineer,Quess IT Solutions,Bengaluru,,mid,data_engineering,2026-09-23
5882598373,DGM - Change Management,Agratas – A Tata Enterprise,Ahmedabad,,mid,other,2026-09-13
5868794333,Databricks Data Engineer,Berribot,Unspecified,,mid,data_engineering,2026-09-03
5889221435,Audit Manager – Internal Audit,Tata Advanced Systems Limited,Bengaluru,,senior,other,2026-09-18
5895239537,Area Sales Manager,ACG World,Bengaluru,,senior,other,2026-09-23
5897295206,Assistant Manager - Learning Operations,BDO India,Mumbai,,senior,other,2026-09-25
5889685249,Business Intelligence Specialist,NetSysCon Consulting,Mumbai,,mid,bi,2026-09-18
5847959689,Supply Chain- Operations Transformation Lead,HP,Chennai,,senior,other,2026-08-19
5882426691,Business Intelligence Specialist,ABB,Bengaluru,,mid,bi,2026-09-13
5889709403,Data Engineering Manager,Novartis,Unspecified,,senior,data_engineering,2026-09-19
5785773115,Talent Pool -FP&A- Data Scientist / Analytics Specialist / Data & AI Specialist,ABB,Bengaluru,,mid,data_science,2026-07-03
5887061000,SR DATA SCIENTIST,TE Connectivity,Bengaluru,,senior,data_science,2026-09-17
5899377948,SR AI Analytics & Value Realization Engineer,TE Connectivity,Bengaluru,,senior,data_science,2026-09-26
5898533143,Portfolio Manager,mthree,Unspecified,,senior,other,2026-09-25
5834649757,FP&A and Program Management - Manager,Deloitte,Mumbai,,senior,other,2026-08-09
5871992635,Editorial and Learning Associate (Contract - India),LearningMate,Unspecified,,junior,other,2026-09-05
5870528313,Azure Data Engineer,Tata Consultancy Services,Unspecified,,mid,data_engineering,2026-09-04
5900876715,Project Manager- Marine,Neptunus Power,Mumbai,,senior,other,2026-09-28
5880069908,Vulnerability Management,Birlasoft,Hyderabad,,mid,other,2026-09-12
5897295900,Enterprise Data Architect,EverestDX Inc,Hyderabad,,senior,other,2026-09-25
5889216057,Oracle Cloud EPM Planning Lead,Allegis Global Solutions,Unspecified,,senior,other,2026-09-18
5889222246,Analyst Enterprise Insights,Giant Eagle GCC,Bengaluru,,mid,analyst,2026-09-18
5895240057,Technical Program Manager,Networth Corp,Bengaluru,,senior,other,2026-09-23
5895535347,Deloitte- Power BI Architect.,Trigent Software Private Limited,Unspecified,3750000.0,senior,bi,2026-09-23
5712964138,Microsoft Power BI Developer,Müller`s Solutions,Unspecified,,mid,bi,2026-04-29
4686702861,Business Analyst (Power BI),,Bengaluru,,mid,analyst,2024-05-10
5855429493,Global Senior Environmental Data Manager,Reckitt,Unspecified,,senior,other,2026-08-25
5891977121,Senior Data Specialist,Ascendion,Bengaluru,,senior,other,2026-09-20
5824124603,Lead Power BI Developer,EXL,Delhi NCR,,senior,bi,2026-08-01
5860548520,Power BI Dax Consultant,Infosys Limited,Bengaluru,,mid,bi,2026-08-29
5274165878,Senior Power BI Developer,Tops Infosolutions,Ahmedabad,1200000.0,senior,bi,2025-06-29
5314053907,Sr. Power BI Developer,Tops Infosolutions,Ahmedabad,1050000.0,senior,bi,2025-07-21
5887520990,Power BI Dashboard Developer,WillWare Technologies,Kolkata,,mid,bi,2026-09-17
5727195170,Power BI Solutions Architect,Mantras2Success,Unspecified,600000.0,senior,bi,2026-05-13
5860983532,Senior Power BI Developer,Quantorus Pvt Ltd,Unspecified,900000.0,senior,bi,2026-08-29
5879141762,Senior Power BI Developer,Reflections Info Systems,Thiruvananthapuram,,senior,bi,2026-09-11
5871273516,Technical Lead - Power Bi,Srijan,Delhi NCR,,senior,bi,2026-09-05
5784272156,Power BI Administrator / Developer,Air Distribution Technologies Careers,Pune,,mid,bi,2026-07-02
5831849417,Power BI and Microsoft Fabric,Ampera Technologies,Unspecified,1750000.0,mid,bi,2026-08-07
1714383026,Data Analyst (Power BI),Carbynetech,Hyderabad,1150000.0,mid,analyst,2020-09-20
5656020264,Senior Power BI Developer,Kavi India,Unspecified,2000000.0,senior,bi,2026-03-06
5842589859,Senior Power BI Engineer,Anblicks Solutions,Hyderabad,,senior,bi,2026-08-15
2635526470,Sr. Power BI Developer,Fragma Data Systems,Bengaluru,1150000.0,senior,bi,2021-11-12
5841942211,Senior Power BI Administrator,Kroll,Mumbai,,senior,bi,2026-08-14
5312882547,Sr. Power BI Developer,Topcoder,Delhi NCR,,senior,bi,2025-07-20
5879145963,Senior Power Bi Developer,Q2,Bengaluru,,senior,bi,2026-09-11
5860548471,Power BI Solution Architect,Infosys Limited,Bengaluru,,senior,bi,2026-08-29
5839225587,Power BI Developer - Mastek,Foray Software Private Limited,Mumbai,,mid,bi,2026-08-13
5816832719,Digitalization and Power BI Expert,Sidel Group,Pune,,mid,bi,2026-07-27
5856197165,Data Engineer with Power BI,Infosys Limited,Pune,,mid,data_engineering,2026-08-26
5874263414,Power BI Senior Engineer,SEi,Unspecified,,senior,bi,2026-09-07
5872624570,MicroStrategy / Power BI Developer,TechBiz Global GmbH,Unspecified,,mid,bi,2026-09-06
3750622509,Power BI and QlikView Developer,Manomay Consultancy Services,Hyderabad,1250000.0,mid,bi,2022-12-06
5877292513,Senior Power BI Engineer,NewVison,Unspecified,600000.0,senior,bi,2026-09-09
5879942988,Senior Power BI Engineer,NewVison,Unspecified,600000.0,senior,bi,2026-09-11
5873987936,Senior Power BI Engineer,Web Spiders,Kolkata,,senior,bi,2026-09-07
5869817113,Power BI Reports Developer,Yougov,Mumbai,,mid,bi,2026-09-04
2383302198,Scrum Master- Power BI,Asset Plus Consulting,Delhi NCR,2000000.0,mid,bi,2021-08-14
5727092020,Business Analyst (Power BI),Mancraft Consulting,Delhi NCR,500000.0,mid,analyst,2026-05-13
3248723834,Power BI Developer Lead,loyalytics consulting,Bengaluru,1150000.0,senior,bi,2022-06-22
4344578049,Power BI Oracle Developer,Jobdost,Unspecified,1400000.0,mid,bi,2023-10-02
5369756058,Oracle Power BI developer,QAgile Services,Mumbai,950000.0,mid,bi,2025-08-27
5862635702,Machine Learning Engineer - APAC,LexisNexis Legal & Professional®,Bengaluru,,mid,data_science,2026-08-31
5897683105,Team Leader,Elsevier,Chennai,,mid,other,2026-09-25
5842115008,Associate Director – Reporting Transformation & AI Enablement,Novartis,Unspecified,,senior,data_science,2026-08-15
5887061074,Production Engineer,ABB,Bengaluru,,mid,other,2026-09-17
5893961337,Data Consultant - Mumbai,Capco,Mumbai,,mid,other,2026-09-22
5886487209,Marketing Specialist,Thermo Fisher Scientific,Mumbai,,mid,other,2026-09-16
5846723412,"BMAG – Analytics Analyst, AS",Deutsche Bank,Jaipur,,mid,analyst,2026-08-18
5846723322,Senior Software Engineer,Morningstar,Mumbai,,senior,other,2026-08-18
5864429484,Director Data Science (Retail),Tredence Inc.,Bengaluru,,senior,data_science,2026-09-01
5879667957,QA Manager - ETL/Azure/AWS,Dentsu Global Services,Unspecified,,senior,data_engineering,2026-09-11
5886093751,Technical Consultant,R Systems,Delhi NCR,,mid,other,2026-09-16
5891982473,Growth Executive,BHIVE Workspace,Unspecified,,mid,other,2026-09-20
5886099298,Azure Data Engineer with Fabric,Tata Consultancy Services,Mumbai,,mid,data_engineering,2026-09-16
5873073944,Project Manager,Tecnicas Reunidas,Chennai,,senior,other,2026-09-06
5886098870,Project Manager,HCLTech,Lucknow,,senior,other,2026-09-16
5899511483,Frontend Developer,WAISL Limited,Unspecified,,mid,other,2026-09-26
5872265942,Service Desk,AVASO Technology Solutions,Unspecified,,mid,other,2026-09-06
5880062626,Finance Analyst – Pricing & Financial Modeling,Access Healthcare,Chennai,,mid,analyst,2026-09-12
5870857259,Director Data Science (Healthcare & Life Sciences),Tredence Inc.,Unspecified,,senior,data_science,2026-09-04
5896613951,Planning Manager,UrbanWrk,Unspecified,,senior,other,2026-09-24
5895238923,Yardi Administrator,RHC India,Ahmedabad,,mid,other,2026-09-23
5882862903,Assistant Manager- SCM( Operation Technology),Pioneer Management Consultant Pvt Ltd,Delhi NCR,,senior,other,2026-09-14
5882862316,Quantitative Research Analyst,Kamakhya Analytics Private Limited,Bengaluru,,mid,analyst,2026-09-14
5886487541,Senior E1-CNC Administrator,Thermo Fisher Scientific,Bengaluru,,senior,other,2026-09-16
5888967477,Sr Tax Analyst,Moody's,Unspecified,,senior,analyst,2026-09-18
5899924361,E1-CNC Administrator,Thermo Fisher Scientific,Bengaluru,,mid,other,2026-09-26
5871991559,Project Coordinator -PMO,Olympus Corporation,Hyderabad,,mid,other,2026-09-05
5837139365,"IT&D Manager, Service Management - DR",Reckitt,Hyderabad,,senior,other,2026-08-12
5879657798,Principal SAP Data Architect,Lemongrass,Unspecified,,senior,other,2026-09-11
5889223269,Trading Entity Controller - Financial Accounting [T500-29421],ADM,Bengaluru,,mid,other,2026-09-18
5887061031,Global Supply Chain Manager,TE Connectivity,Bengaluru,,senior,other,2026-09-17
5887061427,PROJECT MANAGER IV,TE Connectivity,Bengaluru,,senior,other,2026-09-17
5846723673,Apprentice,Morningstar,Mumbai,,mid,other,2026-08-18
5896964323,Sr Manager - PC Change,Standard Chartered Bank,Bengaluru,,senior,other,2026-09-24
5891648107,HR Analyst I,Thermo Fisher Scientific,Bengaluru,,mid,analyst,2026-09-20
5896612993,Creative Director - Branding,Indira University,Unspecified,,senior,other,2026-09-24
5895238704,Stock Control Specialist,NewCold,Bengaluru,,mid,other,2026-09-23
5898128225,KDN India_Consultant_Capital Projects,KPMG,Unspecified,,mid,other,2026-09-25
5891690197,Sales Operations Manager,Interview Kickstart,Bengaluru,,senior,other,2026-09-20
5890611837,Professional - FP&A (Presales Analytics & Reporting),Acuity Analytics,Unspecified,,mid,analyst,2026-09-19
5870857165,Oracle Finance Analyst,Zensar Technologies,Delhi NCR,,mid,analyst,2026-09-04
5898533431,Associate - ITDA Data Integration L2 Production Support,Mizuho,Unspecified,,junior,other,2026-09-25
5891352683,Government Sales Manager,Uneecops Technologies,Delhi NCR,,senior,other,2026-09-20
5886092382,Project Manager,Greystar,Unspecified,,senior,other,2026-09-16
5879664044,Key Account Manager,V-Guard,Other,,senior,other,2026-09-11
5898126474,"Program Intern – MDC Programs, AI & Automation",DeHaat,Unspecified,,junior,data_science,2026-09-25
5897294462,Customer Success Executive (Campaigns & Growth),OnArrival,Bengaluru,,mid,other,2026-09-25
5890611930,Project Manager - International Wealth Management,Deloitte,Mumbai,,senior,other,2026-09-19
5889682556,D365 F&O Technical Sr. Consultant,CloudFronts - AI First Microsoft Solutions Partner,Mumbai,,senior,other,2026-09-18
5655005586,Power BI / Microsoft Fabric Developer,Exsilio Solutions,Ahmedabad,,mid,bi,2026-03-05
5898655910,Power BI Developer — Analytics and Reporting,Trigent Software Private Limited,Unspecified,4500000.0,mid,analyst,2026-09-25
5887061110,TECHNICAL SPECIALIST II,TE Connectivity,Bengaluru,,mid,other,2026-09-17
5888968047,Data Steward - Procurement,Kraft Heinz,Bengaluru,,mid,other,2026-09-18
5852738536,Associate Manager ESG - GPS,Kraft Heinz,Unspecified,,senior,other,2026-08-22
5896964322,Python Developer,Capco,Mumbai,,mid,other,2026-09-24
5897683411,Lender Finance EU - Associate,Deutsche Bank,Mumbai,,junior,other,2026-09-25
5897683524,Senior Operational Account Manager,HP,Bengaluru,,senior,other,2026-09-25
5900616365,Senior Data Engineer — Microsoft Fabric & Databricks,XCentium,Unspecified,,senior,data_engineering,2026-09-27
5867037796,Azure Data Engineer,Dentsu Global Services,Bengaluru,,mid,data_engineering,2026-09-02
5897296279,AVP,Valueonshore  Advisors,Unspecified,,mid,other,2026-09-25
5897038773,Junior Data Analyst,Jobgether,Unspecified,,junior,analyst,2026-09-24
5863635689,Junior Data Analyst,Gridscape Solutions,Vadodara,,junior,analyst,2026-09-01
5728314973,Junior - Data Analyst| Thane,CSB Bank,Mumbai,,junior,analyst,2026-05-14
5890897448,Lead Data Scientist,Battery Smart,Unspecified,,senior,data_science,2026-09-19
5871846785,"Manager, Data Science (Analytics) L25",eBay,Bengaluru,,senior,data_science,2026-09-05
5891976220,"Consultant, Data Science -Credit Risk",TransUnion,Unspecified,,mid,data_science,2026-09-20
5838750286,Junior business Analyst,Happiest Resume,Delhi NCR,350000.0,junior,analyst,2026-08-13
5647649982,Assistant Manager,EXL,Unspecified,,senior,other,2026-02-28
5797292800,Sr. Data Analyst 4B,Genpact,Unspecified,,senior,analyst,2026-07-12
5805535402,Assistant Product Manager,Americana Restaurants,Chandigarh,,senior,other,2026-07-18
5867232971,Sr. Data Analyst 4A,Genpact,Unspecified,,senior,analyst,2026-09-02
5830592655,"Lead Analyst, Data Operations",Sun King,Unspecified,,senior,analyst,2026-08-06
5891582127,Junior Legal / Paralegal Analyst – Contract Data Extraction | Fixed Term Contract,Basware,Delhi NCR,,junior,analyst,2026-09-20
5808699274,Senior Power BI Data Scientist,Tredence Inc,Bengaluru,,senior,data_science,2026-07-21
5844291541,Assistant Manager,EXL,Chennai,,senior,other,2026-08-16
5851857368,Patient Analytic Lead,Axtria India Private Limited,Bengaluru,,senior,other,2026-08-22
5676535670,Data Scientist,ADM,Bengaluru,,mid,data_science,2026-03-24
5878377233,Senior Data Scientist - Credit Risk,Funding Societies | Modalku Group,Unspecified,,senior,data_science,2026-09-10
5893913372,"Senior Business Data Analyst - (DataBricks, SAP, Azure)",Unison Group,Unspecified,,senior,analyst,2026-09-22
5841130691,Manager - Data Scientist,Indigo,Delhi NCR,,senior,data_science,2026-08-14
5169680407,Product Analyst,Ketto,Mumbai,1250000.0,mid,analyst,2025-04-30
5893913394,Senior Analyst,Smartstream Limited,Unspecified,,senior,analyst,2026-09-22
5695270137,SR DATA SCIENTIST,TE Connectivity,Unspecified,,senior,data_science,2026-04-10
5861965789,Senior Data Engineer,The Toro Company,Pune,,senior,data_engineering,2026-08-30
5859765972,Senior Data Engineer,The Toro Company,Unspecified,,senior,data_engineering,2026-08-28
5845820368,PartTime Remote Data Scientist AIDriven Operations Predictive Analytics and,vacancy global pro,Unspecified,,mid,data_science,2026-08-18
5889557771,Data Scientist,IMI Process Automation,Bengaluru,,mid,data_science,2026-09-18
5895065973,"Data Business Analyst - (DataBricks, SAP, Azure)",Unison Group,Bengaluru,,mid,analyst,2026-09-23
5895065974,"Data Business Analyst - (DataBricks, SAP, Azure)",Unison Group,Hyderabad,,mid,analyst,2026-09-23
5879552361,Senior Data Scientist - Credit Risk,Funding Societies | Modalku Group,Delhi NCR,,senior,data_science,2026-09-11
5839585399,Senior Analyst - MDM,Eaton Corporation,Pune,,senior,analyst,2026-08-13
5895356233,Senior Data Scientist,Ciklum,Unspecified,,senior,data_science,2026-09-23
5808699364,Senior Data Scientist remote Karnataka,Specialty Capital,Unspecified,,senior,data_science,2026-07-21
5849690433,Lead Software Engineer,Solera,Bengaluru,,senior,other,2026-08-20
5849678870,Principal Software Engineer,Solera,Bengaluru,,senior,other,2026-08-20
5839585374,Data Analyst - MDM,Eaton Corporation,Pune,,mid,analyst,2026-08-13
5895065506,Senior Analyst,Smartstream Limited,Bengaluru,,senior,analyst,2026-09-23
5846447982,Senior Associate Data Scientist,ProArch,Unspecified,,senior,data_science,2026-08-18
5872126899,"Manager, Data Science (Analytics) L25",eBay,Bengaluru,,senior,data_science,2026-09-05
5257287583,Real-World Evidence (RWE) Analyst / Senior RWE Analyst,Rohini IT Consulting LLP,Unspecified,2100000.0,senior,analyst,2025-06-19
5808699335,Data Scientist III Product Analytics Bangalore IN,Expedia Group,Bengaluru,,mid,data_science,2026-07-21
5892758626,Senior Product Analyst - I/II,Lokal App,Unspecified,,senior,analyst,2026-09-21
5894101076,Senior Intelligence Analyst,ZeroFOX,Bengaluru,,senior,analyst,2026-09-22
5885447742,Data Entry and ETL Operations Manager Remote Leadership Role Driving Team,vacancy global pro,Unspecified,,senior,data_engineering,2026-09-16
5894590297,"Lead Data Scientist, Growth Marketing",SalesForce-ad,Hyderabad,,senior,data_science,2026-09-23
5818430096,Asset Management IV,Astreya,Hyderabad,,mid,other,2026-07-28
5893831430,Senior Product Analyst - I/II,Lokal App,Bengaluru,,senior,analyst,2026-09-22
5882763372,Senior Manager - Data & Analytics,Pure Storage,Bengaluru,,senior,analyst,2026-09-13
5675503461,Senior Financial Data Analyst,SimCorp,Delhi NCR,,senior,analyst,2026-03-23
5864841751,Senior Analyst — Dashboarding & Commercial Analytics,2028 Takeda Innovations India,Unspecified,,senior,analyst,2026-09-01
5769825966,Lead Analyst - Master Data Management (Informatica / MDM / SQL),First Citizens India,Unspecified,,senior,analyst,2026-06-20
5898533966,Machine Learning,InfoCepts,Bengaluru,,mid,data_science,2026-09-25
5868154123,Machine Learning II,Wayfair,Bengaluru,,mid,data_science,2026-09-03
5898533129,Machine Learning Researcher,BBI,Unspecified,,mid,data_science,2026-09-25
5880070118,Machine Learning Ops,Tata Consultancy Services,Bengaluru,,mid,data_science,2026-09-12
5880062262,AI & Machine Learning,Kotak Neo,Mumbai,,mid,data_science,2026-09-12
5886611196,Machine Learning Researcher (Remote),Quik Hire Staffing,Unspecified,,mid,data_science,2026-09-17
5856695853,Senior Machine Learning Engineer,HP,Bengaluru,,senior,data_science,2026-08-26
5846723396,Senior Machine Learning Engineer,Morningstar,Mumbai,,senior,data_science,2026-08-18
5854537877,Senior Machine Learning Engineer,S&P Global,Hyderabad,,senior,data_science,2026-08-25
5864426193,Machine Learning & NLP Expert,Synthenova,Unspecified,,mid,data_science,2026-09-01
5895030154,Technical Lead-Machine learning,Myntra,Bengaluru,,senior,data_science,2026-09-23
5854537752,"Associate Director, Machine Learning Engineering",S&P Global,Unspecified,,senior,data_science,2026-08-25
5889219315,Senior Analyst - Machine Learning and Programming,Mente Consultancies,Delhi NCR,,senior,data_science,2026-09-18
5877184305,MTS-1 Machine Learning Engineer,eBay,Bengaluru,,mid,data_science,2026-09-09
5858537547,Sr MTS Machine Learning Engineer,eBay,Bengaluru,,senior,data_science,2026-08-27
5839268352,"Senior Machine Learning Engineer, Hyderabad",Warner Bros. Discovery,Hyderabad,,senior,data_science,2026-08-13
5896962263,"Machine Learning Engineer II, Hyderabad",Warner Bros. Discovery,Hyderabad,,mid,data_science,2026-09-24
5858537539,SWE-3 Machine Learning Engineer,eBay,Bengaluru,,mid,data_science,2026-08-27
5890610016,Machine Learning Operations / Ai Security,Questhiring,Bengaluru,,mid,data_science,2026-09-19
5898535064,PhD Machine Learning / Artificial Intelligence Expertise,Outlier,Unspecified,,mid,data_science,2026-09-25
5879670946,Machine Learning(8yrs Senior Technical Lead),Veltris,Chennai,,senior,data_science,2026-09-11
5892770075,Professor - AI&ML(Artificial Intelligence & Machine Learning),Navodaya Education Trust,Other,,mid,data_science,2026-09-21
5895032039,New hiring for Senior AI/Machine Learning Developer,iZOOlogic,Jaipur,,senior,data_science,2026-09-23
5886486718,Staff Machine Learning Engineer - (Data & Audience Platform),Warner Bros. Discovery,Hyderabad,,mid,data_science,2026-09-16
5839268343,"Senior Machine Learning Engineer (Growth & ML), Hyderabad",Warner Bros. Discovery,Hyderabad,,senior,data_science,2026-08-13
5897873990,AI & Machine Learning Researcher (Remote | $140–$150/hr),Synthires,Unspecified,,mid,data_science,2026-09-25
5882859935,ML Researcher (Remote),Hire Feed,Unspecified,,mid,data_science,2026-09-14
5887061477,ML ENGINEER II,TE Connectivity,Bengaluru,,mid,data_science,2026-09-17
5877452317,Senior Data Scientist,Confidential Jobs,Bengaluru,,senior,data_science,2026-09-10
5846723241,AI Solutions Engineer,HP,Bengaluru,,mid,data_science,2026-08-18
5898131359,Artificial Intelligence Intern,Meril,Bengaluru,,junior,other,2026-09-25
5898535018,Data Scientist (India - remote),Anson McCade,Unspecified,,mid,data_science,2026-09-25
5876014583,Senior Data Scientist,EdgeVerve,Chennai,,senior,data_science,2026-09-09
5877457599,Data Science Lead,Confidential Jobs,Bengaluru,,senior,data_science,2026-09-10
5822403303,Senior Data Scientist,Kraft Heinz,Bengaluru,,senior,data_science,2026-07-31
5876016009,Azure Data Factory,Tata Consultancy Services,Bengaluru,,mid,other,2026-09-09
5889681831,Data Scientist,Valiance Solutions,Bengaluru,,mid,data_science,2026-09-18
5897294998,Data Scientist,NexionPro Services,Bengaluru,,mid,data_science,2026-09-25
5898128426,Assistant Professor in Computer Science & Engineering (AI & ML),Brainware University,Kolkata,,mid,data_science,2026-09-25
5890897426,Data Scientist,Yulu,Bengaluru,,mid,data_science,2026-09-19
5890896676,Data Scientist,UST,Bengaluru,,mid,data_science,2026-09-19
5901133813,Data Scientist (Remote | $150–$350/hr),Synthires,Unspecified,,mid,data_science,2026-09-28
5877452336,DVP - Data Science AI,IndiaFirst Life,Mumbai,,mid,data_science,2026-09-10
5872266120,Senior Data Scientist,LatentView Analytics,Chennai,,senior,data_science,2026-09-06
5901133742,Forecasting Data Scientist,Artech L.L.C.,Unspecified,,mid,data_science,2026-09-28
5889684821,Senior Data Scientist|NR-2026-0241 (4),Media.net,Mumbai,,senior,data_science,2026-09-18
5846723668,Senior Tableau Developer and Oracle with AI,Deutsche Bank,Pune,,senior,data_science,2026-08-18
5846723274,Senior Oracle ExaCC Developer and BI reporting (Tableau) - VP,Deutsche Bank,Pune,,senior,analyst,2026-08-18
5895240382,SAP Data Engineer,Shaerp Tech,Bengaluru,,mid,data_engineering,2026-09-23
5898533440,Data Scientist,TEKsystems Global Services in India,Hyderabad,,mid,data_science,2026-09-25
5856694933,"Risk Analyst, AVP",Deutsche Bank,Mumbai,,mid,analyst,2026-08-26
5896614024,BI Engineer,Terralogic,Bengaluru,,mid,bi,2026-09-24
5880950675,SAP BW HANA Consultant,Tata Consultancy Services,Bengaluru,,mid,other,2026-09-12
5895032006,Senior Data Engineer,AppZen,Unspecified,,senior,data_engineering,2026-09-23
5881766958,Informatica Developer,Capgemini,Bengaluru,,mid,other,2026-09-13
5895239145,"Data Engineer opportunities (AWS) - Junior, Senior & Lead",MRP-Global,Mumbai,,senior,data_engineering,2026-09-23
5876872905,Project Leader – Healthcare / Life Science,Talent Toppers,Bengaluru,,mid,other,2026-09-09
5892765497,Oracle Functional Consultant,HTC Global Services,Mumbai,,mid,other,2026-09-21
5886611083,User Acquisition Specialist,"Ruby Seven Studios, Inc.",Kochi,,mid,other,2026-09-17
5895238862,Azure Data Engineer,Tata Consultancy Services,Chennai,,mid,data_engineering,2026-09-23
5893929802,Data Engineer,Saven Technologies,Hyderabad,,mid,data_engineering,2026-09-22
5895030207,Data Engineer,JK Moving Services,Unspecified,,mid,data_engineering,2026-09-23
5856196429,Tableau,Infosys Limited,Bengaluru,,mid,bi,2026-08-26
5801395236,Senior/Lead Analyzer Engineer,Quest Global,Bengaluru,,senior,other,2026-07-15
5895239530,Data Engineer,InfoVision Inc.,Unspecified,,mid,data_engineering,2026-09-23
5882863964,Economics Specialist (Remote),Hired,Unspecified,,mid,other,2026-09-14
5898129610,Analytics Specialist,Publicis Global Delivery ,Bengaluru,,mid,analyst,2026-09-25
5886664705,Tableau Specialist,dotSolved System Inc.,Chennai,,mid,bi,2026-09-17
5869485057,DataHub - DataHub L4 (7.1-9 years),Capco,Bengaluru,,mid,other,2026-09-04
5888967472,"Specialist, Business Agility",MSD,Hyderabad,,mid,other,2026-09-18
5078183013,Tableau Admin,ScatterPie Analytics,Bengaluru,1200000.0,mid,bi,2025-03-06
5854880447,Tableau Admin,Apex 2000,Bengaluru,,mid,bi,2026-08-25
5857752083,Tableau Admin,Alphacom Systems and Solutions Priavte Limited,Bengaluru,,mid,bi,2026-08-27
5856197646,Tableau Admin,Infosys Limited,Hyderabad,,mid,bi,2026-08-26
5781970743,Tableau Developer,Flycatch infotech PVT LTD,Unspecified,1800000.0,mid,bi,2026-06-30
5856197663,Tableau Admin,Infosys Limited,Bengaluru,,mid,bi,2026-08-26
5871280565,Tableau developer,Infosys Limited,Bengaluru,,mid,bi,2026-09-05
2915539579,Tableau Developer,Quess Corp Limited,Bengaluru,650000.0,mid,bi,2022-02-22
5869814801,Tableau Developer,EXL,Delhi NCR,,mid,bi,2026-09-04
5849135071,Tableau Designer,Mindteck  Limited,Bengaluru,,mid,bi,2026-08-20
5856197124,Tableau Admin,Infosys Limited,Hyderabad,,mid,bi,2026-08-26
5754024237,Tableau Developer,Citigroup,Unspecified,,mid,bi,2026-06-06
2383302584,Tableau Developer,CIEL HR Services,Bengaluru,1250000.0,mid,bi,2021-08-14
3172818791,Tableau Administrator,Numantra Technologies,Mumbai,600000.0,mid,bi,2022-05-27
5856197488,Tableau Admin,Infosys Limited,Hyderabad,,mid,bi,2026-08-26
5831395730,Tableau Developer,Whisk Software Private Limited,Pune,,mid,bi,2026-08-07
5861793012,Tableau Admin,Netpace,Bengaluru,,mid,bi,2026-08-30
5773093387,Tableau Developer,Infosys Limited,Bengaluru,,mid,bi,2026-06-23
5877847634,Tableau Developer,Tvs Credit Services Ltd,Chennai,,mid,bi,2026-09-10
5090172992,Tableau Developer,ScatterPie Analytics Pvt Ltd,Bengaluru,1000000.0,mid,bi,2025-03-13
5879148807,Tableau Developer,Infosys Limited,Pune,,mid,bi,2026-09-11
1714384840,Tableau Developer,Techknomatic Services Pvt. Ltd.,Pune,900000.0,mid,bi,2020-09-20
5850380223,Tableau Developer,Kanerika Software,Hyderabad,,mid,bi,2026-08-21
5030876075,Tableau Developer,DataToBiz Pvt. Ltd.,Unspecified,600000.0,mid,bi,2025-01-31
5871280553,Tableau Developer,Infosys Limited,Bengaluru,,mid,bi,2026-09-05
5877842294,Tableau Developer,Cybage Software Private Limited,Pune,,mid,bi,2026-09-10
5382247653,Tableau Developer,Deqode,Pune,1500000.0,mid,bi,2025-09-04
4713079026,Tableau Developer,Mobile Programming LLC,Unspecified,1000000.0,mid,bi,2024-05-30
3204031565,Tableau Engineer,Aideo Technologies,Mumbai,1300000.0,mid,bi,2022-06-07
2999974680,Tableau Developer,Natalie Consultants,Mumbai,850000.0,mid,bi,2022-03-26
5823130868,Tableau Admin,Wroots Global Private Limited,Unspecified,,mid,bi,2026-08-01
4431301784,Tableau Consultant,Blend360,Hyderabad,,mid,bi,2023-11-14
5416883991,Tableau Developer,Wissen Technology,Bengaluru,,mid,bi,2025-09-27
5128160977,Tableau Developer,Deqode,Bengaluru,1950000.0,mid,bi,2025-04-04
3433222328,Tableau developer,Milestone Technologies Inc,Hyderabad,800000.0,mid,bi,2022-08-26
5842613314,Tableau Developer,HOLOSTIK,Delhi NCR,,mid,bi,2026-08-15
5728910254,Tableau Developer,ARCIS e Services,Pune,700000.0,mid,bi,2026-05-14
2406633646,Tableau developer,Jobdost,Chennai,1200000.0,mid,bi,2021-08-25
1388910029,tableau consultant,turtlebowl,Bengaluru,1050000.0,mid,bi,2019-12-27
5856196625,Tableau Admin,Infosys Limited,Bengaluru,,mid,bi,2026-08-26
5892383958,Postgre  Tableau,Cognizant,Pune,,mid,bi,2026-09-21
2924157754,Tableau Development,Reed & Willow Talent Advisory Group,Chennai,1250000.0,mid,bi,2022-02-25
5889218214,Senior Data Management Specialist,IntraEdge,Hyderabad,,senior,other,2026-09-18
5820906247,Analyst II - Internal Controls-,Kraft Heinz,Unspecified,,mid,analyst,2026-07-30
5898568253,Tableau Server Admin,DATAECONOMY,Pune,,mid,bi,2026-09-25
5895161688,[India] - Tableau Developer,ProcDNA,Unspecified,,mid,bi,2026-09-23
5897296434,State Head,Servify,Unspecified,,senior,other,2026-09-25
5879663286,Director of Data Analytics (B2C/D2C),VAYUZ Technologies,Bengaluru,,senior,analyst,2026-09-11
5867038148,Associate Manager II - Credit Risk,Navi,Bengaluru,,senior,other,2026-09-02
5897295881,Assistant Manager – Sales Operations & Analytics (General Trade),Troovy,Delhi NCR,,senior,analyst,2026-09-25
5889213070,State Head,Servify,Bengaluru,,senior,other,2026-09-18
5889675386,Business Associate - Lending,Angel One,Delhi NCR,,junior,other,2026-09-18
5846299657,Head of Strategy,Nians,Unspecified,,senior,other,2026-08-18
5395543108,Senior Tableau Developer,Marketwick,Unspecified,1750000.0,senior,bi,2025-09-12
5850371308,Tableau CRM Required,Stacknexus Technologies Private Limited,Bengaluru,,mid,bi,2026-08-21
5900717839,Tableau Server Admin,CGI,Unspecified,,mid,bi,2026-09-27
5314053905,Tableau Server Administrator,Tekit Software solution Pvt Ltd,Mumbai,2200000.0,mid,bi,2025-07-21
5741057911,Senior Tableau Developer,VDart Technology,Bengaluru,2500000.0,senior,bi,2026-05-26
5742044572,Senior Tableau Developer,Vdart Software Services Pvt Ltd,Bengaluru,2350000.0,senior,bi,2026-05-27
5333342039,Senior Tableau Developer,Glan management Consultancy,Unspecified,1500000.0,senior,bi,2025-08-02
5859124426,Data Analyst (Tableau),SailPoint Technologies,Pune,,mid,analyst,2026-08-28
5522026731,Tableau along with Python,EXL,Delhi NCR,,mid,bi,2025-12-01
5864338097,Tableau Server Administrator,Wissen Technology,Pune,,mid,bi,2026-09-01
5255506973,Tableau BI Developer,TIGI HR Solution Pvt. Ltd.,Delhi NCR,1250000.0,mid,bi,2025-06-18
5893570388,Analytics & Insights Lead,Gynoveda,Mumbai,,senior,analyst,2026-09-22
5887061706,ANALYST STRATEGIC MARKETING III,TE Connectivity,Bengaluru,,mid,analyst,2026-09-17
5886487262,Programmer Analyst/Sr Programmer Analyst (Centralized Monitoring/RBQM),Thermo Fisher Scientific,Bengaluru,,senior,analyst,2026-09-16
5880951673,Project Manager,EXL,Unspecified,,senior,other,2026-09-12
5880951518,Senior GCP Data Engineer,Tata Consultancy Services,Unspecified,,senior,data_engineering,2026-09-12
5896614194,Technical Engagement Lead,Saras Analytics,Hyderabad,,senior,other,2026-09-24
5899510819,Associate Program Manager – Customer Experience Initiatives,GIVA,Bengaluru,,senior,other,2026-09-26
5860980995,Program Manager - Cost and CapEx,Tata Electronics,Unspecified,,senior,other,2026-08-29
5882862835,Media Analytics Manager,EXL,Bengaluru,,senior,analyst,2026-09-14
5887061694,Senior Analyst - Corporate Strategy,TE Connectivity,Unspecified,,senior,analyst,2026-09-17
5857251206,Testing (Liquidity),Capco,Unspecified,,mid,other,2026-08-27
5898127647,Manager - Global Inside Sales,Emeritus,Unspecified,,senior,other,2026-09-25
5899512278,Senior Data Engineer (ETL Developer),AGAM Technologies Solutions Private Limited,Coimbatore,,senior,data_engineering,2026-09-26
5887639067,Senior Analytics Engineer,Superset,Bengaluru,,senior,analyst,2026-09-17
5898129807,Delivery Experience Excellence Lead,Ather Energy,Bengaluru,,senior,other,2026-09-25
5864438203,"Senior / Data Engineer (Data Architecture, Modeling & Modern DWH)",Calfus Inc.,Unspecified,,senior,data_engineering,2026-09-01
5879670569,Manager,Allegis Group,Bengaluru,,senior,other,2026-09-11
5889682111,Source-to-Pay(S2P) senior Consultant,JMD Technologies Inc.,Unspecified,,senior,other,2026-09-18
5893961355,Data Engineer II,Thermo Fisher Scientific,Bengaluru,,mid,data_engineering,2026-09-22
5881876779,Asst Dir-Strategist,Moody's,Bengaluru,,mid,other,2026-09-13
5901137200,Sales Operations– Services Portfolio & Margin Management,MediaMint,Hyderabad,,mid,other,2026-09-28
5729731802,Urgent opening of Tableau Developer,Kaapro Management Solutions,Surat,,mid,bi,2026-05-15
5889562096,Cognos TM1 Administrator with Tableau,Icloudlogic,Hyderabad,,mid,bi,2026-09-18
5777234588,Senior Tableau developer(1607),We Search,Bengaluru,135000.0,senior,bi,2026-06-26
5411469512,Tableau SQL - Report Developer,Hashone Careers Private Limited,Bengaluru,700000.0,mid,bi,2025-09-23
5900348960,Sr Software Engineer (Tableau),HERE,Mumbai,,senior,bi,2026-09-27
3468843603,Tableau Lead / Sr Developer,Jobdost,Unspecified,2250000.0,senior,bi,2022-09-08
5875696221,Senior Data Analyst- Tableau,Sigmoid,Bengaluru,,senior,analyst,2026-09-08
5881876840,DataHub - DataHub L3 (5.1-7 years),Capco,Bengaluru,,mid,other,2026-09-13
5837139389,Executive PMO- Banking,Capco,Unspecified,,mid,other,2026-08-12
5894389827,"Operations Expert, AVP",Deutsche Bank,Jaipur,,mid,other,2026-09-23
5846723096,VP Mgr-Analytic Data Operations,Moody's,Bengaluru,,mid,other,2026-08-18
5897295215,Senior Data Engineer,AgilityDelivered,Chennai,,senior,data_engineering,2026-09-25
5880069377,Lead Consultant,Mindsprint,Bengaluru,,senior,other,2026-09-12
5880068162,Director Finance,Pine Labs,Delhi NCR,,senior,other,2026-09-12
5864154449,Project Manager / Engagement Manager - APAC Region - Enterprise,Emeritus,Mumbai,,senior,other,2026-09-01
5880062344,Principal Engineer- Data And AI,Infosys,Bengaluru,,senior,data_science,2026-09-12
5895030856,"Supervisor, Production Planning- India",Herbalife,Unspecified,,mid,other,2026-09-23
5889213198,Senior Data Engineer (Informatica or Reltio),Quantiphi,Bengaluru,,senior,data_engineering,2026-09-18
5889684592,CRM Manager,Allvest Securities Pvt. Ltd.,Mumbai,,senior,other,2026-09-18
5727033439,Business Intelligence Manager (Tableau)- Remote,"KMK Consulting, Inc.",Unspecified,,senior,bi,2026-05-13
5859162456,Analytics Senior Manager - Risk & Controls,Wise,Hyderabad,,senior,analyst,2026-08-28
5888968477,"Senior Manager, Data & Reporting",Standard Chartered Bank,Bengaluru,,senior,analyst,2026-09-18
5888968692,PMO Analyst,Danaher,Bengaluru,,mid,analyst,2026-09-18
5857982613,Indirect Tax Analyst,eBay,Bengaluru,,mid,analyst,2026-08-27
5878873616,"Senior Specialist, Business Insights & Analytics",MSD,Mumbai,,senior,analyst,2026-09-11
5899377923,SUPPLY CHAIN ANALYST IV,TE Connectivity,Unspecified,,mid,analyst,2026-09-26
5867265539,Associate Director Biddable Media,Newton,Unspecified,,senior,other,2026-09-02
5867221982,Data Engineer - Asset Based Finance,Indago Capital,Unspecified,,mid,data_engineering,2026-09-02
5899512093,Chartered Accountant,Alliance Recruitment Agency,Unspecified,,mid,other,2026-09-26
5518597183,Senior Tableau Developer (Retail Domain),vaaragonenterprisescom,Delhi NCR,1850000.0,senior,bi,2025-11-29
5518597227,Senior Tableau Developer- Retail Domain,vaaragonenterprisescom,Unspecified,1850000.0,senior,bi,2025-11-29
5430608944,Tableau Developer â Banking Domain,Nyx Wolves,Unspecified,1200000.0,mid,bi,2025-10-04
5882728875,Senior Software Engineer -Tableau Developer,CGI,Unspecified,,senior,bi,2026-09-13
5762900938,BI Developer (Power BI  Tableau),EXL,Unspecified,,mid,bi,2026-06-14
5715292606,Tableau Development - Assistant Vice President,Citigroup,Chennai,,mid,bi,2026-05-01
5762945765,BI Lead (Power BI / Tableau),EXL,Unspecified,,senior,bi,2026-06-14
5875250318,Data Consultant with Tableau - SA Level,People First Consultants,Unspecified,,mid,bi,2026-09-08
5864354000,BI Engineer - Power BI & Tableau,GSSTech Group,Chennai,,mid,bi,2026-09-01
5807501218,Tableau Developer with Snowflake/ BI Analyst,Central Business Solutions,Unspecified,,mid,analyst,2026-07-20
5887061009,Data Scientist & AI Developer,TE Connectivity,Bengaluru,,mid,data_science,2026-09-17
5882426650,"Sr. Engineer, Java Engineer",Deutsche Bank,Pune,,senior,other,2026-09-13
5860916015,Senior Analytics Engineer,Warner Bros. Discovery,Hyderabad,,senior,analyst,2026-08-29
5848650906,"Sr. Data Engineer, Analytics Engineering",Morningstar,Mumbai,,senior,data_engineering,2026-08-20
5883562703,Associate Manager - CRM,Majid Al Futtaim,Unspecified,,senior,other,2026-09-14
5859570003,Production Manager,Maxima Apparel,Unspecified,,senior,other,2026-08-28
5851155832,BI Engineer (Power BI / Qlik / Tableau),All Generation Tech,Hyderabad,,mid,bi,2026-08-21
5899843917,"Data Analyst - Tableau, Power BI - Associate",JPMorganChase,Mumbai,,junior,analyst,2026-09-26
5846723458,"Product Owner Credit Risk, VP",Deutsche Bank,Pune,,mid,other,2026-08-18
5846723262,Senior Engineer Java/Bigdata,Deutsche Bank,Pune,,senior,other,2026-08-18
5880953396,Project Manager,Quality Council of India,Delhi NCR,,senior,other,2026-09-12
5898126458,Senior Project Manager,Prospecta Software,Unspecified,,senior,other,2026-09-25
5876870837,Manager,Indegene,Bengaluru,,senior,other,2026-09-09
5880068024,Accordion India - Associate - Data & Analytics Consulting,Accordion India,Hyderabad,,junior,analyst,2026-09-12
5889218180,GTM Systems Administrator,DMAIC Academy & Consultancy,Unspecified,,mid,other,2026-09-18
5869485059,"AVP, Data - LARC",Standard Chartered Bank,Chennai,,mid,other,2026-09-04
5887061666,Project Manager for Data & Analytics,TE Connectivity,Bengaluru,,senior,analyst,2026-09-17
5900875701,Salesforce Technical Lead,Credera,Hyderabad,,senior,other,2026-09-28
5869558915,Sr. Technical Architect- Data and Analytics (On-site),CloudLabs Inc,Unspecified,,senior,analyst,2026-09-04
5875602953,Channel Sales Manager,Uneecops Technologies,Hyderabad,,senior,other,2026-09-08
4801530477,"Senior Software Engineer - SQL, Tableau, AWS - Bangalore",Photon Group,Bengaluru,,senior,bi,2024-07-31
5878058410,Agentic AI and Tableau Applications Lead - Vice President,Citigroup,Pune,,senior,data_science,2026-09-10
5894829166,Tableau and SQL BI Developer - Assistant Vice President,Citigroup,Chennai,,mid,bi,2026-09-23
5886396320,Senior Business Intelligence Developer | Tableau/PowerBI & SQL,Micron,Unspecified,,senior,bi,2026-09-16
5752151805,"Associate, Product Operations (Tableau, Pyspark OR Python and SQL)",NPS Prism,Delhi NCR,,junior,bi,2026-06-04
5871845993,"IT Lead, Internal Audit",S&P Global,Hyderabad,,senior,other,2026-09-05
5864439146,Accordion India - Senior Data Engineer,Accordion India,Hyderabad,,senior,data_engineering,2026-09-01
5889605680,"Lead Data Engineer DBT ,SQL, Snowflake , Tableau - R01570901",Brillio,Bengaluru,,senior,data_engineering,2026-09-18
5860533594,Binary Semantics - Senior Data Analyst - Tableau/Power BI,Binary Semantics Limited,Delhi NCR,,senior,analyst,2026-08-29
5860533633,Binary Semantics - Senior Data Analyst - Tableau/Power BI,Binary Semantics Limited,Delhi NCR,,senior,analyst,2026-08-29
4762780079,"Data Analyst II, Medical Evidence Generation - Python & Tableau",Bristol Myers Squibb,Hyderabad,,mid,analyst,2024-07-02
5812894652,"Associate, Product Operations (Tableau, Pyspark OR Python and SQL)",NPS Prism,Unspecified,,junior,bi,2026-07-24
5724446654,"Sr Data Architect - GCP, AbInitio, Tableau - Chennai, India",Photon Group,Unspecified,,senior,bi,2026-05-10
5778251496,Senior Oracle ExaCC Developer and BI reporting (Tableau) - VP,Deutsche Bank,Unspecified,,senior,analyst,2026-06-27
5850376719,"Frontend Visualisation Developer - Power BI/Tableau, UI/UX",Mondelez,Unspecified,,mid,bi,2026-08-21
5870745395,"FTI Senior System Analyst (Oracle Hyperion, Tableau, AI)",Franklin Templeton,Hyderabad,,senior,data_science,2026-09-04
5890893607,Promotions & Incentives Operations,MSE Technology,Bengaluru,,mid,other,2026-09-19
5880951414,Associate Director -Business Transformation,Firstsource,Chennai,,senior,other,2026-09-12
5864423838,Accordion India - Lead Data Engineer,Accordion India,Hyderabad,,senior,data_engineering,2026-09-01
5897296074,Manager – Business Operations,Deloitte,Bengaluru,,senior,other,2026-09-25
5874818380,"Specialist, Center of Excellence Revenue Accounting",S&P Global,Hyderabad,,mid,other,2026-09-08
5864434406,Responsible AI Governance &,Tata Consultancy Services,Delhi NCR,,mid,data_science,2026-09-01
5889529954,"03 Tableau and SQL Dashboard Expert (Gurgaon, India) JobCode JC0015831",WLEN WorldJobs LLP,Delhi NCR,600000.0,mid,bi,2026-09-18
5807461396,Data Engineer |Snowflake| Python | SQL| Data Modelling | PowerBI / Tableau,Light & Wonder,Unspecified,,mid,data_engineering,2026-07-20
5895470053,Data Engineer |Snowflake| Python | SQL| Data Modelling | PowerBI / Tableau,Light & Wonder,Bengaluru,,mid,data_engineering,2026-09-23
5846726125,"Full Stack Analytics Engineer/ Data Engineer (Snowflake, Python, dbt, Tableau)",Unison Group,Unspecified,,mid,data_engineering,2026-08-18
5831406298,PYTHON SNOWFLAKE TABLEAU DVPR 6 MONTHS C2H BAN OR MUMBAI,BR Raysoft Global Private Limited,Bengaluru,,mid,bi,2026-08-07
5865064882,"Senior Manager, T&O Performance Management (India, Malaysia)",Standard Chartered Bank,Bengaluru,,senior,other,2026-09-01
4839916056,Senior Data Engineer - Data Engineering,Bristlecone,Mumbai,,senior,data_engineering,2024-08-26
5898315170,[INDIA] Reporting - Technology (Non Pharma),ProcDNA,Unspecified,,mid,analyst,2026-09-25
5832795442,Digital-Process Manager-Data Scientist PM,Personiv,Mumbai,,senior,data_science,2026-08-08
5412310663,1970740-Lead Assistant Manager,EXL,Unspecified,,senior,other,2025-09-23
5529544964,BI Assistant Manager,EXL,Unspecified,,senior,bi,2025-12-05
5894230997,RDE - Analytics Lead / Associate Manager,Trigent Software Private Limited,Bengaluru,1850000.0,senior,analyst,2026-09-22
5537945832,Process Manager,eClerx,Mumbai,,senior,other,2025-12-12
5896786066,Data Engineer,Weekday AI,Unspecified,,mid,data_engineering,2026-09-24
5877842311,Technical Architect,Cybage Software Private Limited,Pune,,senior,other,2026-09-10
5516316494,Assistant Manager - Brand Marketing-Data Engineering-Big Data Engineering,EXL,Delhi NCR,,senior,data_engineering,2025-11-27
5898071108,[INDIA] Reporting - Technology I Pharma,ProcDNA,Unspecified,,mid,analyst,2026-09-25
2458411575,Business Intelligence Developer,Symansys Technologies India Pvt Ltd,Delhi NCR,1525000.0,mid,bi,2021-09-15
5872785654,"Product Management Senior Analyst, AVP (Hybrid)",Citigroup,Chennai,,senior,analyst,2026-09-06
3968805473,Solution Architect/Technology Lead â Data Analytics-Mumbai,TSG Global Services Private Limited,Mumbai,1150000.0,senior,analyst,2023-03-10
5875611398,Lead Business Analyst,Delta Exchange,Unspecified,,senior,analyst,2026-09-08
5891870805,Assistant Vice President,EXL,Unspecified,,mid,other,2026-09-20
5838426858,Manager,EXL,Bengaluru,,senior,other,2026-08-12
5500658712,Assistant Manager-Risk Management-Credit Risk & Transaction Analysis,EXL,Unspecified,,senior,other,2025-11-17
5692863707,Senior BI Architech,Deqode,Unspecified,1425000.0,senior,bi,2026-04-08
5879140934,ETL QA tester,Jade Global,Kolkata,,mid,data_engineering,2026-09-11
5879140932,ETL QA tester,Jade Global,Pune,,mid,data_engineering,2026-09-11
4666100036,Looking for Data Analytics Trainer/Faculty/Mentor,ExcelR Edtech Pvt Ltd,Hyderabad,500000.0,mid,analyst,2024-04-26
5832798136,Operational Data Analyst,Milestone Online Technology,Pune,,mid,analyst,2026-08-08
5832798138,Operational Data Analyst,Milestone Online Technology,Bengaluru,,mid,analyst,2026-08-08
5832798151,Operational Data Analyst,Milestone Online Technology,Kolkata,,mid,analyst,2026-08-08
5519432972,Project manager - C2,EXL,Unspecified,,senior,other,2025-11-29
5314053895,Technology Strategy and Reporting Specialist,NeoGenCode Technologies Pvt Ltd,Unspecified,2000000.0,mid,analyst,2025-07-21
5875287022,"Supervisor, Data Operations & Management",McDonalds in India,Hyderabad,,mid,other,2026-09-08
5503404497,3457757-Senior Manager,EXL,Unspecified,,senior,other,2025-11-19
5742519108,BI Developer (Power BI  Sigma Computing),EXL,Bengaluru,,mid,bi,2026-05-28
2458411535,Business Intelligence Developer,Symansys Technologies India Pvt Ltd,Delhi NCR,1550000.0,mid,bi,2021-09-15
5877486811,Senior Product Analyst/Senior Analyst,Prescience Decision Solutions,Bengaluru,,senior,analyst,2026-09-10
4514376281,Business Analytics,Qrata,Mumbai,850000.0,mid,analyst,2024-01-07
2809247230,Data Science Engineer,Myna Solutions,Chennai,1800000.0,mid,data_science,2022-01-13
5796116512,Lead Assistant Manager,EXL,Delhi NCR,,senior,other,2026-07-11
5897680859,Data Engineer,SourcingXPress,Hyderabad,,mid,data_engineering,2026-09-25
5898178653,Data Engineer,Weekday AI,Hyderabad,,mid,data_engineering,2026-09-25
5878656952,Alteryx Developer,EXL,Delhi NCR,,mid,other,2026-09-10
5872082071,Infrastructure Engineer II – Reporting and Analytics,Genl Mills India Priv,Unspecified,,mid,analyst,2026-09-05
5869200256,"Qlik Sense, NCT",DWS,Unspecified,,mid,other,2026-09-03
3487898123,Salesforce Developer,Bohiyaanam Talent Solutions,Mumbai,800000.0,mid,other,2022-09-15
5832798139,Data Analyst/BI Developer,Milestone Online Technology,Hyderabad,,mid,analyst,2026-08-08
5867129553,BI Developer,VSI Infotech LLP,Unspecified,,mid,bi,2026-09-02
5871277447,Payroll Governance & Compliance Data Analytics Analyst,Pearson,Bengaluru,,mid,analyst,2026-09-05
1171507819,Sr. Data Analyst,Saama Technologies,Pune,650000.0,senior,analyst,2019-06-05
5873156716,Application Developer,Accenture,Unspecified,,mid,other,2026-09-06
4727380970,Data Engineer,Molecular Connections,Bengaluru,1450000.0,mid,data_engineering,2024-06-08
5543247193,Manager,EXL,Unspecified,,senior,other,2025-12-16
5773093386,Alteryx Developer,Infosys Limited,Bengaluru,,mid,other,2026-06-23
5854881363,Technical Senior Product Manager - Level 7,Aditi Tech Consulting Private Limited,Pune,,senior,other,2026-08-25
5829886511,BI ENGINEER,Tecqubes Technologies,Unspecified,,mid,bi,2026-08-06
5171459144,Big Data Engineer,Gipfel & Schnell Consultings Pvt Ltd,Bengaluru,1950000.0,mid,data_engineering,2025-05-01
5882499433,Associate Manager,HuntingCube,Ahmedabad,,senior,other,2026-09-13
5804445331,VP - KYC Operations Data Lead,Citigroup,Mumbai,,senior,other,2026-07-17
5877174693,Sr Executive- Ecom CS,NielsenIQ,Mumbai,,senior,other,2026-09-09
5856940101,Principal Analyst — Dashboarding & Commercial Analytics,2028 Takeda Innovations India,Unspecified,,senior,analyst,2026-08-26
5897042436,Data & Analytics Engineer - AM,BSR & Co,Bengaluru,,mid,analyst,2026-09-24
5829189149,B1/Consultant I,EXL,Ahmedabad,,mid,other,2026-08-05
5211779208,Business Intelligence Specialist,Wissen Technology,Mumbai,,mid,bi,2025-05-23
4514376909,Senior Business Intelligence Engineer,Qrata,Unspecified,1850000.0,senior,bi,2024-01-07
5891242069,Data Platform & Production Support Engineer,Aditi Tech Consulting Private Limited,Bengaluru,,mid,other,2026-09-20
5344803507,Senior Marketing Operations Manager (Datadog),Talent Pro,Unspecified,2750000.0,senior,other,2025-08-09
5796205769,Assistant Vice President,EXL,Bengaluru,,mid,other,2026-07-11
3013476469,Senior Marketing Analyst,Carsome,Unspecified,2250000.0,senior,analyst,2022-04-01
3300502197,Full stack developer,xlnc technologies,Mumbai,600000.0,mid,other,2022-07-08
5851860850,Business Intelligence Analyst On Contract / Off-Roll,Franklin Templeton,Mumbai,,mid,analyst,2026-08-22
5877845466,Talent Mobility Information System (TMIS) Analyst,Trianz,Hyderabad,,mid,analyst,2026-09-10
5504438046,Data Scientist,Wissen Technology,Bengaluru,,mid,data_science,2025-11-20
3433222294,Data Science Analyst,Angel One,Unspecified,1050000.0,mid,data_science,2022-08-26
1966607885,ETL developer,Talentojcom,Unspecified,3000000.0,mid,data_engineering,2021-02-02
2539490047,Data Engineer,Rize @ People Konnect Pvt. Ltd.,Bengaluru,4000000.0,mid,data_engineering,2021-10-13
5682435804,Assistant Manager,EXL,Bengaluru,,senior,other,2026-03-30
5859122842,Marketing Manager - Analytics,Ti Steps,Bengaluru,,senior,analyst,2026-08-28
5861792875,"Consultant, BI Operations specialist",transunion,Pune,,mid,bi,2026-08-30
5869826008,Analyst III - Marketing/Consumer Insights-2,Heinz,Ahmedabad,,mid,analyst,2026-09-04
5869825971,Analyst III Marketing/Consumer Insights-2,Heinz,Ahmedabad,,mid,analyst,2026-09-04
5869814821,Manager - Data Analytics,EXL,Delhi NCR,,senior,analyst,2026-09-04
5877847628,Data Analyst - Credit,Tvs Credit Services Ltd,Chennai,,mid,analyst,2026-09-10
5899549573,Business Analyst Japanese,algoleap,Hyderabad,,mid,analyst,2026-09-26
5895875095,SENIOR SEISMIC APPLICATION DEVELOPER,Vrinda International,Chennai,1750000.0,senior,other,2026-09-24
5803759213,Assistant Manager-Regulated,Bank of America,Mumbai,,senior,other,2026-07-17
5700472299,Assistant Manager,EXL,Bengaluru,,senior,other,2026-04-16
4992020393,SSRS Developer,Sanguine Global,Chennai,800000.0,mid,other,2024-12-30
5496729203,Data Scientist,hirezyai,Mumbai,2700000.0,mid,data_science,2025-11-15
5857750993,Customer Operations Lead,Hindustan Unilever Hul,Mumbai,,senior,other,2026-08-27
5868113617,Senior Data Engineer - Visa,Foray Software,Bengaluru,,senior,data_engineering,2026-09-03
5217936465,"Sr Manager, Data Visualization & Business Intelligence",McDonalds in India,Hyderabad,,senior,bi,2025-05-27
5191387507,Data Scientist role @ Zolvit,Zolvit ,Bengaluru,1500000.0,mid,data_science,2025-05-10
4386562911,Senior Executive - Analytics (Business Intelligence),Merito,Bengaluru,1300000.0,senior,analyst,2023-10-22
5843191378,Senior Manager,EXL,Bengaluru,,senior,other,2026-08-15
5869826017,"Analyst III, Marketing Insights",Heinz,Ahmedabad,,mid,analyst,2026-09-04
5465034728,Application Engineer-Application Development-Business Intelligence,EXL,Unspecified,,mid,bi,2025-10-26
5877845375,Data/BI/Business Analyst,Nihilent,Pune,,mid,analyst,2026-09-10
5875737607,Custom Software Engineer,Accenture,Unspecified,,mid,other,2026-09-08
5863110087,"Analyst, Product Operations, Transportation",NPS Prism,Delhi NCR,,mid,analyst,2026-09-01
3468844343,Senior Account Executive,Jobdost,Pune,1000000.0,senior,other,2022-09-08
5859121471,Manager - Data Analytics,Mastermind Network,Chennai,,senior,analyst,2026-08-28
5808699400,Data Scientist Data Science Intern,Adway Institute Of Management Education Private Limited,Coimbatore,,junior,data_science,2026-07-21
2509165173,Data Scientist,The Hub,Unspecified,1950000.0,mid,data_science,2021-10-02
5854880230,Senior Data Analytics Specialist,Oliver Wyman,Hyderabad,,senior,analyst,2026-08-25
5879948416,"Business Analyst, RBS ARTS (Automation Reporting and Tech Sciences)",Amazon,Unspecified,,mid,analyst,2026-09-11
5727240801,Power Bi Developer or Senior Data Analyst for Leading Pharma Company,Talisman HR Solutions,Mumbai,,senior,analyst,2026-05-13
5895535156,PowerBI Azure DB Developer,Q1 Technologies India PVT,Bengaluru,2600000.0,mid,bi,2026-09-23
4097420839,ETL Developer,Synechron,Bengaluru,850000.0,mid,data_engineering,2023-05-13
2500156058,Product Analyst,Utkarsh Staffing Solutions,Bengaluru,1500000.0,mid,analyst,2021-09-29
5689085709,Lead Assistant Manager,EXL,Bengaluru,,senior,other,2026-04-04
5890890594,Data Scientist,EXL,Unspecified,,mid,data_science,2026-09-19
5876016329,Data Scientist,EXL,Unspecified,,mid,data_science,2026-09-09
5889676122,Data Scientist,Victoria’s Secret & Co.,Bengaluru,,mid,data_science,2026-09-18
5876010793,Data Scientist,Infosys Finacle,Bengaluru,,mid,data_science,2026-09-09
5897873954,Data Scientist,Auxo Talent,Mumbai,,mid,data_science,2026-09-25
5901133839,Data Scientist,Jigyasa Analytics,Unspecified,,mid,data_science,2026-09-28
5898535012,Data Scientist,Judge India Solutions,Hyderabad,,mid,data_science,2026-09-25
5884641060,Data Scientist,InterEx Group,Unspecified,,mid,data_science,2026-09-15
5870860105,Data Scientist,Systems Limited,Unspecified,,mid,data_science,2026-09-04
5876016078,Data Scientist,Tata Consultancy Services,Chennai,,mid,data_science,2026-09-09
5865291446,Data Scientist,Tricog Health,Bengaluru,,mid,data_science,2026-09-02
5864421852,Data Scientist,FundsIndia,Bengaluru,,mid,data_science,2026-09-01
5870863099,Data Scientist,Recro,Bengaluru,,mid,data_science,2026-09-04
5898533957,Data Scientist,Tata Consultancy Services,Bengaluru,,mid,data_science,2026-09-25
5895599613,Data Scientist,Affinity Global,Mumbai,,mid,data_science,2026-09-24
5872266310,Data Scientist,TELUS Digital AI Data Solutions,Bengaluru,,mid,data_science,2026-09-06
5880062427,Data Scientist,Omnicom Global Solutions,Unspecified,,mid,data_science,2026-09-12
5849297019,Data Scientist,Kyndryl,Delhi NCR,,mid,data_science,2026-08-20
5877457569,Data Scientist,Tata Consultancy Services,Chennai,,mid,data_science,2026-09-10
5849296977,Data Scientist,Kyndryl,Mumbai,,mid,data_science,2026-08-20
5837138848,Data Scientist,Kyndryl,Unspecified,,mid,data_science,2026-08-12
5857251146,Data Scientist,eBay,Bengaluru,,mid,data_science,2026-08-27
5889682515,Data Scientist,Tata Consultancy Services,Unspecified,,mid,data_science,2026-09-18
5889682066,Data Scientist,Tata Consultancy Services,Hyderabad,,mid,data_science,2026-09-18
5889684632,Data Scientist,redBus,Bengaluru,,mid,data_science,2026-09-18
5901136834,Data Scientist,Mirchi,Delhi NCR,,mid,data_science,2026-09-28
5881758282,Data Scientist,Birlasoft,Hyderabad,,mid,data_science,2026-09-13
5889676124,Data Scientist,TechAIVV Technologies,Hyderabad,,mid,data_science,2026-09-18
5889684634,Data Science Trainer,Itvedant Education Pvt. Ltd.,Hyderabad,,mid,data_science,2026-09-18
5880064279,Director Data Science,NorthStar HR Consultants,Unspecified,,senior,data_science,2026-09-12
5891981529,Data Scientist (Freshers),Work360,Unspecified,,mid,data_science,2026-09-20
5890613477,Senior Data Scientist,Peoplefy,Unspecified,,senior,data_science,2026-09-19
5881767844,Senior Data Scientist,AB InBev GCC India,Bengaluru,,senior,data_science,2026-09-13
5897873668,Senior Data Scientist,Flipkart,Bengaluru,,senior,data_science,2026-09-25
5864425220,Data Science Manager,ORMAE,Bengaluru,,senior,data_science,2026-09-01
5897295809,Senior Data Scientist,True Tech Professionals,Unspecified,,senior,data_science,2026-09-25
5900875377,"Director, Data Science",Applied Data Finance,Unspecified,,senior,data_science,2026-09-28
5890893908,Senior Data Scientist,AkzoNobel,Unspecified,,senior,data_science,2026-09-19
5891976010,Senior Data Scientist,FireAI,Hyderabad,,senior,data_science,2026-09-20
5837139664,Senior Data Scientist,Capco,Pune,,senior,data_science,2026-08-12
5897294724,Senior Data Scientist,Auxo Talent,Mumbai,,senior,data_science,2026-09-25
5867263491,Associate Data Scientist,ZIGRAM,Unspecified,,junior,data_science,2026-09-02
5876011934,Lead Data Scientist,Navi,Bengaluru,,senior,data_science,2026-09-09
5876011964,Data Science Manager,Navi,Bengaluru,,senior,data_science,2026-09-09
5896250295,Principal Data Scientist,CareStack™ - Dental Practice Management,Thiruvananthapuram,,senior,data_science,2026-09-24
5837139561,Principal Data Scientist,Warner Bros. Discovery,Hyderabad,,senior,data_science,2026-08-12
5878873648,"Specialist, Data Science",MSD,Pune,,mid,data_science,2026-09-11
5897296300,Data Science Instructor,upGrad,Bengaluru,,mid,data_science,2026-09-25
5867037348,Data Science Instructor,upGrad,Chennai,,mid,data_science,2026-09-02
5870526952,Data Science Instructor,upGrad,Unspecified,,mid,data_science,2026-09-04
5882598067,Data Science Instructor,upGrad,Bengaluru,,mid,data_science,2026-09-13
5880071043,Chief Data Scientist,Genpact,Bengaluru,,mid,data_science,2026-09-12
5881767630,Director Data Science,Cvent,Unspecified,,senior,data_science,2026-09-13
5887061537,PRINCIPAL DATA SCIENCE,TE Connectivity,Bengaluru,,senior,data_science,2026-09-17
5897296234,Data Science Manager,Publicis Sapient,Unspecified,,senior,data_science,2026-09-25
5867035933,Data Science Instructor,upGrad,Chennai,,mid,data_science,2026-09-02
5857168441,Data Science Instructor,upGrad,Hyderabad,,mid,data_science,2026-08-26
5867037804,Data Science Instructor,upGrad,Other,,mid,data_science,2026-09-02
5880064281,Senior Data Scientist,Kaleidofin Private Limited,Bengaluru,,senior,data_science,2026-09-12
5856130082,Staff Data Scientist,Warner Bros. Discovery,Bengaluru,,mid,data_science,2026-08-26
5890613484,Sr Data Scientist,Persistent Systems,Unspecified,,senior,data_science,2026-09-19
5901133099,GenAI Data scientist,Tata Consultancy Services,Chennai,,mid,data_science,2026-09-28
5901132906,Senior Data Scientist,"o9 Solutions, Inc.",Bengaluru,,senior,data_science,2026-09-28
5894389937,Senior Data Scientist,HP,Bengaluru,,senior,data_science,2026-09-23
5870857274,Senior Data Scientist,Cyient,Bengaluru,,senior,data_science,2026-09-04
5867265444,Senior Data Scientist,Arcana,Unspecified,,senior,data_science,2026-09-02
5892037425,Sr. Data Scientist,LexisNexis Legal & Professional®,Chennai,,senior,data_science,2026-09-21
5887061114,SR. DATA SCIENTIST,TE Connectivity,Bengaluru,,senior,data_science,2026-09-17
5873278201,Lead Data Scientist,7-Eleven Global Solution Center – India,Bengaluru,,senior,data_science,2026-09-07
5899975971,Senior Data Science Manager,Factspan,Bengaluru,,senior,data_science,2026-09-27
5869559119,Director - Data science (RGM),Tredence Inc.,Bengaluru,,senior,data_science,2026-09-04
5896962252,"Data Scientist II, Hyderabad",Warner Bros. Discovery,Hyderabad,,mid,data_science,2026-09-24
5864421807,Delivery Head - Data Science,Tredence Inc.,Bengaluru,,senior,data_science,2026-09-01
5882857495,Data Scientist - Python (Remote),Hire Feed,Unspecified,,mid,data_science,2026-09-14
5897683552,Senior Data Scientist– Pricing,HP,Bengaluru,,senior,data_science,2026-09-25
5865291965,Demand Forecasting Data Scientist,Artech L.L.C.,Bengaluru,,mid,data_science,2026-09-02
5896962248,Senior Data Scientist - Hyderabad,Warner Bros. Discovery,Hyderabad,,senior,data_science,2026-09-24
5887061470,MGR I DATA SCIENCE,TE Connectivity,Bengaluru,,mid,data_science,2026-09-17
5857982533,"Data Scientist, Knowledge Management",eBay,Bengaluru,,mid,data_science,2026-08-27
5837139433,Data Scientist with R programming,Capco,Bengaluru,,mid,data_science,2026-08-12
5890612549,Director - Data Science & AI,Sigmoid,Bengaluru,,senior,data_science,2026-09-19
5874818382,Data Scientist (Analytics) - L24,eBay,Bengaluru,,mid,data_science,2026-09-08
5842114970,Principal Clinical Data Scientist,Novartis,Unspecified,,senior,data_science,2026-08-15
5882426659,Sr. Engineer - Data Scientist,Kyndryl,Mumbai,,senior,data_science,2026-09-13
5871227856,Applied Research - Data Scientist,HP,Bengaluru,,mid,data_science,2026-09-05
5857251204,"Manager, Data Science (Analytics)",eBay,Bengaluru,,senior,data_science,2026-08-27
5900638679,Expert Clinical Data Scientist,Novartis,Unspecified,,mid,data_science,2026-09-27
5900638656,Senior Clinical Data Scientist,Novartis,Unspecified,,senior,data_science,2026-09-27
5870527931,Data Scientist - AIML Engineer,Infosys Finacle,Chennai,,mid,data_science,2026-09-04
5879665011,Director – Data Science & Data Engineering(AI),"Prudent Technologies and Consulting, Inc.",Hyderabad,,senior,data_science,2026-09-11
5895239780,Senior Data Scientist - Econometrics Specialist,EXL,Unspecified,,senior,data_science,2026-09-23
5890612623,Part time Data Science Instructor,upGrad,Chandigarh,,mid,data_science,2026-09-19
5883858661,Sr. Data Scientist with Snowflake experience,SynapOne,Hyderabad,,senior,data_science,2026-09-15
5857982609,"Manager, Data Science - Analytics 1",eBay,Bengaluru,,senior,data_science,2026-08-27
5889223577,Data Science Instructor - Learning Centre,upGrad,Other,,mid,data_science,2026-09-18
5879662958,Data Science Instructor - Learning Centre,upGrad,Chandigarh,,mid,data_science,2026-09-11
5895240611,Data Science Instructor - Learning Centre,upGrad,Other,,mid,data_science,2026-09-23
5870693464,"Data Scientist / AI Engineer, AVP",Deutsche Bank,Bengaluru,,mid,data_science,2026-09-04
5840277221,"Staff, Data Science & Applied AI",Warner Bros. Discovery,Hyderabad,,mid,data_science,2026-08-13
5893961410,"Specialist, Data Science & Artificial Intelligence",Novartis,Unspecified,,mid,data_science,2026-09-22
5894222466,"Data Scientist, Fraud Risk Mitigation",Applied Data Finance,Unspecified,,mid,data_science,2026-09-22
5870865883,Data Science Trainer-AI/ML,Evalueserve,Unspecified,,mid,data_science,2026-09-04
5897683545,Global Demand Expert & Data Scientist,TE Connectivity,Bengaluru,,mid,data_science,2026-09-25
5890717813,Senior Data Science & AI Specialist,ABB,Bengaluru,,senior,data_science,2026-09-19
5843137505,Data Science-Index Quant Specialist,MSCI,Mumbai,,mid,data_science,2026-08-15
5870858265,Deputy Vice President - Data Scientist,SBI Card,Unspecified,,mid,data_science,2026-09-04
5889678785,Lead GenAI Data Scientist — LLM Applications,DBiz.ai,Bengaluru,,senior,data_science,2026-09-18
5867263676,Technical Lead – Data Science & Generative AI,Incedo Inc.,Unspecified,,senior,data_science,2026-09-02
5893042467,"Analytics & Data Science Lead, Commercial Pharma","Orcana-AI, Inc.",Bengaluru,,senior,data_science,2026-09-21
5846723461,"Data Science and AI Engineering Lead, VP",Deutsche Bank,Bengaluru,,senior,data_science,2026-08-18
5837843617,"Staff Data Scientist (Growth & ML), Hyderabad",Warner Bros. Discovery,Hyderabad,,mid,data_science,2026-08-12
5895599861,Senior Health Data Scientist & Analytics Lead,Estatic Infotech Pvt. Ltd. ,Ahmedabad,,senior,data_science,2026-09-24
5837139276,"Human-Centered AI Data Scientist, Strategy and Talent",Standard Chartered Bank,Bengaluru,,mid,data_science,2026-08-12
5882863894,Senior Data Scientist – Marketing Mix Optimization (MMO Enhancements),Blend,Hyderabad,,senior,data_science,2026-09-14
5864437728,Senior Health Data Scientist & Analytics Lead — Wearables & Digital Health,Iron - Saúde ao seu alcance,Ahmedabad,,senior,data_science,2026-09-01
5871846075,Scientific Computing Engineer - Drug Product Process Modeling & Data Science,Novartis,Unspecified,,mid,data_science,2026-09-05
5880069394,Senior/ Lead Data Scientist | 5-10 Yrs | Bangalore | Immediate,Bandhan Technologies,Unspecified,,senior,data_science,2026-09-12
5785772182,ABB Talent Pool(Unpause - Returnee program) - Technology and Data Science,ABB,Bengaluru,,mid,data_science,2026-07-03
5901137087,Data Scientist :: 5-8 Years & 8 Years :: Multiple openings,Quantum Integrators,Hyderabad,,mid,data_science,2026-09-28
5880950446,Data Engineer,Tata Consultancy Services,Chennai,,mid,data_engineering,2026-09-12
5889220286,Associate,Victoria’s Secret & Co.,Bengaluru,,junior,other,2026-09-18
5876021987,Staff Researcher – Applied Science,Navi,Unspecified,,mid,other,2026-09-09
5867037846,Specialist - US IT Recruitment,MathCo,Unspecified,,mid,other,2026-09-02
5898129420,Principal,MathCo,Bengaluru,,senior,other,2026-09-25
5886486753,Senior consultant-Business Analytics,Allianz Commercial,Pune,,senior,analyst,2026-09-16
5900616288,Assistant Professor - School of Computing,Kumaraguru College of Technology,Coimbatore,,mid,other,2026-09-27
5896612612,Customer Analytics Specialist,EXL,Unspecified,,mid,analyst,2026-09-24
5886099690,Assistant Professor in Computer Science & Engineering Dept,Invertis University,Other,,mid,other,2026-09-16
5879665935,Senior Data Engineer,WAISL Limited,Delhi NCR,,senior,data_engineering,2026-09-11
5881767841,Azure Data Factory,Tata Consultancy Services,Chennai,,mid,other,2026-09-13
5879670937,Assistant Professor of Computer Science,Illinois Tech Mumbai,Mumbai,,mid,other,2026-09-11
5889219761,Project Manager,Nuvo AI,Other,,senior,other,2026-09-18
5879662996,CDP-Data Engineer,Americana Restaurants,Unspecified,,mid,data_engineering,2026-09-11
5891690253,Data Engineer,Talink,Chandigarh,,mid,data_engineering,2026-09-20
5881771030,Fashion Buying and Merchandising (E-Commerce/ AI/ Fashion design),PeopleGene,Bengaluru,,mid,data_science,2026-09-13
5890896664,Quantitative Researcher,Alpha Alternatives,Mumbai,,mid,other,2026-09-19
5897294628,Senior Data Engineer (India - Remote),Anson McCade,Unspecified,,senior,data_engineering,2026-09-25
5886486783,Staff AI Developer,Thermo Fisher Scientific,Bengaluru,,mid,data_science,2026-09-16
5895599327,Senior Sales Engineer,Quantiphi,Bengaluru,,senior,other,2026-09-24
5895599378,Senior Sales Engineer,Quantiphi,Mumbai,,senior,other,2026-09-24
5864423067,Senior Data Engineer,Olympus Corporation,Hyderabad,,senior,data_engineering,2026-09-01
5859662512,Manager-Data Engineering,Moody's,Bengaluru,,senior,data_engineering,2026-08-28
5889684928,Project Leader/Manager - Patient Analytics  Predictive Modeling,Axtria - Ingenious Insights,Bengaluru,,senior,analyst,2026-09-18
5898262824,"Senior Manager, Data Solutions & Analytics",Standard Chartered Bank,Bengaluru,,senior,analyst,2026-09-25
5881877312,Python with Django - Python with Django L3 (5.1-7 years),Capco,Chennai,,mid,other,2026-09-13
5889222402,Artificial Intelligence Specialist,Infosys Finacle,Bengaluru,,mid,other,2026-09-18
5897294723,Assistant/Associate Professor - AI/ML (Sonipat),Newton School of Technology,Other,,junior,data_science,2026-09-25
5896612958,Assistant/Associate Professor - AI/ML (Pune),Newton School of Technology,Unspecified,,junior,data_science,2026-09-24
5899510237,Data Annotation Engineer,Tonbo Imaging,Bengaluru,,mid,other,2026-09-26
5870527521,Assistant Professor,Galgotias University,Delhi NCR,,mid,other,2026-09-04
5837139342,Senior Insights Analyst,WPP Production,Chennai,,senior,analyst,2026-08-12
5886986225,Assistant Professor of Computer Science,"SRM Institute of Science and Technology, Kattankulathur Campus",Unspecified,,mid,other,2026-09-17
5846663519,Assistant Professor,"Birla Institute of Technology and Science, Pilani",Bengaluru,,mid,other,2026-08-18
5881766635,AI PROJECT Manager,Tekskills Inc.,Hyderabad,,senior,data_science,2026-09-13
5878873564,Senior – Data Architect,Kraft Heinz,Bengaluru,,senior,other,2026-09-11
5888968611,Data Architect,Kraft Heinz,Bengaluru,,senior,other,2026-09-18
5873278272,Certified Workday Consultant,JMAN Group,Chennai,,mid,other,2026-09-07
5879663223,Corporate Relations Manager,upGrad,Unspecified,,senior,other,2026-09-11
5898126207,Lead Data Engineer,McCormick & Company,Unspecified,,senior,data_engineering,2026-09-25
5890897388,Technical Project Manager,Artizent,Bengaluru,,senior,other,2026-09-19
5841509271,Senior Data Engineer,Cornerstone OnDemand,Hyderabad,,senior,data_engineering,2026-08-14
5882593345,Senior Data Engineer - L3,Wayfair,Bengaluru,,senior,data_engineering,2026-09-13
5890717554,Senior Analytics Platform Engineer,MSD,Hyderabad,,senior,analyst,2026-09-19
5837139239,GenAI & Agentic AI Developer,Kyndryl,Mumbai,,mid,data_science,2026-08-12
5852738554,AI Engineer (Manager level),Clifford Chance,Hyderabad,,senior,data_science,2026-08-22
5837139879,AI Engineer,Capco,Pune,,mid,data_science,2026-08-12
5895599379,Manager - Analytics,JioHotstar,Mumbai,,senior,analyst,2026-09-24
5886986201,Data Engineer,v4c.ai,Unspecified,,mid,data_engineering,2026-09-17
5880951633,Quality Assurance Manager,Tekion Corp,Unspecified,,senior,other,2026-09-12
5893924902,Data Engineer,VARITE INC,Unspecified,,mid,data_engineering,2026-09-22
5893930219,MLOps Engineer (Data Engineer),VARITE INC,Unspecified,,mid,data_engineering,2026-09-22
5901134392,Sr. Data Engineer - GCP,Ishan Technologies,Unspecified,,senior,data_engineering,2026-09-28
5889220960,GCP Data Engineer: Face to Face Hackathon on 19-Sep@ Chennai,HCLTech,Chennai,,mid,data_engineering,2026-09-18
5788599321,Credit Portfolio Manager,Confidential Careers,Unspecified,,senior,other,2026-07-05
5889219465,CDP Manager,Americana Restaurants,Unspecified,,senior,other,2026-09-18
5850907175,Data Strategy and Governance Lead,HP,Bengaluru,,senior,other,2026-08-21
5894979895,Team Lead - MLOps / AI DevOps (AWS),Moody's,Bengaluru,,senior,data_science,2026-09-23
5884159581,Senior Lead - SME Risk,Credit Saison India,Unspecified,,senior,other,2026-09-15
5893929872,Assistant Professor Computer Science Engineering,Dayananda Sagar University,Bengaluru,,mid,other,2026-09-22
5871992107,Senior Data Engineer,R Systems,Unspecified,,senior,data_engineering,2026-09-05
5900875298,Sr Data Engineer,Wissen Technology,Bengaluru,,senior,data_engineering,2026-09-28
5837139873,"IT&D Manager, Smart Execution",Reckitt,Hyderabad,,senior,other,2026-08-12
5868794695,EdTech Business Development Manager – Programs & Partnerships,"iHub-Data, IIIT Hyderabad",Hyderabad,,senior,other,2026-09-03
5893035616,Senior Quantitative Research,1 Finance,Mumbai,,senior,other,2026-09-21
5787964850,Assistant Professor- Computer Science and Engineering,Amity University,Delhi NCR,,mid,other,2026-07-04
5879671084,Senior Data Engineer,R Systems,Bengaluru,,senior,data_engineering,2026-09-11
5889219654,Senior Data Engineer,Ganit Inc.,Mumbai,,senior,data_engineering,2026-09-18
5869485012,"Senior AI Engineer, Legal",Danaher,Kolkata,,senior,data_science,2026-09-04
5890890279,Analytics COE Lead,eClerx,Mumbai,,senior,analyst,2026-09-19
5872265967,Principal Product Manager(Clinical),Providence India,Hyderabad,,senior,other,2026-09-06
5897873622,AI/ML Delivery Manager,Innodata Inc.,Unspecified,,senior,data_science,2026-09-25
5645288318,Data Scientist-Data Science-Data Scientist,EXL,Unspecified,,mid,data_science,2026-02-26
5867717280,SDE 3 - Backend,slice,Bengaluru,,mid,other,2026-09-03
5879668042,Presales Solutions Consultant,Edureka,Bengaluru,,mid,other,2026-09-11
5876870966,Senior Data Engineer - L4,Wayfair,Bengaluru,,senior,data_engineering,2026-09-09
5874134587,AI SQL Developer (MySQL \ PostgreSQL \ Vector DB),Cryscol Solutions,Unspecified,,mid,data_science,2026-09-07
5901134453,Principal GenAI Engineer – Backend / Fullstack,Savitr Software Services  Ltd,Hyderabad,,senior,other,2026-09-28
5891352671,Data Engineer,Andor Tech,Bengaluru,,mid,data_engineering,2026-09-20
5900615917,Assistant Professor,REVA University,Bengaluru,,mid,other,2026-09-27
5864428908,Data Associate,Arcana,Unspecified,,junior,other,2026-09-01
5846723213,AI Specialist,Deutsche Bank,Pune,,mid,data_science,2026-08-18
5837139622,"Senior Staff Product Manager - Technical, Data Platform Team, Hyderabad",Warner Bros. Discovery,Hyderabad,,senior,other,2026-08-12
5897296003,Senior SAP Consultant,Polestar Analytics,Delhi NCR,,senior,other,2026-09-25
5898126256,GCP Data Engineer -Chennai-C2H,Staffington Global,Chennai,,mid,data_engineering,2026-09-25
5901132844,Manager Network Design,noon,Delhi NCR,,senior,other,2026-09-28
5873073725,Product Security Architect,Flipkart,Bengaluru,,senior,other,2026-09-06
5879658421,Sr Azure Data engineer (Fabric - Mandatory) with SSIS expertise,Tata Consultancy Services,Hyderabad,,senior,data_engineering,2026-09-11
5882858207,Mathematics Professor/Researcher (Remote),Hired,Unspecified,,mid,other,2026-09-14
5898533997,Yardi Help Desk,RHC India,Ahmedabad,,mid,other,2026-09-25
5837138953,Senior IT Digital Workplace Engineer,Cornerstone OnDemand,Hyderabad,,senior,other,2026-08-12
5846723080,Staff Software Engineer,Moody's,Bengaluru,,mid,other,2026-08-18
5886487528,Pricing Analyst II,Thermo Fisher Scientific,Bengaluru,,mid,analyst,2026-09-16
5891204333,Technical Manager,ABB,Bengaluru,,senior,other,2026-09-20
5878828119,Senior Data Engineer,ADB SAFEGATE,Hyderabad,,senior,data_engineering,2026-09-11
5895030124,Senior Data Engineer,Blis,Mumbai,,senior,data_engineering,2026-09-23
5887061098,SR SYSTEMS ENGINEER,TE Connectivity,Bengaluru,,senior,other,2026-09-17
5886486675,Principal Software Engineer,Moody's,Delhi NCR,,senior,other,2026-09-16
5899258980,GCP Data Engineer,Tata Consultancy Services,Bengaluru,,mid,data_engineering,2026-09-26
5900876143,Senior Business Development Executive,Accredian,Unspecified,,senior,other,2026-09-28
5900875418,Senior Admissions Counselor,Accredian,Unspecified,,senior,other,2026-09-28
5899975716,Business Development Executive,Accredian,Unspecified,,mid,other,2026-09-27
5867037963,Senior Data Engineer,EXL,Delhi NCR,,senior,data_engineering,2026-09-02
5899510747,Admissions Counselor,Accredian,Unspecified,,mid,other,2026-09-26
5898128493,GCP Data Engineer,Tata Consultancy Services,Hyderabad,,mid,data_engineering,2026-09-25
5898126771,GCP Data Engineer,Tata Consultancy Services,Delhi NCR,,mid,data_engineering,2026-09-25
5889220247,Dean MCA,Accurate Group of Institutions,Other,,mid,other,2026-09-18
5886098813,"GCP Data Engineer_Chennai, Bangalore, Hyderabad_8 to 12 yrs",Tata Consultancy Services,Bengaluru,,mid,data_engineering,2026-09-16
5889214220,Health Coach Intern,Resolute AI,Bengaluru,,junior,other,2026-09-18
5882593348,GCP Data Engineer_Chennai_5 yrs_walkin_19 sep,Tata Consultancy Services,Chennai,,mid,data_engineering,2026-09-13
5891689439,Real Estate Underwriter,RHC India,Ahmedabad,,mid,other,2026-09-20
5891689060,Financial Underwriter,RHC India,Ahmedabad,,mid,other,2026-09-20
5891690384,US Property Accountant,RHC India,Ahmedabad,,mid,other,2026-09-20
5891691223,Yardi Support Specialist,RHC India,Ahmedabad,,mid,other,2026-09-20
5891690337,US Accounting Executive (Night Shift),RHC India,Ahmedabad,,mid,other,2026-09-20
5880951872,Network & Systems Administration Senior Analyst [T500-29329],Inspire,Hyderabad,,senior,analyst,2026-09-12
5837139772,Senior Data Engineering - GCP Lead,Capco,Bengaluru,,senior,data_engineering,2026-08-12
5867037771,SAP Datasphere Consultant,Sonata Software,Bengaluru,,mid,other,2026-09-02
5900876614,Dataiku Data Engineer,ARA Resources Pvt. Ltd.,Hyderabad,,mid,data_engineering,2026-09-28
5901133544,Student Success Intern,Accredian,Unspecified,,junior,other,2026-09-28
5837139469,App Developer - AI/ML,Warner Bros. Discovery,Hyderabad,,mid,data_science,2026-08-12
5870527890,Data Engineer,Persistent Systems,Bengaluru,,mid,data_engineering,2026-09-04
5837139683,Senior Data Governance - AI Driven Metadata Management,Capco,Bengaluru,,senior,data_science,2026-08-12
5857251144,Agentic Analytics Products Developer,eBay,Bengaluru,,mid,analyst,2026-08-27
5847959758,Artificial Intelligence Business Architect,HP,Bengaluru,,senior,other,2026-08-19
5877184039,"Senior Specialist, Platform Analytics AI ( Python and AWS)",Novartis,Unspecified,,senior,data_science,2026-09-09
5881761904,Data Associate (Data Annotation Specialist),Dwij AI,Ahmedabad,,junior,other,2026-09-13
5899512341,Junior Sales Executive,Ganit Inc.,Mumbai,,junior,other,2026-09-26
5896613596,B2C Inside Sales Executive,Growcline Global,Hyderabad,,mid,other,2026-09-24
5899512265,Business Development Executive,Appin Technology Coimbatore,Coimbatore,,mid,other,2026-09-26
5898127467,Semantic Data Modeller,Tata Consultancy Services,Unspecified,,mid,other,2026-09-25
5870527102,Assistant Professor,Jain ,Bengaluru,,mid,other,2026-09-04
5786785250,"Senior Manager, Credit Card Portfolio Management",Confidential,Unspecified,,senior,other,2026-07-03
5845820474,Data Scientist Data Science Intern,Chandigarh University,Chandigarh,,junior,data_science,2026-08-18
5845820479,Data Scientist Data Science Intern,Amayradh Infotech Private Limited,Delhi NCR,,junior,data_science,2026-08-18
5845820435,Data Scientist Data Science Intern,Kodetocareer,Delhi NCR,,junior,data_science,2026-08-18
5845820507,Data Scientist Data Science Intern,Technobrilliant Learning Solutions,Pune,,junior,data_science,2026-08-18
5845820536,Data Scientist Data Science Intern,Nettech India propmrsarfaraz Ahmed,Mumbai,,junior,data_science,2026-08-18
5808699328,Data Scientist Senior Data Scientist,Relay Human Cloud India,Ahmedabad,,senior,data_science,2026-07-21
5859122223,Data Scientist/Senior Data Scientist,Tiger Analytics,Bengaluru,,senior,data_science,2026-08-28
5859122222,Data Scientist/Senior Data Scientist,Tiger Analytics,Hyderabad,,senior,data_science,2026-08-28
5859122250,Data Scientist/Senior Data Scientist,Tiger Analytics,Chennai,,senior,data_science,2026-08-28
5838433187,Sr. Data Scientist / Data Scientist,Williams-Sonoma,Pune,,senior,data_science,2026-08-12
5837843606,"Senior Technical Program Manager (Data Platform), Hyderabad",Warner Bros. Discovery,Hyderabad,,senior,other,2026-08-12
5887061032,SR. DATA ENGINEER,TE Connectivity,Bengaluru,,senior,data_engineering,2026-09-17
5896553355,Data Scientist,Datamatics Technologies,Hyderabad,,mid,data_science,2026-09-24
5896553354,Data Scientist,Datamatics Technologies,Chennai,,mid,data_science,2026-09-24
5896553353,Data Scientist,Datamatics Technologies,Mumbai,,mid,data_science,2026-09-24
5896553352,Data Scientist,Datamatics Technologies,Bengaluru,,mid,data_science,2026-09-24
5657233086,Data Scientist,Weekday AI,Unspecified,,mid,data_science,2026-03-07
5886132844,DATA SCIENTIST,Vrinda International,Unspecified,2250000.0,mid,data_science,2026-09-16
5702235807,Data Scientist,Fuku,Unspecified,,mid,data_science,2026-04-17
5705560469,Data Scientist,Fuku,Unspecified,,mid,data_science,2026-04-21
5894231002,Data Scientist,Trigent Software Private Limited,Bengaluru,2200000.0,mid,data_science,2026-09-22
5888935248,Data Scientist,Maker Lab,Unspecified,,mid,data_science,2026-09-18
5801068336,Data Scientist,Slate Technologies,Bengaluru,,mid,data_science,2026-07-15
5777469064,Data Scientist,Jash Data Sciences Pvt Ltd,Pune,1050000.0,mid,data_science,2026-06-26
5837139112,Software Architect,Cornerstone OnDemand,Hyderabad,,senior,other,2026-08-12
5890612545,Manager,Shoolini University,Unspecified,,senior,other,2026-09-19
5890897308,Detection Engineer L3,Capgemini,Bengaluru,,mid,other,2026-09-19
5891693542,Technical Program Manager,Trianz,Hyderabad,,senior,other,2026-09-20
5522127566,Data Scientist,EXL,Delhi NCR,,mid,data_science,2025-12-01
5882782117,Data Scientist,EXL,Unspecified,,mid,data_science,2026-09-13
4870531768,Data Scientist,Pixis,Bengaluru,,mid,data_science,2024-09-20
5856198015,Data Scientist,Infosys Limited,Pune,,mid,data_science,2026-08-26
4723896617,Data Scientist,UpSolve Solutions LLP,Mumbai,400000.0,mid,data_science,2024-06-06
4493479600,Data Scientist,AVE-Promagne Business Solutions LLP,Bengaluru,600000.0,mid,data_science,2023-12-23
5120471599,Data Scientist,Quenzo Tech,Unspecified,1500000.0,mid,data_science,2025-04-01
2318122072,Data Scientist,Kaplan,Bengaluru,1375000.0,mid,data_science,2021-07-14
2461074337,Data Scientist,Carsome,Unspecified,2000000.0,mid,data_science,2021-09-16
2927156051,Data Scientist,Symansys Technologies India Pvt Ltd,Pune,1000000.0,mid,data_science,2022-02-26
5856948218,Data Scientist,Ecolab,Unspecified,,mid,data_science,2026-08-26
2349832292,Data Scientist,Kavayah People Consulting,Pune,3500000.0,mid,data_science,2021-07-30
5861793718,Data Scientist,Pitney Bowes ,Delhi NCR,,mid,data_science,2026-08-30
2536790415,Data Scientist,LodgIQ,Bengaluru,1750000.0,mid,data_science,2021-10-12
5890494566,Data Scientist,Insurity Solutions India Private Limited,Delhi NCR,2600000.0,mid,data_science,2026-09-19
2992079462,Data Scientist,upGrad,Bengaluru,1550000.0,mid,data_science,2022-03-23
5255506987,Data Scientist,VyTCDC,Hyderabad,1700000.0,mid,data_science,2025-06-18
5879546648,Data Scientist,NAM Info Pvt Ltd,Bengaluru,1100000.0,mid,data_science,2026-09-11
5868707164,Data Scientist,Vikash Technologies,Pune,2450000.0,mid,data_science,2026-09-03
5831404711,Data Scientist,Gadgeon Smart Systems,Kochi,,mid,data_science,2026-08-07
5501144903,Data Scientist,Econolytics,Delhi NCR,2100000.0,mid,data_science,2025-11-18
2773784069,Data scientist,SocialPrachar.com,Hyderabad,240000.0,mid,data_science,2021-12-29
5404307320,Data Scientist,Hashone careers,Bengaluru,1500000.0,mid,data_science,2025-09-18
5619816304,Data Scientist,allps,Bengaluru,,mid,data_science,2026-02-08
5847823782,Data Scientist,Appsierra Group,Pune,1100000.0,mid,data_science,2026-08-19
2830210485,Data Science,Amagi Media Labs,Chennai,,mid,data_science,2022-01-21
4801513932,Data Scientist,Ittiam Systems,Bengaluru,,mid,data_science,2024-07-31
5447797233,Data Scientist,VyTCDC,Bengaluru,1650000.0,mid,data_science,2025-10-15
4454322642,Data Scientist,NextGen Invent Corporation,Unspecified,1150000.0,mid,data_science,2023-11-28
5245553971,Data Scientist,Rohini IT Consulting LLP,Unspecified,2600000.0,mid,data_science,2025-06-12
3262154912,Data Scientist,Billeasy,Mumbai,700000.0,mid,data_science,2022-06-26
2776008648,Data Scientist,Ather Energy,Bengaluru,1750000.0,mid,data_science,2021-12-30
5778142858,Data Scientist,EXL,Unspecified,,mid,data_science,2026-06-27
2210352942,Data Scientist,Marktine,Bengaluru,1450000.0,mid,data_science,2021-05-26
5892979833,Data Scientist,Unilever,Unspecified,,mid,data_science,2026-09-21
5892386799,Data Scientist,Unilever,Bengaluru,,mid,data_science,2026-09-21
1171506806,Data Scientist,WyngCommerce,Bengaluru,1200000.0,mid,data_science,2019-06-05
5120361336,Data Scientist,Worldhire,Unspecified,,mid,data_science,2025-04-01
4568246342,Data Scientist,The Hub,Unspecified,1000000.0,mid,data_science,2024-02-14
5510488082,Data Scientist,Gururo,Unspecified,,mid,data_science,2025-11-23
5832768287,Data Scientist,Gururo,Bengaluru,,mid,data_science,2026-08-08
2635526469,Data Scientist,Fragma Data Systems,Chennai,1200000.0,mid,data_science,2021-11-12
5780509195,Data Scientist,ParallelDots,Unspecified,,mid,data_science,2026-06-29
3115911635,Data Scientist,Impetus Technologies,Bengaluru,2250000.0,mid,data_science,2022-05-09
4521451905,Data Scientist,Cubera Tech India Pvt Ltd,Bengaluru,2950000.0,mid,data_science,2024-01-12
5503838209,Data Scientist,Rulesiq,Bengaluru,,mid,data_science,2025-11-20
5890818992,Data Scientist,Provenir,Bengaluru,,mid,data_science,2026-09-19
1837542039,Data Scientist,Ad Astra Consultants,Bengaluru,1000000.0,mid,data_science,2020-11-22
5897176729,Data Scientist,Quest Global,Bengaluru,,mid,data_science,2026-09-24
2563331072,Data Scientist,Exploro Solutions,Bengaluru,2500000.0,mid,data_science,2021-10-21
1161626852,Data Scientist,PublicVibe,Hyderabad,200000.0,mid,data_science,2019-05-24
5727242606,Data Scientist,RECEX,Kolkata,,mid,data_science,2026-05-13
5857750971,Data Scientist,Hindustan Unilever Hul,Mumbai,,mid,data_science,2026-08-27
5832798242,Data Scientist,Coditas Technologies,Pune,,mid,data_science,2026-08-08
5871275635,Data Scientist,Kanini Software Solutions,Bengaluru,,mid,data_science,2026-09-05
5871275574,Data Scientist,Kanini Software Solutions,Pune,,mid,data_science,2026-09-05
5851151245,Data Scientist,Delhi,Mumbai,,mid,data_science,2026-08-21
4597331170,Data Scientist,Carrier,Hyderabad,,mid,data_science,2024-03-07
5838428692,Data Scientist,UptimeAI,Bengaluru,,mid,data_science,2026-08-12
2077170837,Data Scientist,Success Pact,Bengaluru,1500000.0,mid,data_science,2021-03-26
2453704584,Data Scientist,CarWale,Mumbai,1000000.0,mid,data_science,2021-09-13
3468848513,Data Scientist,Jobdost,Delhi NCR,2750000.0,mid,data_science,2022-09-08
4514376308,Data Scientist,Qrata,Hyderabad,2600000.0,mid,data_science,2024-01-07
2853928406,Data Scientist,Multi Recruit,Bengaluru,4000000.0,mid,data_science,2022-01-30
5868119639,Data Scientist,Fatakpay Digital,Mumbai,,mid,data_science,2026-09-03
4885249969,Data Scientist,Smartan.ai,Chennai,1000000.0,mid,data_science,2024-10-02
1229891739,Data Scientist,One Labs,Delhi NCR,450000.0,mid,data_science,2019-08-08
5889557646,Data Scientist,MedTourEasy,Unspecified,600000.0,mid,data_science,2026-09-18
3345106502,Data Scientist,Gormalone LLP,Bengaluru,1250000.0,mid,data_science,2022-07-25
5548266439,Data Scientist,Safran,Bengaluru,,mid,data_science,2025-12-19
1171506865,Data Scientist,Pluto Seven Business Solutions Pvt Ltd,Bengaluru,1200000.0,mid,data_science,2019-06-05
5633851808,Data Scientist,Amgen,Hyderabad,,mid,data_science,2026-02-18
5336689176,Data scientist,NeoGenCode Technologies Pvt Ltd,Unspecified,950000.0,mid,data_science,2025-08-04
4514376170,Data Scientist,Qrata,Delhi NCR,1100000.0,mid,data_science,2024-01-07
4514376731,Data Scientist,Qrata,Bengaluru,2100000.0,mid,data_science,2024-01-07
5761806680,Data Scientist,Airbus,Unspecified,,mid,data_science,2026-06-13
5889085245,Data Scientist,BNP Paribas,Chennai,,mid,data_science,2026-09-18
5849136877,Data Scientist,Pitney Bowes,Delhi NCR,,mid,data_science,2026-08-20
5807488312,Data Scientist,BlueConic,Pune,,mid,data_science,2026-07-20
5834756784,Data Scientist,Diversey,Hyderabad,,mid,data_science,2026-08-09
2123886640,Data Scientist,BYGRAD,Bengaluru,1200000.0,mid,data_science,2021-04-17
1577157209,Data Scientist,Credit Saison Finance Pvt Ltd,Bengaluru,2100000.0,mid,data_science,2020-06-18
3713241153,Data Scientist,Data Sutram,Mumbai,,mid,data_science,2022-11-23
5879561979,Data Scientist,Straatix Partners,Bengaluru,2750000.0,mid,data_science,2026-09-11
5894098264,Data Scientist,Commonwealth Bank of Australia,Unspecified,,mid,data_science,2026-09-22
5851859962,Data Scientist,Maximus,Bengaluru,,mid,data_science,2026-08-22
5895239242,Assistant Professor - Robotics,Presidency University Bangalore,Bengaluru,,mid,other,2026-09-23
5879663089,Presales Engineer,Quantiphi,Mumbai,,mid,other,2026-09-11
5899924447,Consultant-Business Analytics,Allianz Commercial,Pune,,mid,analyst,2026-09-26
5889220273,GCP Data Engineer,Tata Consultancy Services,Chennai,,mid,data_engineering,2026-09-18
5900875451,Assistant Professor || Computer Science & Engineering Department,Kingston College of Advanced Engineering & Management ,Other,,mid,other,2026-09-28
5881760240,Walkin Drive-19 Sep-Chennai -Google Data Engineer,Tata Consultancy Services,Chennai,,mid,data_engineering,2026-09-13
5876872655,Senior Data Engineer,Entiovi Technologies,Kolkata,,senior,data_engineering,2026-09-09
5876872396,GCP Data Engineer,Tata Consultancy Services,Kolkata,,mid,data_engineering,2026-09-09
5882861191,Data Specialist (Remote),Hire Feed,Unspecified,,mid,other,2026-09-14
5884160333,LLM Consultant,Sony Research India,Unspecified,,mid,other,2026-09-15
5881765395,Lead Product Security Engineer,HCLSoftware,Bengaluru,,senior,other,2026-09-13
5862113590,Sales Manager - ODC (India),Thakral One,Unspecified,,senior,other,2026-08-30
5876872629,Data Annotator,Innodata Inc.,Unspecified,,mid,other,2026-09-09
4299529092,Machine Learning,App Innovation Technologies,Coimbatore,200000.0,mid,data_science,2023-09-07
1171508809,Machine Learning,Yagerbomb Media Pvt. Ltd,Mumbai,700000.0,mid,data_science,2019-06-05
1161627821,Machine learning,Sagacito,Delhi NCR,1200000.0,mid,data_science,2019-05-24
5453280857,Machine Learning,Wissen Technology,Bengaluru,1150000.0,mid,data_science,2025-10-18
3793256965,machine learning,staff hire solutions,Bengaluru,1050000.0,mid,data_science,2022-12-22
5888968486,Senior Data Engineer – Data & AI Platforms,Novartis,Unspecified,,senior,data_science,2026-09-18
5873278374,Quantitative Research Analyst,Groww,Bengaluru,,mid,analyst,2026-09-07
5847959683,Agentic AI Engineer,HP,Bengaluru,,mid,data_science,2026-08-19
5301490162,Senior RTL Design Engineer,ACL Digital,Bengaluru,,senior,other,2025-07-14
5875904795,Senior Software Engineer,ABB,Bengaluru,,senior,other,2026-09-09
5858538854,"Senior Manager, Applied Research",eBay,Bengaluru,,senior,other,2026-08-27
5879665355,GCP Data Engineer,Tata Consultancy Services,Bengaluru,,mid,data_engineering,2026-09-11
5895157707,Machine Learning Engineer,Weekday AI,Unspecified,,mid,data_science,2026-09-23
5895257300,Machine Learning Engineer,Weekday AI,Unspecified,,mid,data_science,2026-09-23
5899510776,"Sales Manager – IT, SaaS, Cybersecurity & ESG Solutions",Sithafal Technologies,Unspecified,,senior,other,2026-09-26
5857982586,"MTS-2 Backend Engineer, ML Systems",eBay,Bengaluru,,mid,data_science,2026-08-27
5846723212,"Engineering Manager, AI & ML (Data Collection)",Morningstar,Mumbai,,senior,data_science,2026-08-18
5806135558,Business Development Manager (BDM),TECEZE,Chennai,,senior,other,2026-07-18
5864433525,Azure Data Engineer,Tata Consultancy Services,Hyderabad,,mid,data_engineering,2026-09-01
5890149141,Senior Principal Engineer,InfoVision Inc.,Bengaluru,,senior,other,2026-09-19
5882593423,Assistant Professor,Pallavi Engineering College,Hyderabad,,mid,other,2026-09-13
5889544216,Machine Learning Engineer,MedTourEasy,Unspecified,600000.0,mid,data_science,2026-09-18
5896658426,Machine Learning Engineer,Weekday AI,Pune,,mid,data_science,2026-09-24
5831365081,Machine Learning Engineer,SAIKOR SECURITY TRAINING AND SERVICES PRIVATE LIMITED,Unspecified,,mid,data_science,2026-08-07
5727121760,Machine learning lead,Right Advisors,Unspecified,600000.0,senior,data_science,2026-05-13
4514376236,Machine Learning Engineer,Qrata,Bengaluru,2850000.0,mid,data_science,2024-01-07
1171507907,Machine learning Developer,Chariot Tech,Delhi NCR,1550000.0,mid,data_science,2019-06-05
5363133330,Machine Learning Engineer,Potentiam,Bengaluru,3000000.0,mid,data_science,2025-08-22
5894620844,Machine Learning Intern,Innovexis,Bengaluru,,junior,data_science,2026-09-23
4596884479,Machine Learning Engineer,Edu Angels India Private Limited,Mumbai,3500000.0,mid,data_science,2024-03-07
5503837634,Machine Learning Intern,Optimspace,Pune,,junior,data_science,2025-11-20
5635046286,Machine Learning Engineer,Spector.ai,Bengaluru,,mid,data_science,2026-02-19
5869814201,Machine Learning Engineer,MapOut Digital Solutions Inc,Hyderabad,,mid,data_science,2026-09-04
1171507528,Head Machine Learning,Spotmentor Technologies,Bengaluru,2500000.0,senior,data_science,2019-06-05
5727114445,Engineer- Machine Learning,Digital Twin,Pune,,mid,data_science,2026-05-13
5117034498,Machine Learning Engineer,Vector Labs Tech,Unspecified,1250000.0,mid,data_science,2025-03-29
1398819281,Machine Learning Engineer,DeepAffects,Mumbai,1950000.0,mid,data_science,2020-01-07
3332673255,Machine Learning Engineer,InFoCusp,Pune,2000000.0,mid,data_science,2022-07-20
2383302553,Machine Learning Engineer,SIlverPeople Consulting,Mumbai,2700000.0,mid,data_science,2021-08-14
1171507734,Machine Learning Engineer,UnFound,Mumbai,500000.0,mid,data_science,2019-06-05
2833106061,Machine Learning Engineer,Latent Bridge Pvt Ltd,Unspecified,1000000.0,mid,data_science,2022-01-22
3175702626,Machine Learning Engineer,Marj Technologies,Delhi NCR,850000.0,mid,data_science,2022-05-28
5803782486,Machine Learning Engineer,Momentum Group Limited,Mumbai,,mid,data_science,2026-07-17
1864247245,Machine Learning Scientist,Turing,Unspecified,1500000.0,mid,data_science,2020-12-06
1368669287,Machine Learning Engineer,Quantiphi Inc.,Mumbai,950000.0,mid,data_science,2019-12-10
1844548865,Machine Learning Engineer,SmartJoules,Delhi NCR,1000000.0,mid,data_science,2020-11-26
3038221909,Machine Learning Engineer,Carsome,Unspecified,2500000.0,mid,data_science,2022-04-09
1958165136,Machine Learning Engineer,FlexAbility,Hyderabad,2500000.0,mid,data_science,2021-01-28
3894826256,Machine Learning Engineer,Phenom People,Hyderabad,1400000.0,mid,data_science,2023-02-02
5717273191,Machine Learning Engineer,Amgen,Hyderabad,,mid,data_science,2026-05-03
5718401844,Machine Learning Engineer,Amgen,Hyderabad,,mid,data_science,2026-05-04
5788472875,Machine Learning Engineer,NewVison,Unspecified,600000.0,mid,data_science,2026-07-05
3949356918,Machine Learning Engineer,People First Consultants,Bengaluru,2250000.0,mid,data_science,2023-03-01
2042125548,Machine Learning Engineer,Zycus,Bengaluru,1000000.0,mid,data_science,2021-03-10
4250934989,Director of Machine Learning,Zycus,Unspecified,4500000.0,senior,data_science,2023-08-09
4514376976,Machine Learning Engineer,Qrata,Unspecified,1450000.0,mid,data_science,2024-01-07
1171508972,Machine Learning engineer,Carmozo,Bengaluru,400000.0,mid,data_science,2019-06-05
5728377332,Machine Learning Engineer,Acura Solution,Chennai,,mid,data_science,2026-05-14
5755657078,Machine Learning Engineer,Amgen,Hyderabad,,mid,data_science,2026-06-08
3044590237,Machine Learning Engineer,"DATASEE.AI, INC.",Chennai,1050000.0,mid,data_science,2022-04-12
5819656955,Machine Learning Engineer,ProofofSkill,Bengaluru,2900000.0,mid,data_science,2026-07-29
5292951715,Machine Learning Engineer,PLS Lawyers Pvt Ltd,Unspecified,900000.0,mid,data_science,2025-07-09
4708090721,Machine Learning Engineer,LMES Academy,Chennai,1100000.0,mid,data_science,2024-05-26
4676936483,Machine learning engineer,Sadup Softech,Unspecified,950000.0,mid,data_science,2024-05-03
5727804444,Machine Learning Developer,HyperWorks Imaging Pvt Ltd,Bengaluru,900000.0,mid,data_science,2026-05-13
5889571038,Machine Learning Scientist,xAGI,Bengaluru,,mid,data_science,2026-09-18
5625766940,Machine learning Engineer,NeoGenCode Technologies Pvt Ltd,Unspecified,1200000.0,mid,data_science,2026-02-12
5896645965,Machine Learning Engineer,Ramp,Unspecified,,mid,data_science,2026-09-24
5861792861,Machine Learning Engineer,transunion,Pune,,mid,data_science,2026-08-30
5672787204,Machine Learning Engineer,Ampera Technologies,Bengaluru,,mid,data_science,2026-03-20
5639356989,Azure Machine Learning,Deqode,Unspecified,2200000.0,mid,data_science,2026-02-21
5774368786,Machine Learning Engineer,Varaha,Bengaluru,,mid,data_science,2026-06-24
5859121193,"Manager, Machine Learning",Tekion,Bengaluru,,senior,data_science,2026-08-28
2475263628,Machine Learning Engineer,Hammoq,Unspecified,900000.0,mid,data_science,2021-09-21
3297100672,Lead Machine Learning,Climate Connect Digital,Unspecified,1000000.0,senior,data_science,2022-07-07
1858079808,Machine Learning Architect,codeMantra,Chennai,2600000.0,senior,data_science,2020-12-03
2539490299,Machine Learning Engineer,Graphene Services Pte Ltd,Bengaluru,,mid,data_science,2021-10-13
1463797734,Machine Learning Engineer,Aikon Labs Private Limited,Pune,450000.0,mid,data_science,2020-02-25
5552722462,Machine Learning Engineer,Innover Systems,Pune,700000.0,mid,data_science,2025-12-23
4559411206,Machine Learning Engineer,Peenak Business solutions,Mumbai,1250000.0,mid,data_science,2024-02-06
3987216053,Machine Learning Engineer,Thena,Bengaluru,1950000.0,mid,data_science,2023-03-19
5841937030,Machine Learning Engineer,Adobe,Delhi NCR,,mid,data_science,2026-08-14
1171506981,Machine Learning Instructor,Alien Brains,Kolkata,600000.0,mid,data_science,2019-06-05
5774031512,Architect - Machine Learning,Quantiphi,Unspecified,,senior,data_science,2026-06-24
5754836299,Engineer - Machine Learning,Foundation SVKM,Unspecified,,mid,data_science,2026-06-07
5766000536,Machine Learning Engineer,Sun King,Unspecified,,mid,data_science,2026-06-17
1233590624,Machine Learning Engineer,CloudMoyo,Pune,1500000.0,mid,data_science,2019-08-13
1155088318,Machine Learning Engineer,Tradeindia.com - Infocom Network,Delhi NCR,700000.0,mid,data_science,2019-05-17
5796582780,Machine Learning Engineer,Norstella,Unspecified,,mid,data_science,2026-07-11
4493479601,Machine Learning Engineer,AVE-Promagne Business Solutions LLP,Chennai,1300000.0,mid,data_science,2023-12-23
5878275252,Machine Learning Intern,Cantina,Unspecified,,junior,data_science,2026-09-10
5878684368,Machine Learning Director,Arkose Labs,Pune,,senior,data_science,2026-09-10
5737961799,Machine Learning Researcher,Graviton Research Capital,Unspecified,,mid,data_science,2026-05-23
1155088444,Machine Learning Engineer,Deemsoft,Bengaluru,1300000.0,mid,data_science,2019-05-17
2177266537,Machine Learning Engineer,Marktine,Bengaluru,1500000.0,mid,data_science,2021-05-11
5899555683,Machine Learning Engineer,QuaXigma IT solutions Private Limited,Unspecified,,mid,data_science,2026-09-26
5855247320,Machine Learning Lead,Process Nine Technologies,Unspecified,,senior,data_science,2026-08-25
5897176790,Machine Learning Engineer,Docusign,Bengaluru,,mid,data_science,2026-09-24
5809893257,Machine Learning Engineer,Hilti,Unspecified,,mid,data_science,2026-07-22
5833020604,Machine Learning Engineer,Coinbase,Unspecified,,mid,data_science,2026-08-08
2658062217,Machine Learning Engineer,CES Information Technologies,Hyderabad,1500000.0,mid,data_science,2021-11-19
5832093736,Machine Learning Engineer,Amgen,Hyderabad,,mid,data_science,2026-08-07
5834364487,Machine Learning Engineer,Amgen,Hyderabad,,mid,data_science,2026-08-09
4878673281,Machine Learning Engineer,AIMonk Labs Pvt Ltd,Unspecified,1050000.0,mid,data_science,2024-09-27
2549478979,Machine Learning Engineer,Artifex HR,Bengaluru,800000.0,mid,data_science,2021-10-16
5740031419,Machine Learning Engineer,Solventum,Unspecified,,mid,data_science,2026-05-25
5858370243,Machine Learning Engineer,Adobe,Bengaluru,,mid,data_science,2026-08-27
4899762229,Machine Learning Engineer,Top Closers,Bengaluru,,mid,data_science,2024-10-12
5628316573,Machine Learning Engineer,Fox,Unspecified,,mid,data_science,2026-02-14
5838496879,Machine Learning Engineer,Prodigal,Mumbai,,mid,data_science,2026-08-12
5895401011,Machine Learning Engineer,Adobe,Bengaluru,,mid,data_science,2026-09-23
5662018463,Machine Learning Engineer,Topcoder,Delhi NCR,,mid,data_science,2026-03-12
5661972493,Machine Learning Scientist,DP World,Bengaluru,,mid,data_science,2026-03-12
5889085520,Machine Learning Engineer,Deccan AI,Hyderabad,,mid,data_science,2026-09-18
5893831605,Machine Learning Developer,BNP Paribas,Mumbai,,mid,data_science,2026-09-22
5889675320,AI20P RTL Engineer,Qpisemi,Bengaluru,,mid,other,2026-09-18
5882587575,Senior Economist,Brickwork Ratings,Bengaluru,,senior,other,2026-09-13
5865295233,Staff Digital Design Engineers,NXP Semiconductors,Unspecified,,mid,other,2026-09-02
5875419843,Enterprise Sales Specialist,Netweb Technologies India Ltd.,Mumbai,,mid,other,2026-09-08
5837139677,AI Architect,Capco,Bengaluru,,senior,data_science,2026-08-12
5890717754,Senior Manager,Standard Chartered Bank,Chennai,,senior,other,2026-09-19
5877184668,AI Engineer,Novartis,Unspecified,,mid,data_science,2026-09-09
5880073749,Principal Computer Science Engineer,Himalayan Group Of Professional Institutions,Unspecified,,senior,other,2026-09-12
5882589342,GCP Architect,Persistent Systems,Nagpur,,senior,other,2026-09-13
5895032066,Palantir Data Engineer,Tata Consultancy Services,Bengaluru,,mid,data_engineering,2026-09-23
5893733505,Staff Machine Learning Engineer,Weekday AI,Unspecified,,mid,data_science,2026-09-22
5888035707,Machine Learning Engineer - 2,Weekday AI,Unspecified,,mid,data_science,2026-09-17
5893913388,Lead Machine Learning Engineer,Weekday AI,Unspecified,,senior,data_science,2026-09-22
5888968482,Principal Cyber Security Consultant (IaaS),Standard Chartered Bank,Bengaluru,,senior,other,2026-09-18
5785770808,Senior Manager – Technical (Legal Technology),Novartis,Unspecified,,senior,other,2026-07-03
5889222954,SAP BTP Admin,Technogen India Pvt. Ltd.,Hyderabad,,mid,other,2026-09-18
5867222120,Senior Data Engineer,UsefulBI Corporation,Unspecified,,senior,data_engineering,2026-09-02
5864423026,Gen AI / LLM Backend Developer - 2 to 5 Years,AIMLEAP,Ahmedabad,,mid,data_science,2026-09-01
5901132829,Pre-sales IoT Automation Engineer,Energy ETA,Bengaluru,,mid,other,2026-09-28
5882857492,Audio Specialist (Remote),Hired,Unspecified,,mid,other,2026-09-14
5869816584,"Software Engineering, Machine Learning",Meta Platforms,Bengaluru,,mid,data_science,2026-09-04
5860534570,"Software Engineer, Machine Learning",Meta Platform,Bengaluru,,mid,data_science,2026-08-29
5898599511,Senior Machine Learning Engineer,Protolabs,Hyderabad,,senior,data_science,2026-09-25
1187972100,Data engineer - Machine learning,Accord Manpower Services,Delhi NCR,2300000.0,mid,data_science,2019-06-22
2883808214,Machine Learning (ML) Engineer,Purple Hirez,Hyderabad,2350000.0,mid,data_science,2022-02-10
5634984343,Senior Machine Learning Engineer,Spector.ai,Bengaluru,,senior,data_science,2026-02-19
5860548445,Senior Machine Learning Engineer,Infosys Limited,Hyderabad,,senior,data_science,2026-08-29
5083277798,Machine Learning & AI Developer,ChicMic Studios,Chandigarh,1100000.0,mid,data_science,2025-03-09
4439898019,Machine Learning/AI Engineer,ZeMoSo Technologies,Unspecified,,mid,data_science,2023-11-18
5802152645,Senior Machine Learning Engineer,Vodex.ai,Bengaluru,1600000.0,senior,data_science,2026-07-16
5889515903,GCP Machine Learning Specialist,Pontoonglobal,Unspecified,600000.0,mid,data_science,2026-09-18
5731787559,Senior Machine Learning Engineer,Barracuda Networks,Bengaluru,,senior,data_science,2026-05-17
5856949004,Machine Learning Engineer - L3,RZR Global,Bengaluru,,mid,data_science,2026-08-26
5898475708,"Staff Engineer, Machine Learning",Poshmark,Unspecified,,mid,data_science,2026-09-25
5895059390,"Machine Learning Engineer, Link",Stripe,Unspecified,,mid,data_science,2026-09-23
5243420232,Senior Machine Learning Engineer,NeoGenCode Technologies Pvt Ltd,Chennai,1800000.0,senior,data_science,2025-06-11
4801530985,Team Lead - Machine Learning,Airwoot,Delhi NCR,,senior,data_science,2024-07-31
5841933094,"Software Engineer, Machine Learning",Ema,Unspecified,,mid,data_science,2026-08-14
5897029482,Machine Learning Engineer II,Barracuda Networks,Bengaluru,,mid,data_science,2026-09-24
5895065968,Staff Machine Learning Engineer,Weekday AI,Bengaluru,,mid,data_science,2026-09-23
3452174066,Applied Machine Learning Engineer,Gipfel & Schnell Consultings Pvt Ltd,Unspecified,2000000.0,mid,data_science,2022-09-02
5859120786,Principal Machine Learning Engineer,PubMatic,Pune,,senior,data_science,2026-08-28
5859120752,Principal Machine Learning Engineer,PubMatic,Pune,,senior,data_science,2026-08-28
5789393695,Sr Machine Learning Engineer,Amgen,Hyderabad,,senior,data_science,2026-07-06
5789591344,Sr Machine Learning Engineer,Amgen,Hyderabad,,senior,data_science,2026-07-06
5898599522,Manager 1 - Machine Learning,Comcast,Chennai,,senior,data_science,2026-09-25
5557106595,Sr Machine Learning Engineer,TrumetricAI,Bengaluru,2250000.0,senior,data_science,2025-12-27
5778225260,Sr Machine Learning Engineer,Amgen,Hyderabad,,senior,data_science,2026-06-27
5841129951,Senior Machine Learning Engineer,Tokopedia,Bengaluru,,senior,data_science,2026-08-14
5010969047,Machine learning/AI expert,CSIR Institute of Microbial Technology,Chandigarh,965000.0,mid,data_science,2025-01-15
4286562177,Fullstack Machine Learning Developer,Svastanibhanda Medical Technologies PvtLtd,Coimbatore,1250000.0,mid,data_science,2023-08-31
4868884802,Senior Machine Learning Engineer,HQ,Unspecified,1750000.0,senior,data_science,2024-09-19
2830210779,Machine Learning - Software Engineer,Amagi Media Labs,Chennai,2500000.0,mid,data_science,2022-01-21
2234827768,Machine Learning Architect - Deployments,netmedscom,Chennai,1750000.0,senior,data_science,2021-06-07
1474079177,Senior Machine Learning Engineer,AthenasOwl,Mumbai,1500000.0,senior,data_science,2020-03-04
5871276031,Lead Machine Learning Engineer,R Systems International,Pune,,senior,data_science,2026-09-05
5859122446,Senior Machine Learning Engineer,Tiger Analytics,Bengaluru,,senior,data_science,2026-08-28
5854880186,Senior Machine Learning Scientist,Dream11,Mumbai,,senior,data_science,2026-08-25
5856197872,Data Scientist -Machine learning,Infosys Limited,Bengaluru,,mid,data_science,2026-08-26
5869821047,Manager - Machine Learning Engineer,Harness,Bengaluru,,senior,data_science,2026-09-04
3262154917,Senior Machine Learning Engineer,Docsumo,Unspecified,2250000.0,senior,data_science,2022-06-26
5836849101,Staff Machine Learning Engineer,Q2 Software,Bengaluru,,mid,data_science,2026-08-11
5821206094,AI and Machine Learning Engineer,Hewlett Packard Enterprise,Bengaluru,,mid,data_science,2026-07-30
5856985187,Senior Machine Learning Engineer,HP,Unspecified,,senior,data_science,2026-08-26
5822420657,Sr. Machine Learning Engineer,Conga,Bengaluru,,senior,data_science,2026-07-31
5891895241,Senior Machine Learning Engineer,Delhi,Mumbai,,senior,data_science,2026-09-20
5872112013,Senior Machine Learning Engineer,Quantiphi,Unspecified,,senior,data_science,2026-09-05
5696882332,Senior Machine Learning Engineer,PubMatic,Unspecified,,senior,data_science,2026-04-12
5808699280,Data Scientist Machine Learning,Human Touch,Unspecified,,mid,data_science,2026-07-21
4514376605,Sr. Machine Learning Engineer,Qrata,Unspecified,5000000.0,senior,data_science,2024-01-07
5854216282,Data Scientist - Machine Learning,United Airlines,Unspecified,,mid,data_science,2026-08-24
5890768094,Senior Machine Learning Engineer,Aptiv,Unspecified,,senior,data_science,2026-09-19
5869821134,Senior Machine Learning Engineer,Harness,Bengaluru,,senior,data_science,2026-09-04
5859122231,Machine Learning Engineer - MLOps,Tiger Analytics,Bengaluru,,mid,data_science,2026-08-28
5859122227,Machine Learning Engineer - MLOps,Tiger Analytics,Hyderabad,,mid,data_science,2026-08-28
5859122228,Machine Learning Engineer - MLOps,Tiger Analytics,Chennai,,mid,data_science,2026-08-28
5878277468,Machine Learning Engineer Intern,Coinbase,Unspecified,,junior,data_science,2026-09-10
5753566259,Associate Architect - Machine Learning,Quantiphi,Unspecified,,senior,data_science,2026-06-06
5794761147,Architect - Machine Learning - GenAI,Quantiphi,Unspecified,,senior,data_science,2026-07-10
5873203104,Staff Machine Learning Engineer,BP,Unspecified,,mid,data_science,2026-09-06
5852604039,Machine Learning Engineer II,Demandbase,Hyderabad,,mid,data_science,2026-08-22
2684334397,Machine Learning Research Engineer,Vernacular.ai,Bengaluru,1500000.0,mid,data_science,2021-11-27
5812881745,Senior Machine Learning Engineer,JioStar,Unspecified,,senior,data_science,2026-07-24
5720097300,Principal Machine Learning Engineer,Atlassian,Mumbai,,senior,data_science,2026-05-06
5887879472,SDE III - Machine Learning,Glance,Bengaluru,,mid,data_science,2026-09-17
5822428851,Staff Machine Learning Engineer,Conga,Bengaluru,,mid,data_science,2026-07-31
5848363833,Senior Machine Learning Engineer,S&P Global,Unspecified,,senior,data_science,2026-08-19
5850636106,Senior Machine Learning Engineer,S&P Global,Hyderabad,,senior,data_science,2026-08-21
5850636104,Senior Machine Learning Engineer,S&P Global,Bengaluru,,senior,data_science,2026-08-21
5889579445,Machine Learning and Data Engineer,Cityscope,Unspecified,,mid,data_science,2026-09-18
5675502145,Architect - Machine Learning (Azure),Quantiphi,Unspecified,,senior,data_science,2026-03-23
5870119149,Principal Machine Learning Engineer,Amgen,Hyderabad,,senior,data_science,2026-09-04
5895349738,Principal Machine Learning Engineer,Amgen,Hyderabad,,senior,data_science,2026-09-23
2308527096,Senior Machine Learning Engineer,Toyota Connected,Chennai,2750000.0,senior,data_science,2021-07-09
5851141829,Research Scientist - Machine Learning,GE Vernova,Bengaluru,,mid,data_science,2026-08-21
5895065476,Lead Machine Learning Engineer,Weekday AI,Bengaluru,,senior,data_science,2026-09-23
5746205072,Machine Learning Associate Advisor,The Cigna Group,Hyderabad,,junior,data_science,2026-05-31
5730767161,"Senior Manager, Machine Learning",Twilio,Unspecified,,senior,data_science,2026-05-16
5850628736,Research Scientist - Machine Learning,GE Vernova,Bengaluru,,mid,data_science,2026-08-21
5885969104,Staff Machine Learning Engineer,Phantom,Unspecified,,mid,data_science,2026-09-16
1171508791,Technical Architect - Machine Learning,CONCERTO.AI,Bengaluru,2250000.0,senior,data_science,2019-06-05
5852148488,Senior Machine Learning Engineer,Veralto,Bengaluru,,senior,data_science,2026-08-22
5862986407,Machine Learning Engineer - APAC,LexisNexis,Unspecified,,mid,data_science,2026-08-31
4095621945,SDE III Machine Learning,Mindtickle,Pune,4750000.0,mid,data_science,2023-05-12
5864812927,Machine Learning Engineer 3,Adobe,Bengaluru,,mid,data_science,2026-09-01
5841398933,Senior Machine Learning Engineer,Chevron Corporation,Bengaluru,,senior,data_science,2026-08-14
5900720663,Staff Machine Learning Engineer,Bloomreach,Unspecified,,mid,data_science,2026-09-27
5861956939,Engineer 4 - Machine Learning,Comcast,Chennai,,mid,data_science,2026-08-30
5848435317,Staff Machine Learning Engineer,Bazaarvoice,Bengaluru,,mid,data_science,2026-08-19
5862785824,Machine Learning Engineer - APAC,RELX INC,Bengaluru,,mid,data_science,2026-08-31
5727271341,AWS Machine Learning Engineer,Highrise Solutions LLP,Pune,,mid,data_science,2026-05-13
5759061544,Senior Machine Learning Engineer,First Advantage,Bengaluru,,senior,data_science,2026-06-11
5897045971,Sr. Machine Learning Engineer,6sense,Bengaluru,,senior,data_science,2026-09-24
5845253142,Senior Machine Learning Engineer,RZR Global,Bengaluru,,senior,data_science,2026-08-17
5834364488,Sr Machine Learning Engineer,Amgen,Hyderabad,,senior,data_science,2026-08-09
5832073724,Sr Machine Learning Engineer,Amgen,Hyderabad,,senior,data_science,2026-08-07
5878284608,Engineer 2 - Machine Learning,Comcast,Chennai,,mid,data_science,2026-09-10
5853728955,Senior Machine Learning Engineer,Esko,Unspecified,,senior,data_science,2026-08-23
5739066231,Sr. Machine Learning Engineer,MM Staffing & Career Consultants,Unspecified,600000.0,senior,data_science,2026-05-24
5742653094,Senior Manager - Machine Learning,Roku,Bengaluru,,senior,data_science,2026-05-28
5833020828,Senior Machine Learning Engineer,Coinbase,Unspecified,,senior,data_science,2026-08-08
5854880190,Lead Machine Learning Scientist,Dream11,Mumbai,,senior,data_science,2026-08-25
5884512396,Senior Machine Learning Engineer,Treasure AI,Bengaluru,,senior,data_science,2026-09-15
5841922615,Principal Machine Learning Engineer,Ema,Bengaluru,,senior,data_science,2026-08-14
5899854647,Machine Learning Engineer II,Expedia,Bengaluru,,mid,data_science,2026-09-26
5848342116,Senior Machine Learning Engineer,Portcast,Unspecified,,senior,data_science,2026-08-19
5791466620,Senior Machine Learning Engineer,Amgen,Hyderabad,,senior,data_science,2026-07-08
5729575515,Staff Machine Learning Manager,InMobi,Bengaluru,,senior,data_science,2026-05-15
5895382164,Principal Machine Learning Engineer,Level AI,Bengaluru,,senior,data_science,2026-09-23
5889524941,Senior Machine Learning Engineer,Aerobotics7,Unspecified,600000.0,senior,data_science,2026-09-18
5879886120,Senior Machine Learning Engineer,Eli Lilly Services India,Unspecified,,senior,data_science,2026-09-11
4801661428,"Software Engineer, Machine Learning",Glean,Bengaluru,,mid,data_science,2024-07-31
5829184098,Sr Machine Learning Engineer,Amgen,Hyderabad,,senior,data_science,2026-08-05
5834740638,Staff Machine Learning Engineer,Tekion,Unspecified,,mid,data_science,2026-08-09
5834764541,Senior Machine Learning Engineer,Tekion,Unspecified,,senior,data_science,2026-08-09
3133138521,Computer Vision / Machine Learning,Orboai,Mumbai,1300000.0,mid,data_science,2022-05-14
5771984164,Staff Machine Learning Engineer,project44,Bengaluru,,mid,data_science,2026-06-22
1171508603,Python Machine Learning Developer,SpotDraft,Delhi NCR,1350000.0,mid,data_science,2019-06-05
5708529500,Software Engineer-Machine Learning,Techouts,Hyderabad,,mid,data_science,2026-04-24
4408712992,Senior Machine Learning Engineer,Career One Stop,Bengaluru,1400000.0,senior,data_science,2023-11-02
5823127150,Machine Learning AI Internship,MAXGEN TECHNOLOGIES PRIVATE LIMITED,Unspecified,,junior,data_science,2026-08-01
5834761674,"Assoc Dir, Machine Learning",IQVIA,Bengaluru,,mid,data_science,2026-08-09
5856165536,Machine learning Internship in Ahmedabad,MAXGEN TECHNOLOGIES PRIVATE LIMITED,Unspecified,,junior,data_science,2026-08-26
5811916465,Principal Machine Learning Engineer,Amgen,Hyderabad,,senior,data_science,2026-07-23
5859436132,Machine Learning Engineer Expert,SAP,Bengaluru,,mid,data_science,2026-08-28
5862885192,Lead Machine Learning Researcher,JobCrexa,Hyderabad,,senior,data_science,2026-08-31
5873186683,Staff Machine Learning Engineer,Palo Alto Networks,Unspecified,,mid,data_science,2026-09-06
5873770624,Staff Machine Learning Engineer,Palo Alto Networks,Bengaluru,,mid,data_science,2026-09-07
5875071104,Machine learning Internship in Ahmedabad,MAXGEN TECHNOLOGIES PRIVATE LIMITED,Unspecified,,junior,data_science,2026-09-08
5876480289,Senior Machine Learning Engineer,Red Hat,Pune,,senior,data_science,2026-09-09
5876480291,Principal Machine Learning Engineer,Red Hat,Bengaluru,,senior,data_science,2026-09-09
5891899827,"Data Scientist, Machine Learning",Trinity Life Sciences,Bengaluru,,mid,data_science,2026-09-20
5838454777,Sr. Machine Learning Engineer,phData,Bengaluru,,senior,data_science,2026-08-12
5886487409,Technical Lead (Forward Deployed Engineer)_3096,Allianz Commercial,Unspecified,,senior,other,2026-09-16
5883858504,"Professor/Associate Professor/Asst. Professor in Computer Science and Engineering/AIML, ECE",Roorkee Institute of Technology,Other,,junior,other,2026-09-15
5874134989,Sales Engineer,Qbit Labs Private Limited,Delhi NCR,,mid,other,2026-09-07
5864425239,Senior Security Analyst,Manhattan Associates,Bengaluru,,senior,analyst,2026-09-01
5861427433,Junior Analyst,Objectways,Coimbatore,,junior,analyst,2026-08-30
5893923574,Information Communication Technology Teacher,Khaitan Public School,Delhi NCR,,mid,other,2026-09-22
5857169358,Credit Risk Model Development/Validation- Consultant/Assistant Manager/Manager,KPMG India,Unspecified,,senior,other,2026-08-26
5853620857,Executive Assistant,Quantiphi,Mumbai,,mid,other,2026-08-23
5898126215,Technical Program Manager,Graviton Research Capital,Unspecified,,senior,other,2026-09-25
5900875498,Cybersecurity Engineer (Remote | $80–$90/hr),Synthires,Unspecified,,mid,other,2026-09-28
5895239286,Cybersecurity Expert (Remote | $80–$90/hr),Synthires,Unspecified,,mid,other,2026-09-23
5880953284,Sales Development Representative,CredHive,Delhi NCR,,mid,other,2026-09-12
5799592114,Software Engineer (Machine learning & Recommendation),"Mercari, Inc. ",Unspecified,,mid,data_science,2026-07-14
5833078332,Machine Learning Engineer - Fully Remote,Mercor,Mumbai,,mid,data_science,2026-08-08
5880001860,Technical Project Manager - Vadodara,Capco,Pune,,senior,other,2026-09-11
5898262356,Senior Technical Project Manager - Vadodara,Capco,Pune,,senior,other,2026-09-25
5899377975,"VP Software Engineer, FIC Sales Technology",Deutsche Bank,Bengaluru,,mid,other,2026-09-26
5886486746,Technical Lead,Allianz Commercial,Unspecified,,senior,other,2026-09-16
5846723066,Software Engineer,Morningstar,Mumbai,,mid,other,2026-08-18
5884158230,Zscaler,Tata Consultancy Services,Chennai,,mid,other,2026-09-15
5873278357,Tools & Automation Engineer,Larsen & Toubro-Vyoma,Chennai,,mid,other,2026-09-07
5870526723,Manager - Inside Sales | HigherEducation,upGrad,Bengaluru,,senior,other,2026-09-04
5886096562,Technical Support Specialist,PTC,Unspecified,,mid,other,2026-09-16
5900876708,Senior Information Security Engineer Consultant,Optum,Bengaluru,,senior,other,2026-09-28
5867036030,Data Engineer,Lorven Technologies Inc.,Chennai,,mid,data_engineering,2026-09-02
5891693621,Data Engineer,IQVIA,Bengaluru,,mid,data_engineering,2026-09-20
5898129585,Data Engineer,Persistent Systems,Unspecified,,mid,data_engineering,2026-09-25
5879667663,Data Engineer,AMS,Mumbai,,mid,data_engineering,2026-09-11
5879662652,Data Engineer,EXL,Unspecified,,mid,data_engineering,2026-09-11
5901132818,Data Engineer,CoreTek Labs,Bengaluru,,mid,data_engineering,2026-09-28
5898126262,Data Engineer,Solvex Solutions,Unspecified,,mid,data_engineering,2026-09-25
5896612983,Data Engineer,Tata Consultancy Services,Mumbai,,mid,data_engineering,2026-09-24
5875419844,Data Engineer,ValueLabs,Hyderabad,,mid,data_engineering,2026-09-08
5898128063,Data Engineer,Tata Consultancy Services,Unspecified,,mid,data_engineering,2026-09-25
5901133277,Data Engineer,ValueMomentum,Hyderabad,,mid,data_engineering,2026-09-28
5880953864,Data Engineer,Persistent Systems,Unspecified,,mid,data_engineering,2026-09-12
5889221358,Data Engineer,AB InBev GCC India,Bengaluru,,mid,data_engineering,2026-09-18
5897295034,Data Engineer,Recro,Bengaluru,,mid,data_engineering,2026-09-25
5889218269,Data Engineer,Tata Consultancy Services,Indore,,mid,data_engineering,2026-09-18
5869558895,Data Engineering,CirrusLabs,Hyderabad,,mid,data_engineering,2026-09-04
5882595616,Data Engineer,Tata Consultancy Services,Bengaluru,,mid,data_engineering,2026-09-13
5898127826,Data Engineer,Demand AI,Unspecified,,mid,data_engineering,2026-09-25
5873073773,Data Engineer,InfoVision Inc.,Unspecified,,mid,data_engineering,2026-09-06
5897294979,Data Engineer,Recro,Bengaluru,,mid,data_engineering,2026-09-25
5890610185,Data Engineer,Synechron,Chennai,,mid,data_engineering,2026-09-19
5898129616,Data Engineer,Tata Consultancy Services,Chennai,,mid,data_engineering,2026-09-25
5898130015,Data Engineer,Crescent Techservices,Hyderabad,,mid,data_engineering,2026-09-25
5890608218,Data Engineer,ACL Digital,Unspecified,,mid,data_engineering,2026-09-19
5896613821,Data Engineer,Tenarai,Delhi NCR,,mid,data_engineering,2026-09-24
5895240628,Data Engineer,Networth Corp,Bengaluru,,mid,data_engineering,2026-09-23
5897295196,Data Engineer,"QntmLogic, LLC.",Bengaluru,,mid,data_engineering,2026-09-25
5896612505,Data Engineer,AssetMark Global Wealth,Hyderabad,,mid,data_engineering,2026-09-24
5880953359,Data Engineer,EXL,Unspecified,,mid,data_engineering,2026-09-12
5880953866,Data Engineer,EXL,Unspecified,,mid,data_engineering,2026-09-12
5879666336,Data Engineer,Firstsource,Bengaluru,,mid,data_engineering,2026-09-11
5893924939,Data Engineer,KloudStax,Unspecified,,mid,data_engineering,2026-09-22
5876872620,Data Engineer,IQVIA,Bengaluru,,mid,data_engineering,2026-09-09
5890610094,Data Engineer,Halcer,Bengaluru,,mid,data_engineering,2026-09-19
5880950911,Data Engineer,ValueMomentum,Hyderabad,,mid,data_engineering,2026-09-12
5891693330,Data Engineer,ENGIE,Unspecified,,mid,data_engineering,2026-09-20
5864425339,Data Engineer,Tata Consultancy Services,Unspecified,,mid,data_engineering,2026-09-01
5895032122,Data Engineer,Tata Consultancy Services,Unspecified,,mid,data_engineering,2026-09-23
5880950489,Data Engineer,Mechademy,Unspecified,,mid,data_engineering,2026-09-12
5897295885,Data Engineer,Tata Consultancy Services,Bengaluru,,mid,data_engineering,2026-09-25
5870527485,Data Engineer,Persistent Systems,Unspecified,,mid,data_engineering,2026-09-04
5890612016,Data Engineer,Persistent Systems,Hyderabad,,mid,data_engineering,2026-09-19
5876870782,Data Engineer,Tata Consultancy Services,Hyderabad,,mid,data_engineering,2026-09-09
5889221661,Data Engineer,Tata Consultancy Services,Bengaluru,,mid,data_engineering,2026-09-18
5837139303,Data Engineer,Kyndryl,Delhi NCR,,mid,data_engineering,2026-08-12
5870028910,Data Engineer,Kyndryl,Bengaluru,,mid,data_engineering,2026-09-04
5886097734,Data Engineer,Newtap Finance,Bengaluru,,mid,data_engineering,2026-09-16
5864441942,Data Engineer,ALESAYI HOLDING | العيسائي القابضة,Chennai,,mid,data_engineering,2026-09-01
5877184519,Data Engineer,Novartis,Unspecified,,mid,data_engineering,2026-09-09
5879667233,Data Engineer,Tata Consultancy Services,Unspecified,,mid,data_engineering,2026-09-11
5880952118,Data Engineer,Tata Consultancy Services,Hyderabad,,mid,data_engineering,2026-09-12
5879664799,Data Engineer,EXL,Unspecified,,mid,data_engineering,2026-09-11
5864434261,Data Engineer,Tata Consultancy Services,Hyderabad,,mid,data_engineering,2026-09-01
5876870067,Data Engineer,EXL,Unspecified,,mid,data_engineering,2026-09-09
5879657782,Data Engineer,EXL,Unspecified,,mid,data_engineering,2026-09-11
5889220882,Data Engineer,HTC Global Services,Hyderabad,,mid,data_engineering,2026-09-18
5876872869,Data Engineering(Data & Integration Engineer),CirrusLabs,Bengaluru,,mid,data_engineering,2026-09-09
5895239536,Data Engineer - Data Bricks,ValueMomentum,Hyderabad,,mid,data_engineering,2026-09-23
5879663148,Senior Data Engineer,SMC Squared India,Bengaluru,,senior,data_engineering,2026-09-11
5873074201,GCP Data Engineer,Tata Consultancy Services,Hyderabad,,mid,data_engineering,2026-09-06
5864439943,Senior Data Engineer,Quess IT Solutions,Bengaluru,,senior,data_engineering,2026-09-01
5889215459,Lead Data Engineer,Apexon,Bengaluru,,senior,data_engineering,2026-09-18
5880951459,Google Data Engineer,Tata Consultancy Services,Chennai,,mid,data_engineering,2026-09-12
5880953397,Senior Data Engineer,Anblicks,Hyderabad,,senior,data_engineering,2026-09-12
5898127679,Lead Data Engineer,I-Novate Arabia DMCC,Chennai,,senior,data_engineering,2026-09-25
5867037379,AWS Data Engineer,Tata Consultancy Services,Other,,mid,data_engineering,2026-09-02
5867037519,GCP Data Engineer,Tata Consultancy Services,Chennai,,mid,data_engineering,2026-09-02
5879667665,Senior Data Engineer,AMS,Unspecified,,senior,data_engineering,2026-09-11
5886092568,Databricks Data Engineer,Tata Consultancy Services,Ahmedabad,,mid,data_engineering,2026-09-16
5898129926,Senior Data Engineer,Persistent Systems,Bengaluru,,senior,data_engineering,2026-09-25
5896613644,Senior Data Engineer,Tenarai,Delhi NCR,,senior,data_engineering,2026-09-24
5900616222,Senior Data Engineer,VySystems,Hyderabad,,senior,data_engineering,2026-09-27
5891690234,Senior Data Engineer,CoffeeBeans,Bengaluru,,senior,data_engineering,2026-09-20
5899510948,Big Data Engineer,Nice Software Solutions Pvt. Ltd.,Unspecified,,mid,data_engineering,2026-09-26
5867036012,GCP Data Engineer,Tata Consultancy Services,Chennai,,mid,data_engineering,2026-09-02
5864427702,Lead Data Engineer,Ascendion,Unspecified,,senior,data_engineering,2026-09-01
5900875607,Lead Data Engineer,MathCo,Bengaluru,,senior,data_engineering,2026-09-28
5875602822,Azure Data Engineer,Tata Consultancy Services,Bengaluru,,mid,data_engineering,2026-09-08
5899512321,Azure Data Engineer,Prophecy Technologies,Hyderabad,,mid,data_engineering,2026-09-26
5867265350,Senior Data Engineer,Arcana,Unspecified,,senior,data_engineering,2026-09-02
5899975918,Senior Data Engineer,Vertage Global,Chennai,,senior,data_engineering,2026-09-27
5868792995,Pyspark Data Engineer,Synechron,Bengaluru,,mid,data_engineering,2026-09-03
5893929787,ETL Data Engineer,Persistent Systems,Unspecified,,mid,data_engineering,2026-09-22
5889211726,Senior Data Engineer,Avtech Software Services  Pvt Ltd,Chennai,,senior,data_engineering,2026-09-18
5872266206,Principal Data Engineer,Serko,Bengaluru,,senior,data_engineering,2026-09-06
5879664831,Lead Data Engineer,Computomic,Bengaluru,,senior,data_engineering,2026-09-11
5879665605,Senior Data Engineer,Computomic,Bengaluru,,senior,data_engineering,2026-09-11
5879671265,Senior Data Engineer,KPI Partners,Hyderabad,,senior,data_engineering,2026-09-11
5895239257,AWS Data Engineer,Artech L.L.C.,Bengaluru,,mid,data_engineering,2026-09-23
5901135592,SDE- Data Engineer,Magneton Technologies Pvt Ltd,Hyderabad,,mid,data_engineering,2026-09-28
5871992113,Senior Data Engineer,EXL,Unspecified,,senior,data_engineering,2026-09-05
5889219598,Sr Data Engineer,Smart Energy Water,Delhi NCR,,senior,data_engineering,2026-09-18
5899511451,Senior Data Engineer,super.money,Bengaluru,,senior,data_engineering,2026-09-26
5889222221,Lead Data Engineer,Sahaj Software,Unspecified,,senior,data_engineering,2026-09-18
5897295016,Senior Data Engineer,Trantor,Delhi NCR,,senior,data_engineering,2026-09-25
5880953506,Senior Data Engineer,Persistent Systems,Unspecified,,senior,data_engineering,2026-09-12
5886486677,Senior Data Engineer,Thermo Fisher Scientific,Hyderabad,,senior,data_engineering,2026-09-16
5898129018,GCP Data Engineer,HCLTech,Delhi NCR,,mid,data_engineering,2026-09-25
5894229185,Principal - Data Engineer,Algoworks,Unspecified,,senior,data_engineering,2026-09-22
5873074739,Senior Data Engineer,Dminds Solutions Inc.,Bengaluru,,senior,data_engineering,2026-09-06
5889223191,AWS Data Engineer,HCLTech,Unspecified,,mid,data_engineering,2026-09-18
5900875192,AWS Data Engineer,Trantor,Delhi NCR,,mid,data_engineering,2026-09-28
5867035865,Data Engineer Lead,Nexus Corporation,Hyderabad,,senior,data_engineering,2026-09-02
5897294744,Azure Data engineer,Recro,Bengaluru,,mid,data_engineering,2026-09-25
5867037550,Data Engineer (Azure),Tata Consultancy Services,Bengaluru,,mid,data_engineering,2026-09-02
5891688980,Senior Data Engineer,Info Services,Unspecified,,senior,data_engineering,2026-09-20
5880953377,GCP Data Engineer,Persistent Systems,Unspecified,,mid,data_engineering,2026-09-12
5896613846,Lead Data Engineer,Chubb,Hyderabad,,senior,data_engineering,2026-09-24
5870527402,Lead Data Engineer,CoffeeBeans,Bengaluru,,senior,data_engineering,2026-09-04
5879670410,Senior Data Engineer,"Prudent Technologies and Consulting, Inc.",Hyderabad,,senior,data_engineering,2026-09-11
5893924846,Data Engineer - ETL,Persistent Systems,Unspecified,,mid,data_engineering,2026-09-22
5900875364,Azure Data Engineer,Tata Consultancy Services,Bengaluru,,mid,data_engineering,2026-09-28
5901137751,IICS Data Engineer,Experion Technologies,Unspecified,,mid,data_engineering,2026-09-28
5900616223,Senior Data Engineer,Multi National Company,Chennai,,senior,data_engineering,2026-09-27
5871991908,Lead Data Engineer,Technogen India Pvt. Ltd.,Hyderabad,,senior,data_engineering,2026-09-05
5878873576,GCP Data Engineer,Capco,Bengaluru,,mid,data_engineering,2026-09-11
5868794384,Senior Data Engineer,KANINI,Chennai,,senior,data_engineering,2026-09-03
5900616394,Lead Data Engineer,Sourcebae,Bengaluru,,senior,data_engineering,2026-09-27
5872266245,Principal Data Engineer,Styli,Bengaluru,,senior,data_engineering,2026-09-06
5873074298,Senior Data Engineer,NationsBenefits India,Hyderabad,,senior,data_engineering,2026-09-06
5900875742,AWS Data Engineer,Infosys,Unspecified,,mid,data_engineering,2026-09-28
5865285482,Senior Data Engineer,GlobalData Plc,Bengaluru,,senior,data_engineering,2026-09-02
5864429591,Senior Data Engineer,Mastech,Chennai,,senior,data_engineering,2026-09-01
5865295416,GCP Data Engineering,Tata Consultancy Services,Bengaluru,,mid,data_engineering,2026-09-02
5899510259,AWS Data Engineer,Tata Consultancy Services,Unspecified,,mid,data_engineering,2026-09-26
5880951688,Azure Data engineer,Persistent Systems,Unspecified,,mid,data_engineering,2026-09-12
5899510962,Senior Data Engineer,Tata Consultancy Services,Unspecified,,senior,data_engineering,2026-09-26
5898126661,ETL Data Engineer,Zone IT Solutions,Bengaluru,,mid,data_engineering,2026-09-25
5901132887,Data Engineer 2,Styli,Bengaluru,,mid,data_engineering,2026-09-28
5867270204,Senior Data Engineer,Bachatt,Unspecified,,senior,data_engineering,2026-09-02
5864434388,Azure Data Engineer,Tata Consultancy Services,Unspecified,,mid,data_engineering,2026-09-01
5880950451,Senior Data Engineer,R Systems,Delhi NCR,,senior,data_engineering,2026-09-12
5895030966,Azure data engineer,Tata Consultancy Services,Unspecified,,mid,data_engineering,2026-09-23
5886486778,Lead Data Engineer,Thermo Fisher Scientific,Bengaluru,,senior,data_engineering,2026-09-16
5898126263,Senior Data Engineer,Tata Consultancy Services,Unspecified,,senior,data_engineering,2026-09-25
5893922623,AWS Data Engineer,Tata Consultancy Services,Mumbai,,mid,data_engineering,2026-09-22
5900876095,Senior Data Engineer,RapidBrains,Bengaluru,,senior,data_engineering,2026-09-28
5871991418,Senior Data Engineer,DataWeave,Coimbatore,,senior,data_engineering,2026-09-05
5897294389,Informatica Data Engineer,Diligente Technologies,Unspecified,,mid,data_engineering,2026-09-25
5889220240,Senior Data Engineer,Cloudwick,Bengaluru,,senior,data_engineering,2026-09-18
5898127205,AWS Data engineer,Tata Consultancy Services,Hyderabad,,mid,data_engineering,2026-09-25
5870526740,Azure Data Engineer,Persistent Systems,Unspecified,,mid,data_engineering,2026-09-04
5870527413,Azure Data Engineer,Persistent Systems,Unspecified,,mid,data_engineering,2026-09-04
5895031493,Senior Data Engineer,Artech L.L.C.,Bengaluru,,senior,data_engineering,2026-09-23
5867727397,Lead - Data Engineering,Kyndryl,Mumbai,,senior,data_engineering,2026-09-03
5867265088,Senior Data Engineer,Kitopi,Unspecified,,senior,data_engineering,2026-09-02
5871992629,AWS Data Engineer,Tata Consultancy Services,Unspecified,,mid,data_engineering,2026-09-05
5873074744,AWS Data Engineer,Tata Consultancy Services,Bengaluru,,mid,data_engineering,2026-09-06
5895240348,Senior Data Engineer,Artech L.L.C.,Bengaluru,,senior,data_engineering,2026-09-23
5886487287,Consultant-Data Engineer,Allianz Commercial,Thiruvananthapuram,,mid,data_engineering,2026-09-16
5871991383,Azure Data Engineer,Tata Consultancy Services,Unspecified,,mid,data_engineering,2026-09-05
5891356723,AWS Data Engineer,Objectways,Bengaluru,,mid,data_engineering,2026-09-20
5868790537,GCP Data Engineer,Tata Consultancy Services,Bengaluru,,mid,data_engineering,2026-09-03
5890717276,Lead - Data Engineering,Kyndryl,Bengaluru,,senior,data_engineering,2026-09-19
5867037520,Lead Data Engineer,Chargebee,Chennai,,senior,data_engineering,2026-09-02
5879663756,Sr. Data Engineer,AMISEQ,Bengaluru,,senior,data_engineering,2026-09-11
5896962253,Manager Data Engineering,Warner Bros. Discovery,Hyderabad,,senior,data_engineering,2026-09-24
5870527374,Senior Data Engineer,"Neutrino Advisory, an Inc 5000 Company",Unspecified,,senior,data_engineering,2026-09-04
5867038139,SDR - Data Engineer,Tata Consultancy Services,Unspecified,,mid,data_engineering,2026-09-02
5879667242,Senior Data Engineer,Redica Systems,Unspecified,,senior,data_engineering,2026-09-11
5900875302,AWS Data Engineer,Tata Consultancy Services,Hyderabad,,mid,data_engineering,2026-09-28
5880953309,Senior Data Engineer,Evernorth Health Services,Hyderabad,,senior,data_engineering,2026-09-12
5882598175,Senior Data Engineer,Kamakhya Analytics Private Limited,Bengaluru,,senior,data_engineering,2026-09-13
5879668018,GCP Data Engineer,Tata Consultancy Services,Unspecified,,mid,data_engineering,2026-09-11
5889221031,GCP Data Engineer,Tata Consultancy Services,Chennai,,mid,data_engineering,2026-09-18
5893961257,"Specialist, Data Engineering",MSD,Hyderabad,,mid,data_engineering,2026-09-22
5870528045,Azure Data Engineer,Tata Consultancy Services,Chennai,,mid,data_engineering,2026-09-04
5868789187,Senior Data Engineer,Equal Experts,Bengaluru,,senior,data_engineering,2026-09-03
5879663975,Senior Data Engineer,Satwic Inc,Unspecified,,senior,data_engineering,2026-09-11
5894978833,Specialist Data Engineer,MSD,Hyderabad,,mid,data_engineering,2026-09-23
5897294460,Lead Data Engineer,NationsBenefits India,Hyderabad,,senior,data_engineering,2026-09-25
5898126931,Senior Data Engineer,meanSquare.ai,Hyderabad,,senior,data_engineering,2026-09-25
5898127555,GCP Data Engineer,Artech L.L.C.,Bengaluru,,mid,data_engineering,2026-09-25
5855007047,Data Engineer Lead,Kyndryl,Bengaluru,,senior,data_engineering,2026-08-25
5871993019,GCP Data Engineer,Persistent Systems,Hyderabad,,mid,data_engineering,2026-09-05
5879671119,Senior Data Engineer,Tanla Platforms Limited,Hyderabad,,senior,data_engineering,2026-09-11
5898126830,Senior Data Engineer,Artech L.L.C.,Unspecified,,senior,data_engineering,2026-09-25
5864438685,Sr. Data Engineer,Insight Global,Hyderabad,,senior,data_engineering,2026-09-01
5891690133,GCP Data Engineer,HCLTech,Delhi NCR,,mid,data_engineering,2026-09-20
5877450632,Principal Data Engineer,HG Insights,Unspecified,,senior,data_engineering,2026-09-10
5864436781,GCP Data Engineer,HCLTech,Chennai,,mid,data_engineering,2026-09-01
5837139325,Senior Data Engineer,Kyndryl,Delhi NCR,,senior,data_engineering,2026-08-12
5891689154,Data engineer - AWS,Tata Consultancy Services,Unspecified,,mid,data_engineering,2026-09-20
5867036047,Pyspark Data Engineer,Tata Consultancy Services,Bengaluru,,mid,data_engineering,2026-09-02
5898128439,ETL Data Engineer,Zone IT Solutions,Hyderabad,,mid,data_engineering,2026-09-25
5879665555,Data engineer (Geospatial),Geektrust,Bengaluru,,mid,data_engineering,2026-09-11
5900875510,Lead Data Engineer,Visionet Systems Inc.,Bengaluru,,senior,data_engineering,2026-09-28
5900876617,AWS Data Engineer,Bizoforce - The Innovation Platform Accelerating Digital Solutions for Enterprises,Bengaluru,,mid,data_engineering,2026-09-28
5870526787,AWS Data Engineer,Tata Consultancy Services,Bengaluru,,mid,data_engineering,2026-09-04
5898126206,Big Data Engineer,Gintaa,Kolkata,,mid,data_engineering,2026-09-25
5898533175,Principal Data Engineer,Mastercard,Unspecified,,senior,data_engineering,2026-09-25
5879667607,AWS Data Engineer,Tata Consultancy Services,Unspecified,,mid,data_engineering,2026-09-11
5889211740,Data Engineering Fabric,EXL,Unspecified,,mid,data_engineering,2026-09-18
5886096713,Lead Data Engineer,Quant Trading Firm,Mumbai,,senior,data_engineering,2026-09-16
5884586112,Lead Data Engineer,Proprietary Trading Firm,Delhi NCR,,senior,data_engineering,2026-09-15
5886486795,Customer Data Engineer,Thermo Fisher Scientific,Bengaluru,,mid,data_engineering,2026-09-16
5864439264,AWS Data Engineer,Tata Consultancy Services,Bengaluru,,mid,data_engineering,2026-09-01
5896612538,Senior Data Engineer,TechDoQuest,Unspecified,,senior,data_engineering,2026-09-24
5888967508,Architect-Data Engineer,Allianz Commercial,Pune,,senior,data_engineering,2026-09-18
5858537538,Data Engineer III,RX Global,Chennai,,mid,data_engineering,2026-08-27
5864423970,Backend/Data Engineer,BrightEdge,Unspecified,,mid,data_engineering,2026-09-01
5898127743,Senior Data Engineer,Commotion,Unspecified,,senior,data_engineering,2026-09-25
5880951687,GCP Data Engineer,TECEZE,Unspecified,,mid,data_engineering,2026-09-12
5893929746,Lead Data Engineer,Mphasis,Bengaluru,,senior,data_engineering,2026-09-22
5806276961,Data Engineering Manager,Novartis,Unspecified,,senior,data_engineering,2026-07-18
5864425274,Big Data Engineer,Tata Consultancy Services,Chennai,,mid,data_engineering,2026-09-01
5864434199,Senior Data Engineer,Kanerika Inc,Hyderabad,,senior,data_engineering,2026-09-01
5868790278,GCP Data Engineer,Tata Consultancy Services,Chennai,,mid,data_engineering,2026-09-03
5900616302,Azure Data Engineer,Innova ESI,Bengaluru,,mid,data_engineering,2026-09-27
5870527973,Azure Data Engineer,Deloitte,Mumbai,,mid,data_engineering,2026-09-04
5889222207,Senior Data Engineer,Teamware Solutions,Bengaluru,,senior,data_engineering,2026-09-18
5889223228,AWS Data Engineer,Tata Consultancy Services,Unspecified,,mid,data_engineering,2026-09-18
5868790259,Data Engineer - Data build tool,EliteRecruitments,Unspecified,,mid,data_engineering,2026-09-03
5880951721,SAS & Azure Data Engineering,TECEZE,Mumbai,,mid,data_engineering,2026-09-12
5822403362,"Manager, IT - Data Engineering",Kraft Heinz,Bengaluru,,senior,data_engineering,2026-07-31
5869558454,Data Engineering Operations Lead,TransUnion,Unspecified,,senior,data_engineering,2026-09-04
5898128169,GCP Data Engineer – Terraform,Teamware Solutions,Bengaluru,,mid,data_engineering,2026-09-25
5864428932,Azure Data engineer Trainer,Arbor Academy,Unspecified,,mid,data_engineering,2026-09-01
5879671073,Senior Data Engineer (GCP),Quantiphi,Bengaluru,,senior,data_engineering,2026-09-11
5868792316,GCP Data Engineer (Hyderabad),HCLTech,Hyderabad,,mid,data_engineering,2026-09-03
5901134909,"Team Lead, Data Engineer",Affinity Global,Unspecified,,senior,data_engineering,2026-09-28
5875602881,Senior Azure Data Engineer,Tata Consultancy Services,Unspecified,,senior,data_engineering,2026-09-08
5872266129,Technical Architect - Data Engineer,Dentsu Global Services,Unspecified,,senior,data_engineering,2026-09-06
5900876645,GCP Data Engineer - Terraform,Teamware Solutions,Bengaluru,,mid,data_engineering,2026-09-28
5889219615,Senior Data Engineer (Scala),Intellias,Unspecified,,senior,data_engineering,2026-09-18
5891356710,Senior Data Engineer (AWS),Objectways,Bengaluru,,senior,data_engineering,2026-09-20
5880952520,Senior AWS Data Engineer,Tata Consultancy Services,Unspecified,,senior,data_engineering,2026-09-12
5875602779,Senior AWS Data Engineer,Tata Consultancy Services,Unspecified,,senior,data_engineering,2026-09-08
5864428229,SDE 2 - Data Engineering,Licious,Bengaluru,,mid,data_engineering,2026-09-01
5886603688,Data Engineer - Paid Internship,Unloq®,Bengaluru,,junior,data_engineering,2026-09-17
5864432541,Postgres / SQL Data Engineer,GBIT ,Hyderabad,,mid,data_engineering,2026-09-01
5896612724,Data Engineer (3 YOE),Wishlink,Unspecified,,mid,data_engineering,2026-09-24
5891689672,Senior Databricks Data Engineer,Omnicom Global Solutions,Bengaluru,,senior,data_engineering,2026-09-20
5880949798,Senior Azure Data Engineer,Persistent Systems,Unspecified,,senior,data_engineering,2026-09-12
5880952069,Lead Data Engineer - Databricks,Kanerika Inc,Hyderabad,,senior,data_engineering,2026-09-12
5867717199,Lead Engineer - Data Engineering,Pine Labs,Delhi NCR,,senior,data_engineering,2026-09-03
5886096712,Data Engineer I (Remote),Quik Hire Staffing,Unspecified,,mid,data_engineering,2026-09-16
5886486791,Data Engineer _DEPS_ MTCR,Capco,Pune,,mid,data_engineering,2026-09-16
5880953405,SDE-IV _ Data Engineer,InMobi Advertising,Lucknow,,mid,data_engineering,2026-09-12
5870527491,Senior Azure Data Engineer,Persistent Systems,Unspecified,,senior,data_engineering,2026-09-04
5880951682,Senior Azure Data Engineer,Tata Consultancy Services,Unspecified,,senior,data_engineering,2026-09-12
5901137749,AWS Spark Data Engineer,Tata Consultancy Services,Chennai,,mid,data_engineering,2026-09-28
5889219882,Data Engineer [T500-29417],Guidant Global,Hyderabad,,mid,data_engineering,2026-09-18
5867263557,AWS Databricks Data Engineer,Ascendion,Bengaluru,,mid,data_engineering,2026-09-02
5897295836,Sr. Data Engineer(AWS),Trantor,Chandigarh,,senior,data_engineering,2026-09-25
5897295352,Senior GCP Data Engineer,Tata Consultancy Services,Bengaluru,,senior,data_engineering,2026-09-25
5893922637,Senior Integration Data Engineer,Algoworks,Unspecified,,senior,data_engineering,2026-09-22
5893961408,"Senior Specialist, Data Engineering",MSD,Hyderabad,,senior,data_engineering,2026-09-22
5880953373,Senior PySpark Data Engineer,ValueLabs,Chennai,,senior,data_engineering,2026-09-12
5864435042,Sr. Backend/Data Engineer,BrightEdge,Unspecified,,senior,data_engineering,2026-09-01
5890717713,GCP Data Engineer-LBG,Capco,Bengaluru,,mid,data_engineering,2026-09-19
5864439024,Senior AWS Data Engineer,Omnicom Global Solutions,Bengaluru,,senior,data_engineering,2026-09-01
5880950696,Spark/Scala Data Engineer,Tata Consultancy Services,Chennai,,mid,data_engineering,2026-09-12
5882593343,Senior Data Engineer/Lead Data Architect,Tezo,Hyderabad,,senior,data_engineering,2026-09-13
5889219863,Data Engineer | $30-$80/hr,Codefeast,Unspecified,,mid,data_engineering,2026-09-18
5879667715,Azure Fabric & Databricks Data Engineers,GyanSys Inc.,Bengaluru,,mid,data_engineering,2026-09-11
5870528683,Senior Data Engineer | 6 Years,ShimentoX Technologies,Bengaluru,,senior,data_engineering,2026-09-04
5897296396,Tech Lead / Lead Data Engineer,The Ksquare Group,Hyderabad,,senior,data_engineering,2026-09-25
5898127823,GCP Data Engineer (Immediate and Bangalore),Artech L.L.C.,Unspecified,,mid,data_engineering,2026-09-25
5889221163,Senior Data Engineer [T500-29419],Guidant Global,Hyderabad,,senior,data_engineering,2026-09-18
5893007429,Assoc Director- Platform & Data Engineer,Novartis,Unspecified,,senior,data_engineering,2026-09-21
5901137507,Data Engineer / Agentic AI Developer,Adroit India,Bengaluru,,mid,data_science,2026-09-28
5879662973,Principal Data Engineer RWE RWD,Veramed,Unspecified,,senior,data_engineering,2026-09-11
5875419658,Walk in Interview - AWS Data Engineer,Tata Consultancy Services,Bengaluru,,mid,data_engineering,2026-09-08
5897294600,Data Engineer (1-2 Years),Wishlink,Unspecified,,mid,data_engineering,2026-09-25
5837139724,Senior Data Engineering - PSM-Libra,Capco,Bengaluru,,senior,data_engineering,2026-08-12
5871227640,"Technical specialist- Data Engineer (L3)​, AS",Deutsche Bank,Pune,,mid,data_engineering,2026-09-05
5879665050,Senior Data Engineer (Azure Databricks),Andor Tech,Bengaluru,,senior,data_engineering,2026-09-11
5899509959,"Data Engineer – Apache Spark, Iceberg & Kafka",Applicantz,Unspecified,,mid,data_engineering,2026-09-26
5873074121,Senior Data Engineer (Technical Lead) - India,Thakral One,Unspecified,,senior,data_engineering,2026-09-06
5889675319,Senior Data Architect / Lead Data Engineer,Context66,Hyderabad,,senior,data_engineering,2026-09-18
5900875379,Senior Data Engineer – Spark Streaming & Kafka,Kagool,Unspecified,,senior,data_engineering,2026-09-28
5837139502,IT&D Data Engineering Senior Manager,Reckitt,Hyderabad,,senior,data_engineering,2026-08-12
5864434104,Senior Data Engineer (NR-2026-0240),Media.net,Mumbai,,senior,data_engineering,2026-09-01
5895239235,GCP DATAFORM & Data Engineering - Location India,Hexaware Technologies,Bengaluru,,mid,data_engineering,2026-09-23
5873073656,"Big Data Engineers | Spark, Scala & AWS",Coforge,Hyderabad,,mid,data_engineering,2026-09-06
5889220802,Forward Deployed Engineer (FDE) - Data Engineer,Trantor,Chandigarh,,mid,data_engineering,2026-09-18
5888968631,Data Engineer (7.1-9 years),Capco,Bengaluru,,mid,data_engineering,2026-09-18
5882598302,Senior Big Data Engineer (AWS | PySpark | EMR),ITC Infotech,Bengaluru,,senior,data_engineering,2026-09-13
5867038188,Urgent Opening for Big Data Engineer for Bangalore/Chennai,HCLTech,Bengaluru,,mid,data_engineering,2026-09-02
5889682738,Senior Technical Consultant - Client Success (Data Engineer),"o9 Solutions, Inc.",Bengaluru,,senior,data_engineering,2026-09-18
5896612576,Data Lineage Engineer,Tenarai,Bengaluru,,mid,other,2026-09-24
5897295202,Data Pipeline Engineer,Tenarai,Delhi NCR,,mid,other,2026-09-25
5880953813,Data Center Engineer,Infogain,Bengaluru,,mid,other,2026-09-12
5897295949,Data Lineage Engineer,Tenarai,Bengaluru,,mid,other,2026-09-25
5891691504,Data Center Engineer,Autonomai Recruitment,Unspecified,,mid,other,2026-09-20
5879671254,Data Center Engineer,Tenarai,Bengaluru,,mid,other,2026-09-11
5864421868,Data Center Engineer,Graviton Research Capital,Unspecified,,mid,other,2026-09-01
5881763237,Walkin Drive-19 Sep-Chennai -Pyspark Data Engineer,Tata Consultancy Services,Chennai,,mid,data_engineering,2026-09-13
5856130254,"Senior Software Engineer - Data Engineering ( Adtech Team),Bangalore",Warner Bros. Discovery,Bengaluru,,senior,data_engineering,2026-08-26
5879662644,Data Engineer Level 3 - BigQuery/Dataflows [T500-29269],Costco IT,Hyderabad,,mid,data_engineering,2026-09-11
5883562681,Lead Data Engineer_ Exp: 8 Years (Azure Databricks  Datafacotry),Atyeti Inc,Unspecified,,senior,data_engineering,2026-09-14
5898127086,Senior Data Quality Engineer,Yulu,Hyderabad,,senior,other,2026-09-25
5864437539,6  YoE - Data Engineer – Big Data / PySpark - any UST Location - Immediate Joiner,UST,Bengaluru,,mid,data_engineering,2026-09-01
5886097874,Cisco Data Network Engineer,Tata Consultancy Services,Chennai,,mid,other,2026-09-16
5878335627,Senior Data Platform Engineer,Deutsche Bank,Pune,,senior,other,2026-09-10
5879657363,Data Engineer | GCP | Big Data | 6 Yrs | Immediate Joiners | Any UST Location,UST,Bengaluru,,mid,data_engineering,2026-09-11
5898129703,GCP Data Engineer-F2F Interview-Immediate joiners-Bangalore/Chennai/Noida,Maneva Consulting Pvt. Ltd.,Bengaluru,,mid,data_engineering,2026-09-25
5846723063,"Lead Software Engineer I (Data Engineer, ADF, SQL, Python, ETL, Datawarehouse)",Danaher,Bengaluru,,senior,data_engineering,2026-08-18
5864439062,Azure Data Engineer | 6 Yrs | Any UST India Location | Immediate Joiner,UST,Bengaluru,,mid,data_engineering,2026-09-01
5889222029,Data Centre Engineering Design Expert,Tata Consulting Engineers,Mumbai,,mid,other,2026-09-18
5850906545,Lead Engineer - Data,Kyndryl,Bengaluru,,senior,other,2026-08-21
5850907308,Development Engineer - Data,Kyndryl,Bengaluru,,mid,other,2026-08-21
5855007011,Platform Engineer - Data,Kyndryl,Bengaluru,,mid,other,2026-08-25
5880953310,Tcs Hiring| Spark Scala Data Engineer | 4-15 Years | Chennai | F2F Int,Tata Consultancy Services,Chennai,,mid,data_engineering,2026-09-12
5887706968,"Distinguished Engineer, Data Platforms",S&P Global,Hyderabad,,mid,other,2026-09-17
5896250489,Freelance Opportunity – GCP Dataplex & Data Governance Engineer,IndiTech Consulting,Unspecified,,mid,other,2026-09-24
5846723064,Data and Reporting Engineer (Operations Analytics),Danaher,Bengaluru,,mid,analyst,2026-08-18
5879659353,Build & Deploy Engineer - Data Centre,Tenarai,Bengaluru,,mid,other,2026-09-11
5889679368,Mechanical Commissioning Engineer– Data Center,Avensys Consulting,Mumbai,,mid,other,2026-09-18
5893961343,Electrical Design Engineer - Data Centre,ARUP,Mumbai,,mid,other,2026-09-22
5900230878,Cybersecurity Engineering - Data Protection Lead,Kyndryl,Bengaluru,,senior,other,2026-09-27
5884158084,Data and Event Streaming Engineer,Tecnicas Reunidas,Bengaluru,,mid,other,2026-09-15
5837139380,"Director, Software Engineering - Data Platform, Hyderabad",Warner Bros. Discovery,Hyderabad,,senior,other,2026-08-12
5857251132,"Sr MTS Software Engineer, Data Platforms",eBay,Bengaluru,,senior,other,2026-08-27
5857251152,"MTS 2, Software Engineer, Data Platforms",eBay,Bengaluru,,mid,other,2026-08-27
5876872605,TCS IS HIRING FOR Cisco Data Network Engineer/SME/Architect with specialization in Network Tools,Tata Consultancy Services,Chennai,,senior,other,2026-09-09
5837139377,"Staff Software Engineer - Data Platform Team, Hyderabad",Warner Bros. Discovery,Hyderabad,,mid,other,2026-08-12
5846723590,"Sr. Staff Software Development Engineer, Data Collection",Morningstar,Mumbai,,senior,other,2026-08-18
5881761845,Maintenance Engineer – Master Data Specialist,Tata Consultancy Services,Unspecified,,mid,other,2026-09-13
5899511042,Data Center & Network Infrastructure Engineer,Alkem Laboratories Ltd.,Mumbai,,mid,other,2026-09-26
5889219854,Engineer - IT Data [T500-29412],ANSR,Hyderabad,,mid,other,2026-09-18
5898535075,Network Cloud & Data Center Design Engineer [T500-27704],ADM,Bengaluru,,mid,other,2026-09-25
5898127090,Senior Technical Lead,HCLTech,Bengaluru,,senior,other,2026-09-25
5898127924,Senior Technical Lead,HCLTech,Chennai,,senior,other,2026-09-25
5864425050,Data Center AutoCAD Design Engineer (Remote),Astreya,Hyderabad,,mid,other,2026-09-01
5877451944,Lead Engineer,Tech Mahindra,Bengaluru,,senior,other,2026-09-10
5901136950,"AWS Databrics ,ADF, Pyspark , Python , Terraform",Tata Consultancy Services,Hyderabad,,mid,other,2026-09-28
5898126765,Deployment Engineer,Solvex Solutions,Unspecified,,mid,other,2026-09-25
5886486804,Sr IT Architect,Thermo Fisher Scientific,Bengaluru,,senior,other,2026-09-16
5895240535,Tibco Lead,Mastek,Bengaluru,,senior,other,2026-09-23
5880951894,SAS Developer,TECEZE,Unspecified,,mid,other,2026-09-12
5899510167,Senior Project Manager,NR Consulting,Kolkata,,senior,other,2026-09-26
5886486728,Sr. Engineering Manager,Thermo Fisher Scientific,Bengaluru,,senior,other,2026-09-16
5896612611,Data Modeller,Capgemini Invent,Bengaluru,,mid,other,2026-09-24
